user_id,session_id,device_type,click_events,scroll_events,touch_events,keyboard_events,device_motion,time_on_page,screen_size,browser_info,language,timezone_offset,device_orientation,geolocation_city,transaction_amount,transaction_date,mouse_movement,label,persona
user_178,session_1783,Desktop,2,7,0,15,0.0,112,1920x1080,Safari,en-US,-330,landscape,Mumbai,1216.3,2025-01-07 07:02:45,328,0,normal
user_391,session_3918,Desktop,2,4,0,17,0.0,156,1440x900,Edge,en-IN,-330,landscape,Delhi,1888.12,2025-01-04 23:18:25,305,0,normal
user_22,session_222,Mobile,1,13,2,20,0.35,206,414x896,Safari,en-IN,-330,portrait,Ahmedabad,525.07,2025-03-12 12:55:31,27,0,normal
user_213,session_2136,Desktop,4,6,0,10,0.0,253,1366x768,Chrome,en-IN,-330,landscape,Hyderabad,4111.49,2025-02-07 15:29:41,205,0,normal
user_522,session_5225,Desktop,2,6,0,4,0.0,68,1920x1080,Firefox,hi-IN,-330,landscape,Pune,3579.22,2025-03-07 07:23:47,403,0,normal
user_116,session_1169,Mobile,3,1,0,11,0.76,183,414x896,Chrome,en-IN,-330,landscape,Delhi,4995.91,2025-05-15 23:25:28,76,0,normal
user_87,session_880,Mobile,3,0,7,4,0.68,208,414x896,Firefox,en-IN,-330,portrait,Mumbai,7702.58,2025-01-15 19:06:09,36,0,normal
user_15,session_157,Desktop,1,6,0,22,0.0,213,1440x900,Safari,hi-IN,-330,landscape,Ahmedabad,10441.0,2025-02-08 14:37:54,463,0,normal
user_165,session_1658,Tablet,7,7,0,20,0.05,118,810x1080,Edge,en-IN,-330,landscape,Pune,4474.99,2025-05-10 17:20:14,48,0,normal
user_32,session_324,Desktop,3,2,0,8,0.0,270,1920x1080,Firefox,en-IN,-330,landscape,Pune,5575.41,2025-01-24 12:44:32,130,0,normal
user_530,session_5303,Desktop,2,1,0,17,0.0,34,1920x1080,Firefox,en-US,-330,landscape,Bengaluru,2688.56,2025-02-24 11:24:12,448,0,normal
user_261,session_2612,Mobile,13,12,13,14,0.61,240,414x896,Safari,en-US,-330,landscape,Ahmedabad,2608.33,2025-04-08 22:52:13,75,0,normal
user_81,session_812,Tablet,5,5,6,31,0.56,130,768x1024,Safari,en-IN,-330,portrait,Pune,2474.54,2025-04-27 19:24:10,51,0,normal
user_39,session_394,Desktop,0,8,0,7,0.0,94,1440x900,Edge,en-US,-330,landscape,Hyderabad,5876.76,2025-04-24 23:40:04,110,0,normal
user_359,session_3594,Desktop,3,16,0,11,0.0,136,1366x768,Chrome,en-US,-330,landscape,Hyderabad,761.97,2025-01-05 15:30:16,411,0,normal
user_263,session_2639,Mobile,7,3,4,1,0.49,255,390x844,Firefox,hi-IN,-330,portrait,Chennai,5471.1,2025-03-14 18:33:07,37,0,normal
user_218,session_2188,Desktop,3,8,0,15,0.0,212,1366x768,Edge,hi-IN,-330,landscape,Chennai,2724.99,2025-04-09 18:02:06,307,0,normal
user_535,session_5352,Tablet,11,17,5,10,0.67,189,810x1080,Safari,en-IN,-330,landscape,Kolkata,6497.3,2025-05-17 08:23:39,42,0,normal
user_31,session_320,Desktop,3,2,0,2,0.0,93,1366x768,Safari,en-IN,-330,landscape,Delhi,4772.6,2025-03-04 09:32:29,46,0,normal
user_16,session_168,Mobile,7,5,4,9,0.81,143,360x640,Firefox,en-IN,-330,portrait,Hyderabad,3025.34,2025-03-19 11:34:23,27,0,normal
user_74,session_747,Desktop,7,5,0,9,0.0,140,1366x768,Firefox,en-IN,-330,landscape,Ahmedabad,645.01,2025-05-02 04:55:40,514,0,normal
user_547,session_5471,Desktop,5,4,0,19,0.0,197,1920x1080,Firefox,en-IN,-330,landscape,Ahmedabad,4512.8,2025-05-04 13:28:21,240,0,normal
user_370,session_3708,Desktop,5,12,0,16,0.0,130,1440x900,Firefox,en-IN,-330,landscape,Pune,11729.05,2025-02-16 12:43:52,494,0,normal
user_276,session_2765,Tablet,5,12,4,20,0.0,119,768x1024,Safari,en-IN,-330,portrait,Delhi,3531.12,2025-03-12 11:54:39,20,0,normal
user_511,session_5113,Mobile,8,0,4,20,0.21,203,360x640,Chrome,en-IN,-330,landscape,Pune,3695.56,2025-01-18 07:02:59,51,0,normal
user_400,session_4007,Desktop,1,0,0,4,0.0,51,1366x768,Firefox,en-IN,-330,landscape,Hyderabad,4131.62,2025-01-02 21:13:10,249,0,normal
user_187,session_1872,Desktop,4,4,0,0,0.0,36,1920x1080,Safari,en-IN,-330,landscape,Kolkata,2078.93,2025-01-24 23:45:14,131,0,normal
user_575,session_5757,Mobile,4,7,7,22,0.93,81,360x640,Edge,en-IN,-330,portrait,Chennai,2718.79,2025-02-12 19:04:15,46,0,normal
user_319,session_3194,Desktop,1,7,0,6,0.0,88,1920x1080,Safari,hi-IN,-330,landscape,Kolkata,487.33,2025-04-28 09:42:49,124,0,normal
user_375,session_3755,Desktop,6,3,0,10,0.0,80,1440x900,Firefox,hi-IN,-330,landscape,Pune,4275.22,2025-02-12 08:59:29,281,0,normal
user_562,session_5626,Desktop,6,5,0,0,0.0,208,1366x768,Safari,en-IN,-330,landscape,Kolkata,822.83,2025-01-21 08:14:11,419,0,normal
user_489,session_4895,Desktop,6,9,0,0,0.0,74,1440x900,Firefox,en-IN,-330,landscape,Ahmedabad,820.86,2025-05-15 18:51:56,167,0,normal
user_410,session_4103,Mobile,0,2,8,14,0.4,92,414x896,Edge,en-IN,-330,portrait,Hyderabad,5903.31,2025-05-08 17:24:52,27,0,normal
user_126,session_1262,Desktop,5,4,0,14,0.0,294,1366x768,Chrome,en-IN,-330,landscape,Delhi,547.87,2025-01-01 11:53:57,247,0,normal
user_233,session_2339,Desktop,0,7,0,15,0.0,84,1366x768,Firefox,hi-IN,-330,landscape,Mumbai,3061.32,2025-04-20 18:10:12,423,0,normal
user_8,session_85,Mobile,0,11,5,16,1.31,97,390x844,Firefox,en-US,-330,landscape,Bengaluru,1015.43,2025-02-10 19:54:06,11,0,normal
user_382,session_3822,Desktop,1,7,0,12,0.0,155,1920x1080,Edge,en-IN,-330,landscape,Pune,9081.28,2025-01-23 15:24:47,351,0,normal
user_265,session_2654,Mobile,7,8,11,17,0.59,53,360x640,Firefox,en-IN,-330,landscape,Chennai,348.74,2025-02-17 14:06:46,51,0,normal
user_554,session_5546,Desktop,5,7,0,10,0.0,161,1920x1080,Firefox,en-IN,-330,landscape,Chennai,1609.82,2025-03-18 23:40:40,356,0,normal
user_274,session_2747,Mobile,10,8,11,20,1.06,139,390x844,Safari,en-IN,-330,landscape,Pune,4158.86,2025-02-01 10:40:01,23,0,normal
user_285,session_2859,Mobile,2,10,0,10,0.96,68,390x844,Safari,hi-IN,-330,landscape,Pune,2485.46,2025-04-24 18:21:03,48,0,normal
user_99,session_997,Mobile,4,10,4,18,0.92,169,360x640,Chrome,en-IN,-330,landscape,Pune,462.02,2025-03-04 19:04:06,11,0,normal
user_22,session_229,Mobile,3,5,9,14,0.14,214,414x896,Safari,en-IN,-330,portrait,Ahmedabad,127.12,2025-01-23 15:00:41,28,0,normal
user_326,session_3265,Desktop,2,4,0,17,0.0,209,1440x900,Safari,en-IN,-330,landscape,Bengaluru,1336.13,2025-02-23 07:39:01,75,0,normal
user_482,session_4829,Desktop,0,5,0,23,0.0,70,1920x1080,Firefox,en-US,-330,landscape,Kolkata,2379.0,2025-04-15 23:42:49,126,0,normal
user_394,session_3943,Desktop,10,6,1,0,1.01,236,1440x900,Chrome,en-IN,-330,landscape,Delhi,5107.38,2025-05-24 18:00:56,16,1,account_takeover
user_545,session_5460,Desktop,3,4,0,17,0.0,98,1440x900,Chrome,en-IN,-330,landscape,Bengaluru,1048.33,2025-01-30 10:49:30,381,0,normal
user_383,session_3833,Tablet,10,13,9,25,0.7,106,768x1024,Chrome,en-IN,-330,landscape,Chennai,5778.11,2025-04-02 22:11:23,43,0,normal
user_165,session_1653,Tablet,6,8,1,13,0.35,71,810x1080,Edge,en-IN,-330,portrait,Pune,3706.46,2025-03-15 18:27:41,37,0,normal
user_7,session_80,Desktop,5,3,0,10,0.0,78,1366x768,Edge,en-IN,-330,landscape,Bengaluru,321.95,2025-05-26 14:43:27,289,0,normal
user_96,session_965,Tablet,6,7,7,17,0.54,187,768x1024,Safari,en-US,-330,portrait,Hyderabad,6514.83,2025-05-14 08:39:46,45,0,normal
user_92,session_927,Tablet,5,11,8,21,0.39,111,810x1080,Firefox,en-IN,-330,portrait,Ahmedabad,8294.81,2025-05-10 18:00:59,23,0,normal
user_79,session_795,Desktop,8,2,0,11,0.0,84,1920x1080,Safari,en-IN,-330,landscape,Delhi,4503.04,2025-04-15 07:36:29,142,0,normal
user_337,session_3380,Mobile,7,8,8,17,0.73,217,390x844,Safari,en-IN,-330,landscape,Hyderabad,864.75,2025-01-26 06:44:11,52,0,normal
user_316,session_3165,Desktop,2,7,0,10,0.0,55,1920x1080,Safari,hi-IN,-330,landscape,Bengaluru,4182.94,2025-03-26 14:26:34,163,0,normal
user_465,session_4658,Mobile,10,13,7,21,0.81,98,390x844,Chrome,en-IN,-330,portrait,Bengaluru,5375.14,2025-03-21 11:32:46,62,0,normal
user_331,session_3312,Mobile,0,0,4,16,0.78,332,414x896,Firefox,en-IN,-330,landscape,Pune,3261.44,2025-05-25 20:44:42,38,0,normal
user_393,session_3935,Mobile,5,7,5,9,0.78,170,390x844,Edge,en-IN,-330,portrait,Mumbai,4108.42,2025-03-27 11:35:22,29,0,normal
user_107,session_1075,Mobile,8,10,0,11,0.71,144,390x844,Chrome,en-IN,-330,landscape,Kolkata,3242.31,2025-02-18 11:56:45,64,0,normal
user_484,session_4841,Mobile,3,3,5,13,0.15,94,360x640,Firefox,en-US,-330,landscape,Bengaluru,1230.77,2025-01-05 12:30:22,33,0,normal
user_418,session_4184,Tablet,5,9,13,16,0.27,15,768x1024,Chrome,en-IN,-330,landscape,Kolkata,5447.31,2025-03-13 13:42:13,40,0,normal
user_202,session_2025,Desktop,0,2,0,13,0.0,173,1440x900,Chrome,en-IN,-330,landscape,Ahmedabad,7219.51,2025-01-03 12:59:56,158,0,normal
user_567,session_5678,Desktop,5,8,0,11,0.0,89,1920x1080,Safari,en-IN,-330,landscape,Ahmedabad,5833.19,2025-05-25 13:29:58,13,0,normal
user_463,session_4635,Desktop,6,8,0,22,0.0,185,1920x1080,Safari,en-US,-330,landscape,Ahmedabad,5473.46,2025-05-27 11:46:07,11,0,normal
user_174,session_1746,Desktop,8,3,0,12,0.0,88,1920x1080,Chrome,en-US,-330,landscape,Mumbai,4437.1,2025-04-17 23:46:20,215,0,normal
user_314,session_3144,Mobile,6,3,7,6,0.0,58,414x896,Firefox,hi-IN,-330,portrait,Ahmedabad,5077.82,2025-01-21 17:52:38,27,0,normal
user_326,session_3264,Desktop,0,0,0,5,0.0,129,1440x900,Safari,en-IN,-330,landscape,Bengaluru,4900.37,2025-04-27 09:36:39,181,0,normal
user_312,session_3122,Desktop,9,6,0,11,0.0,247,1920x1080,Firefox,en-IN,-330,landscape,Hyderabad,1043.64,2025-04-04 11:55:08,401,0,normal
user_145,session_1452,Desktop,8,6,0,12,0.0,119,1366x768,Chrome,en-IN,-330,landscape,Chennai,4576.31,2025-03-30 19:30:28,469,0,normal
user_43,session_440,Desktop,5,6,0,10,0.0,128,1366x768,Safari,en-IN,-330,landscape,Delhi,3779.55,2025-04-26 13:15:47,94,0,normal
user_331,session_3317,Mobile,6,0,5,16,0.4,255,414x896,Firefox,en-IN,-330,landscape,Pune,1230.57,2025-04-28 12:08:35,39,0,normal
user_454,session_4544,Mobile,1,3,2,17,0.55,178,360x640,Chrome,hi-IN,-330,portrait,Pune,349.61,2025-03-02 15:31:39,38,0,normal
user_298,session_2982,Mobile,2,6,9,18,0.39,96,390x844,Chrome,en-IN,-330,portrait,Pune,2429.07,2025-01-11 14:14:43,10,0,normal
user_208,session_2081,Desktop,4,5,0,15,0.0,178,1366x768,Safari,en-US,-330,landscape,Mumbai,6077.27,2025-03-05 09:46:26,297,0,normal
user_402,session_4021,Mobile,8,7,4,12,0.37,144,360x640,Safari,en-IN,-330,portrait,Bengaluru,4620.41,2025-04-13 07:07:35,13,0,normal
user_145,session_1455,Desktop,10,8,0,19,0.0,280,1366x768,Chrome,en-IN,-330,landscape,Chennai,9479.29,2025-05-08 22:55:40,654,0,normal
user_25,session_255,Desktop,3,6,0,24,0.0,183,1366x768,Chrome,en-IN,-330,landscape,Kolkata,1599.27,2025-01-06 14:36:58,533,0,normal
user_46,session_466,Mobile,3,0,9,16,0.0,142,414x896,Edge,en-IN,-330,landscape,Pune,1377.81,2025-01-24 15:28:19,39,0,normal
user_211,session_2118,Desktop,2,7,0,12,0.0,50,1920x1080,Chrome,hi-IN,-330,landscape,Pune,3676.24,2025-03-06 10:50:43,478,0,normal
user_50,session_507,Mobile,7,4,0,4,0.0,72,360x640,Edge,en-IN,-330,landscape,Pune,1593.75,2025-04-28 17:38:39,40,0,normal
user_427,session_4272,Mobile,1,12,3,18,0.98,100,390x844,Firefox,en-IN,-330,landscape,Kolkata,1022.27,2025-03-02 14:45:50,60,0,normal
user_428,session_4289,Mobile,8,9,6,8,0.87,210,360x640,Safari,en-IN,-330,portrait,Pune,5307.0,2025-05-14 15:21:07,30,0,normal
user_421,session_4214,Desktop,5,9,0,34,0.0,65,1440x900,Safari,en-IN,-330,landscape,Hyderabad,1150.97,2025-05-15 23:14:02,470,0,normal
user_23,session_234,Mobile,4,7,1,23,1.22,182,414x896,Chrome,en-IN,-330,portrait,Ahmedabad,5083.64,2025-03-30 12:00:08,28,0,normal
user_55,session_554,Desktop,3,9,0,10,0.0,76,1366x768,Chrome,hi-IN,-330,landscape,Kolkata,719.87,2025-03-24 23:35:09,437,0,normal
user_531,session_5315,Desktop,10,11,0,19,0.0,153,1366x768,Chrome,hi-IN,-330,landscape,Mumbai,6613.25,2025-01-07 16:53:54,265,0,normal
user_54,session_545,Desktop,2,10,0,18,0.0,176,1920x1080,Firefox,en-IN,-330,landscape,Chennai,9319.5,2025-03-10 16:01:50,492,0,normal
user_370,session_3701,Desktop,5,16,0,13,0.0,74,1440x900,Firefox,en-IN,-330,landscape,Pune,11591.38,2025-02-12 11:17:33,368,0,normal
user_354,session_3541,Mobile,2,12,5,3,0.44,269,360x640,Safari,en-IN,-330,landscape,Pune,4645.16,2025-01-22 16:14:20,14,0,normal
user_278,session_2789,Desktop,7,11,0,15,0.0,183,1920x1080,Safari,en-IN,-330,landscape,Ahmedabad,973.51,2025-03-24 10:14:30,261,0,normal
user_286,session_2865,Desktop,6,1,0,3,0.0,101,1440x900,Firefox,hi-IN,-330,landscape,Mumbai,5827.04,2025-05-19 23:42:30,247,0,normal
user_208,session_2084,Desktop,5,7,0,14,0.0,159,1366x768,Safari,en-US,-330,landscape,Mumbai,6454.65,2025-04-18 11:09:29,201,0,normal
user_554,session_5543,Desktop,8,9,0,14,0.0,130,1920x1080,Firefox,en-IN,-330,landscape,Chennai,1452.22,2025-02-23 18:41:07,340,0,normal
user_30,session_309,Desktop,7,9,0,6,0.0,263,1440x900,Firefox,en-US,-330,landscape,Mumbai,10957.5,2025-04-24 09:08:55,384,0,normal
user_71,session_711,Tablet,6,10,6,9,0.81,106,810x1080,Firefox,en-IN,-330,landscape,Bengaluru,6978.9,2025-05-08 12:22:00,33,0,normal
user_410,session_4104,Mobile,1,3,7,25,0.34,76,414x896,Edge,en-IN,-330,portrait,Hyderabad,5222.31,2025-05-22 18:42:10,55,0,normal
user_158,session_1581,Desktop,8,11,0,15,0.0,198,1366x768,Firefox,en-IN,-330,landscape,Ahmedabad,4562.4,2025-02-16 19:23:56,291,0,normal
user_131,session_1311,Mobile,4,7,1,18,0.71,131,360x640,Edge,en-IN,-330,portrait,Ahmedabad,1722.03,2025-03-11 12:48:21,75,0,normal
user_62,session_626,Desktop,5,5,0,14,0.0,40,1440x900,Edge,en-US,-330,landscape,Hyderabad,12791.54,2025-04-01 06:05:27,435,0,normal
user_2,session_24,Mobile,6,15,3,5,0.82,183,414x896,Safari,en-IN,-330,portrait,Mumbai,1960.48,2025-01-28 12:43:20,16,0,normal
user_253,session_2532,Tablet,7,6,0,8,0.0,275,768x1024,Edge,en-US,-330,landscape,Kolkata,5290.07,2025-03-26 13:58:28,551,1,account_takeover
user_187,session_1871,Desktop,6,6,0,11,0.0,71,1920x1080,Safari,en-IN,-330,landscape,Kolkata,2602.9,2025-03-15 19:53:45,372,0,normal
user_511,session_5111,Mobile,4,6,1,10,0.73,153,360x640,Chrome,en-IN,-330,portrait,Pune,11915.58,2025-03-07 07:18:58,59,0,normal
user_348,session_3489,Desktop,3,16,0,16,0.0,58,1920x1080,Chrome,en-IN,-330,landscape,Mumbai,6789.79,2025-02-24 07:08:21,394,0,normal
user_117,session_1171,Desktop,4,1,0,8,0.0,439,1440x900,Firefox,en-IN,-330,landscape,Mumbai,912.96,2025-04-05 09:48:17,397,0,normal
user_474,session_4746,Desktop,3,10,0,17,0.0,160,1920x1080,Firefox,en-US,-330,landscape,Pune,2691.35,2025-01-26 17:16:27,122,0,normal
user_211,session_2119,Desktop,7,7,0,20,0.0,89,1920x1080,Chrome,hi-IN,-330,landscape,Pune,2809.57,2025-04-16 14:10:55,163,0,normal
user_301,session_3019,Desktop,4,9,0,3,0.0,229,1366x768,Chrome,en-IN,-330,landscape,Pune,5157.93,2025-02-07 17:29:34,190,0,normal
user_119,session_1195,Desktop,0,10,0,17,0.0,141,1440x900,Safari,en-IN,-330,landscape,Pune,6380.86,2025-03-12 11:54:26,321,0,normal
user_224,session_2246,Desktop,5,15,0,0,0.0,66,1440x900,Safari,hi-IN,-330,landscape,Pune,1870.61,2025-03-01 14:34:56,356,0,normal
user_287,session_2874,Tablet,6,0,5,10,0.15,229,810x1080,Safari,en-IN,-330,landscape,Delhi,3572.83,2025-01-24 15:12:18,31,0,normal
user_563,session_5640,Desktop,4,7,0,18,0.0,187,1366x768,Edge,en-US,-330,landscape,Ahmedabad,3697.57,2025-02-19 10:53:52,300,0,normal
user_254,session_2550,Desktop,8,9,0,14,0.0,225,1920x1080,Safari,en-IN,-330,landscape,Mumbai,7135.78,2025-01-29 22:14:11,389,0,normal
user_315,session_3155,Desktop,0,5,0,10,0.0,62,1440x900,Edge,hi-IN,-330,landscape,Bengaluru,10817.44,2025-01-20 07:00:05,270,0,normal
user_9,session_94,Desktop,7,7,0,15,0.0,120,1440x900,Safari,en-IN,-330,landscape,Hyderabad,1974.3,2025-02-21 21:00:34,592,0,normal
user_207,session_2078,Desktop,3,8,0,32,0.0,89,1366x768,Edge,en-IN,-330,landscape,Bengaluru,8909.59,2025-01-06 08:56:21,590,0,normal
user_46,session_470,Mobile,9,9,5,22,1.06,339,414x896,Edge,en-IN,-330,landscape,Pune,4418.79,2025-03-11 14:43:52,64,0,normal
user_78,session_788,Mobile,2,9,6,27,0.49,210,414x896,Safari,en-IN,-330,portrait,Mumbai,3465.72,2025-04-18 10:35:39,4,0,normal
user_169,session_1700,Desktop,12,3,0,9,0.0,53,1366x768,Safari,en-IN,-330,landscape,Mumbai,1555.93,2025-04-06 11:23:48,396,0,normal
user_183,session_1838,Desktop,8,4,0,17,0.0,257,1920x1080,Edge,en-US,-330,landscape,Chennai,968.03,2025-01-01 18:40:59,438,0,normal
user_306,session_3064,Desktop,5,6,0,4,0.0,108,1440x900,Chrome,en-IN,-330,landscape,Pune,600.06,2025-04-16 15:22:28,429,0,normal
user_170,session_1707,Mobile,7,0,0,14,0.96,291,414x896,Chrome,en-IN,-330,landscape,Chennai,1502.12,2025-04-15 19:46:58,25,0,normal
user_396,session_3968,Desktop,5,6,0,15,0.0,78,1920x1080,Firefox,en-IN,-330,landscape,Pune,599.28,2025-04-02 16:09:54,218,0,normal
user_386,session_3863,Mobile,3,7,5,11,1.26,154,390x844,Safari,en-IN,-330,landscape,Pune,5693.73,2025-05-17 12:07:11,28,0,normal
user_366,session_3665,Mobile,5,10,1,13,0.77,84,390x844,Edge,en-IN,-330,portrait,Chennai,4287.63,2025-04-25 07:18:40,46,0,normal
user_589,session_5892,Mobile,5,7,0,11,0.73,138,360x640,Firefox,en-IN,-330,portrait,Chennai,2281.78,2025-04-15 18:47:49,29,0,normal
user_320,session_3205,Desktop,3,9,0,17,0.0,100,1440x900,Chrome,en-IN,-330,landscape,Chennai,2104.25,2025-04-19 08:00:47,418,0,normal
user_60,session_605,Mobile,4,4,4,10,0.0,45,360x640,Chrome,en-IN,-330,landscape,Mumbai,7248.94,2025-04-10 21:44:15,14,0,normal
user_494,session_4943,Mobile,5,4,8,15,0.81,118,390x844,Edge,en-IN,-330,landscape,Hyderabad,292.23,2025-01-25 07:07:09,36,0,normal
user_155,session_1551,Mobile,8,7,5,0,0.33,127,390x844,Firefox,en-IN,-330,landscape,Chennai,10604.35,2025-05-25 16:54:04,58,0,normal
user_470,session_4709,Desktop,3,1,0,14,0.0,80,1440x900,Firefox,en-IN,-330,landscape,Pune,2006.81,2025-03-13 10:23:41,199,0,normal
user_483,session_4835,Desktop,12,13,0,11,0.0,75,1366x768,Firefox,hi-IN,-330,landscape,Delhi,5887.94,2025-03-30 10:16:03,360,0,normal
user_318,session_3186,Tablet,4,4,12,17,1.1,94,810x1080,Safari,en-IN,-330,portrait,Hyderabad,6131.21,2025-05-21 19:38:33,34,0,normal
user_438,session_4387,Desktop,9,7,0,3,0.0,106,1920x1080,Edge,en-IN,-330,landscape,Kolkata,2721.36,2025-02-16 13:08:38,332,0,normal
user_158,session_1587,Desktop,9,11,0,12,0.0,143,1366x768,Firefox,en-IN,-330,landscape,Ahmedabad,7978.57,2025-03-17 12:45:18,333,0,normal
user_311,session_3120,Desktop,7,9,0,24,0.0,92,1440x900,Safari,en-IN,-330,landscape,Delhi,3429.12,2025-03-11 11:27:40,422,0,normal
user_339,session_3400,Desktop,10,0,0,7,0.0,156,1366x768,Chrome,en-US,-330,landscape,Kolkata,1348.48,2025-01-28 15:42:25,50,0,normal
user_40,session_402,Desktop,1,0,0,0,0.0,16,1920x1080,Edge,en-IN,-330,landscape,Ahmedabad,5000.0,2025-01-17 08:27:51,356,1,copy_paste_drain
user_3,session_32,Desktop,1,7,3,7,0.93,244,1366x768,Safari,hi-IN,-330,portrait,Delhi,1836.37,2025-03-30 19:42:46,60,1,account_takeover
user_148,session_1484,Desktop,10,10,0,34,0.0,78,1440x900,Chrome,hi-IN,-330,landscape,Mumbai,5229.04,2025-05-14 10:00:34,271,0,normal
user_268,session_2681,Desktop,5,11,0,20,0.0,206,1440x900,Edge,en-US,-330,landscape,Mumbai,3874.24,2025-05-13 15:00:02,207,0,normal
user_59,session_600,Desktop,3,5,0,11,0.0,163,1366x768,Firefox,en-US,-330,landscape,Ahmedabad,6673.01,2025-05-21 14:09:00,190,0,normal
user_314,session_3150,Mobile,5,4,0,0,0.64,124,414x896,Firefox,hi-IN,-330,portrait,Ahmedabad,5178.61,2025-02-12 22:31:04,51,0,normal
user_554,session_5545,Desktop,1,7,0,5,0.0,146,1920x1080,Firefox,en-IN,-330,landscape,Chennai,2636.68,2025-01-06 17:26:54,153,0,normal
user_186,session_1861,Desktop,10,18,0,9,0.0,171,1920x1080,Edge,en-US,-330,landscape,Bengaluru,5822.62,2025-03-13 13:19:12,314,0,normal
user_56,session_566,Mobile,2,7,4,30,0.55,113,390x844,Safari,en-US,-330,landscape,Delhi,3084.29,2025-01-01 14:48:24,13,0,normal
user_221,session_2214,Desktop,2,6,0,2,0.0,103,1366x768,Firefox,hi-IN,-330,landscape,Ahmedabad,2105.4,2025-03-16 05:25:45,266,0,normal
user_196,session_1967,Desktop,11,12,0,19,0.0,44,1440x900,Safari,en-IN,-330,landscape,Ahmedabad,3522.29,2025-03-09 11:01:16,376,0,normal
user_86,session_866,Desktop,9,6,0,16,0.0,100,1920x1080,Chrome,en-IN,-330,landscape,Pune,7860.61,2025-03-18 23:10:15,252,0,normal
user_460,session_4608,Mobile,6,7,5,15,0.17,81,390x844,Edge,en-IN,-330,landscape,Ahmedabad,3489.65,2025-03-26 22:40:14,37,0,normal
user_245,session_2451,Desktop,0,11,0,6,0.0,22,1920x1080,Chrome,en-IN,-330,landscape,Pune,6069.99,2025-05-22 17:33:33,65,0,normal
user_569,session_5693,Desktop,7,13,0,23,0.0,146,1920x1080,Firefox,en-IN,-330,landscape,Ahmedabad,564.48,2025-04-09 13:31:22,478,0,normal
user_81,session_813,Tablet,6,12,6,14,0.54,244,768x1024,Safari,en-IN,-330,landscape,Pune,4175.68,2025-03-08 19:49:49,20,0,normal
user_147,session_1478,Mobile,7,8,3,12,0.14,161,390x844,Safari,en-IN,-330,portrait,Kolkata,5305.76,2025-01-17 15:43:50,27,0,normal
user_473,session_4735,Tablet,8,7,3,17,0.44,179,810x1080,Firefox,en-IN,-330,landscape,Bengaluru,854.41,2025-02-16 10:34:33,25,0,normal
user_227,session_2272,Desktop,4,7,0,17,0.0,204,1440x900,Safari,en-IN,-330,landscape,Ahmedabad,627.13,2025-04-04 13:58:53,311,0,normal
user_103,session_1039,Desktop,4,6,0,18,0.0,120,1920x1080,Chrome,hi-IN,-330,landscape,Kolkata,2852.4,2025-03-31 15:55:43,198,0,normal
user_452,session_4527,Desktop,4,6,0,18,0.0,263,1440x900,Chrome,hi-IN,-330,landscape,Pune,2140.24,2025-04-28 09:59:18,178,0,normal
user_8,session_81,Mobile,4,0,5,18,0.77,177,390x844,Firefox,en-US,-330,landscape,Bengaluru,1132.98,2025-03-07 20:43:30,51,0,normal
user_120,session_1205,Desktop,4,10,0,16,0.0,79,1920x1080,Edge,en-IN,-330,landscape,Ahmedabad,10232.16,2025-04-11 20:24:47,428,0,normal
user_328,session_3286,Tablet,4,2,5,10,0.63,50,768x1024,Edge,en-IN,-330,landscape,Pune,667.29,2025-04-19 14:14:31,74,0,normal
user_154,session_1546,Desktop,11,9,0,7,0.0,53,1366x768,Chrome,en-IN,-330,landscape,Pune,3591.72,2025-03-24 20:30:50,284,0,normal
user_17,session_178,Desktop,12,9,0,17,0.0,67,1366x768,Firefox,en-IN,-330,landscape,Bengaluru,7369.09,2025-05-25 14:03:42,508,0,normal
user_258,session_2586,Desktop,3,8,0,24,0.0,73,1920x1080,Edge,en-IN,-330,landscape,Ahmedabad,1174.92,2025-03-17 15:16:02,235,0,normal
user_599,session_5993,Tablet,0,2,6,19,1.03,119,810x1080,Edge,en-IN,-330,portrait,Kolkata,1759.87,2025-02-25 04:09:22,42,0,normal
user_486,session_4864,Desktop,8,14,0,23,0.0,52,1366x768,Edge,hi-IN,-330,landscape,Ahmedabad,3895.47,2025-01-15 08:26:36,295,0,normal
user_143,session_1439,Desktop,7,8,0,7,0.0,109,1440x900,Edge,en-IN,-330,landscape,Bengaluru,3180.28,2025-02-20 04:39:49,393,0,normal
user_29,session_297,Desktop,9,13,0,14,0.0,68,1920x1080,Chrome,en-IN,-330,landscape,Ahmedabad,1432.79,2025-03-29 08:27:01,234,0,normal
user_361,session_3616,Mobile,8,11,6,0,0.88,66,360x640,Chrome,en-IN,-330,landscape,Mumbai,1434.51,2025-01-30 18:51:04,22,0,normal
user_364,session_3648,Desktop,8,4,0,19,0.0,124,1366x768,Safari,en-IN,-330,landscape,Bengaluru,2636.08,2025-05-01 19:14:10,409,0,normal
user_15,session_158,Desktop,3,6,0,13,0.0,211,1440x900,Safari,hi-IN,-330,landscape,Ahmedabad,9100.45,2025-05-10 15:10:49,287,0,normal
user_102,session_1028,Desktop,5,9,0,16,0.0,172,1366x768,Safari,en-US,-330,landscape,Chennai,3364.68,2025-02-25 23:45:02,389,0,normal
user_41,session_411,Desktop,10,2,0,15,0.0,34,1920x1080,Safari,en-IN,-330,landscape,Mumbai,745.99,2025-04-19 18:20:23,265,0,normal
user_395,session_3959,Mobile,7,7,4,12,0.87,171,360x640,Chrome,en-IN,-330,portrait,Ahmedabad,5356.9,2025-02-27 18:34:42,52,0,normal
user_593,session_5938,Desktop,3,5,0,18,0.0,145,1440x900,Safari,en-IN,-330,landscape,Pune,654.07,2025-02-12 19:33:42,111,0,normal
user_495,session_4957,Desktop,5,12,0,16,0.0,172,1440x900,Chrome,en-IN,-330,landscape,Bengaluru,5274.7,2025-02-19 15:30:06,278,0,normal
user_475,session_4757,Desktop,7,11,0,0,0.0,84,1920x1080,Edge,en-US,-330,landscape,Ahmedabad,15103.98,2025-04-20 10:30:36,417,0,normal
user_544,session_5448,Desktop,4,4,0,12,0.0,172,1366x768,Firefox,en-IN,-330,landscape,Delhi,9965.68,2025-01-04 12:15:35,197,0,normal
user_218,session_2182,Desktop,0,6,0,16,0.0,82,1366x768,Edge,hi-IN,-330,landscape,Chennai,3479.7,2025-02-03 15:36:13,0,0,normal
user_580,session_5809,Tablet,5,6,5,16,0.34,82,768x1024,Edge,en-IN,-330,landscape,Hyderabad,6945.35,2025-01-05 19:07:45,28,0,normal
user_81,session_811,Tablet,7,3,2,10,1.39,187,768x1024,Safari,en-IN,-330,landscape,Pune,2171.78,2025-04-10 14:18:44,36,0,normal
user_491,session_4916,Mobile,4,8,8,18,0.98,131,360x640,Safari,en-IN,-330,portrait,Hyderabad,826.76,2025-03-05 20:06:32,57,0,normal
user_495,session_4954,Desktop,7,11,0,16,0.0,143,1440x900,Chrome,en-IN,-330,landscape,Bengaluru,5277.6,2025-04-11 15:53:23,15,0,normal
user_373,session_3734,Mobile,2,8,4,15,0.0,131,360x640,Chrome,en-IN,-330,portrait,Mumbai,7848.7,2025-03-23 20:20:45,0,0,normal
user_516,session_5164,Desktop,9,8,0,9,0.0,78,1920x1080,Safari,en-IN,-330,landscape,Ahmedabad,821.62,2025-02-24 10:13:56,425,0,normal
user_297,session_2978,Mobile,0,7,3,10,0.9,300,414x896,Firefox,en-US,-330,portrait,Pune,4868.09,2025-05-23 10:17:39,24,0,normal
user_379,session_3796,Desktop,9,7,0,8,0.0,163,1920x1080,Chrome,en-US,-330,landscape,Hyderabad,4275.48,2025-01-11 08:13:23,199,0,normal
user_216,session_2169,Desktop,8,13,0,22,0.0,75,1440x900,Safari,hi-IN,-330,landscape,Delhi,2651.45,2025-05-11 09:13:13,340,0,normal
user_307,session_3078,Desktop,7,13,0,23,0.0,230,1440x900,Firefox,en-US,-330,landscape,Bengaluru,4046.21,2025-03-26 15:47:59,352,0,normal
user_169,session_1695,Desktop,9,14,0,17,0.0,256,1366x768,Safari,en-IN,-330,landscape,Mumbai,1256.61,2025-02-11 11:14:04,243,0,normal
user_102,session_1025,Desktop,11,14,0,14,0.0,189,1366x768,Safari,en-US,-330,landscape,Chennai,1822.78,2025-05-07 20:40:47,211,0,normal
user_394,session_3947,Mobile,8,10,0,14,0.42,125,360x640,Firefox,en-IN,-330,landscape,Hyderabad,877.35,2025-04-27 18:49:30,17,0,normal
user_212,session_2125,Mobile,3,14,6,19,0.99,98,414x896,Safari,en-IN,-330,portrait,Bengaluru,5270.21,2025-04-10 09:54:48,47,0,normal
user_529,session_5295,Mobile,1,6,2,9,0.27,17,360x640,Safari,en-IN,-330,landscape,Bengaluru,6858.19,2025-02-01 07:04:21,45,0,normal
user_270,session_2705,Mobile,8,8,10,25,0.57,236,360x640,Chrome,hi-IN,-330,portrait,Delhi,1929.67,2025-04-12 14:26:33,32,0,normal
user_103,session_1034,Desktop,2,12,0,14,0.0,231,1920x1080,Chrome,hi-IN,-330,landscape,Kolkata,2726.77,2025-05-30 16:01:25,205,0,normal
user_587,session_5872,Desktop,9,8,0,18,0.0,79,1440x900,Chrome,en-IN,-330,landscape,Bengaluru,4960.31,2025-05-28 18:56:54,341,0,normal
user_536,session_5365,Mobile,0,16,9,24,0.36,154,360x640,Firefox,en-IN,-330,landscape,Bengaluru,4714.51,2025-05-21 20:02:32,70,0,normal
user_415,session_4160,Desktop,8,0,0,7,0.0,110,1366x768,Edge,en-IN,-330,landscape,Pune,6236.34,2025-01-10 16:53:57,242,0,normal
user_170,session_1701,Mobile,3,0,4,10,0.09,208,414x896,Chrome,en-IN,-330,portrait,Chennai,2715.05,2025-01-10 19:06:06,61,0,normal
user_291,session_2914,Mobile,9,8,4,8,0.0,71,360x640,Chrome,en-IN,-330,landscape,Mumbai,2522.1,2025-03-09 10:31:13,0,0,normal
user_487,session_4879,Desktop,4,17,0,13,0.0,103,1440x900,Chrome,en-IN,-330,landscape,Delhi,4976.98,2025-01-19 15:29:56,399,0,normal
user_332,session_3321,Desktop,6,7,0,0,0.0,152,1366x768,Chrome,en-IN,-330,landscape,Chennai,9557.11,2025-05-02 11:06:30,413,0,normal
user_502,session_5027,Desktop,10,5,0,12,0.0,117,1366x768,Safari,en-IN,-330,landscape,Chennai,1933.41,2025-04-03 07:49:24,395,0,normal
user_258,session_2583,Desktop,5,13,0,19,0.0,82,1920x1080,Edge,en-IN,-330,landscape,Ahmedabad,20.0,2025-05-13 16:39:21,194,0,normal
user_528,session_5284,Tablet,6,10,1,12,1.76,58,768x1024,Chrome,en-IN,-330,portrait,Delhi,485.84,2025-01-12 13:37:09,42,0,normal
user_425,session_4251,Desktop,7,15,0,20,0.0,146,1366x768,Chrome,hi-IN,-330,landscape,Mumbai,9051.96,2025-03-23 13:23:22,410,0,normal
user_118,session_1187,Desktop,4,7,0,20,0.0,42,1920x1080,Chrome,en-IN,-330,landscape,Chennai,4523.55,2025-03-13 08:31:00,445,0,normal
user_373,session_3738,Mobile,10,4,3,7,0.46,14,360x640,Chrome,en-IN,-330,portrait,Mumbai,8733.0,2025-03-04 18:55:11,25,0,normal
user_78,session_784,Mobile,5,9,4,5,0.5,170,414x896,Safari,en-IN,-330,landscape,Mumbai,1776.82,2025-01-12 09:30:48,65,0,normal
user_440,session_4403,Desktop,6,12,0,19,0.0,150,1366x768,Firefox,en-IN,-330,landscape,Kolkata,5806.42,2025-02-01 10:35:53,384,0,normal
user_5,session_51,Desktop,4,3,0,6,0.0,71,1366x768,Chrome,en-IN,-330,landscape,Chennai,1648.89,2025-03-20 11:05:46,289,0,normal
user_71,session_713,Tablet,6,6,1,11,0.07,118,810x1080,Firefox,en-IN,-330,portrait,Bengaluru,10392.73,2025-04-12 11:46:08,21,0,normal
user_230,session_2307,Mobile,7,8,6,28,0.0,308,360x640,Edge,en-IN,-330,portrait,Bengaluru,8855.85,2025-04-22 12:12:05,45,0,normal
user_386,session_3868,Mobile,7,1,3,24,0.56,218,390x844,Safari,en-IN,-330,landscape,Pune,8439.53,2025-03-05 09:16:28,73,0,normal
user_244,session_2447,Desktop,7,5,0,22,0.0,248,1366x768,Firefox,en-IN,-330,landscape,Delhi,8834.07,2025-05-20 06:07:00,202,0,normal
user_224,session_2241,Desktop,9,8,0,10,0.0,77,1440x900,Safari,hi-IN,-330,landscape,Pune,1941.65,2025-02-21 09:06:45,326,0,normal
user_460,session_4604,Mobile,10,15,3,13,1.21,41,390x844,Edge,en-IN,-330,landscape,Ahmedabad,5643.34,2025-03-10 13:36:39,33,0,normal
user_479,session_4791,Desktop,5,5,0,5,0.0,134,1366x768,Safari,en-IN,-330,landscape,Hyderabad,1797.39,2025-03-15 17:24:23,325,0,normal
user_310,session_3104,Desktop,0,2,0,9,0.0,116,1920x1080,Safari,en-IN,-330,landscape,Hyderabad,838.91,2025-05-10 19:49:06,484,0,normal
user_556,session_5567,Mobile,5,10,6,0,0.71,94,414x896,Firefox,en-IN,-330,landscape,Bengaluru,4036.34,2025-05-15 07:29:18,63,0,normal
user_67,session_677,Desktop,9,8,0,10,0.0,246,1920x1080,Firefox,en-US,-330,landscape,Kolkata,2369.8,2025-01-24 11:46:28,284,0,normal
user_555,session_5557,Desktop,7,3,0,15,0.0,108,1920x1080,Safari,en-IN,-330,landscape,Delhi,6392.62,2025-03-21 12:00:18,113,0,normal
user_363,session_3640,Mobile,4,8,8,13,0.0,175,390x844,Edge,en-IN,-330,portrait,Mumbai,6655.35,2025-03-19 07:12:50,42,0,normal
user_269,session_2695,Desktop,5,10,0,10,0.0,287,1440x900,Chrome,en-IN,-330,landscape,Hyderabad,1815.09,2025-02-04 09:30:35,510,0,normal
user_299,session_2996,Mobile,4,2,0,12,1.16,266,414x896,Firefox,en-IN,-330,landscape,Ahmedabad,3653.31,2025-03-19 10:45:16,40,0,normal
user_156,session_1563,Desktop,4,6,0,7,0.0,333,1440x900,Chrome,en-IN,-330,landscape,Ahmedabad,4168.5,2025-05-19 18:16:47,292,0,normal
user_364,session_3650,Desktop,5,11,0,8,0.0,131,1366x768,Safari,en-IN,-330,landscape,Bengaluru,1243.79,2025-05-04 11:42:58,207,0,normal
user_246,session_2466,Desktop,9,5,0,23,0.0,119,1366x768,Edge,en-IN,-330,landscape,Bengaluru,2450.07,2025-04-22 14:01:40,537,0,normal
user_34,session_347,Desktop,12,8,0,18,0.0,95,1440x900,Firefox,hi-IN,-330,landscape,Kolkata,1691.28,2025-01-27 08:22:59,314,0,normal
user_149,session_1497,Desktop,11,7,0,15,0.0,76,1920x1080,Chrome,en-IN,-330,landscape,Bengaluru,4005.36,2025-03-02 18:37:51,367,0,normal
user_234,session_2345,Desktop,6,0,0,10,0.0,236,1920x1080,Edge,en-US,-330,landscape,Delhi,5700.84,2025-03-06 13:45:06,95,0,normal
user_390,session_3906,Mobile,10,3,3,13,0.61,123,360x640,Edge,en-IN,-330,portrait,Bengaluru,3447.91,2025-05-29 08:38:37,53,0,normal
user_365,session_3659,Tablet,2,17,0,5,0.0,108,768x1024,Safari,en-IN,-330,landscape,Hyderabad,1834.58,2025-05-18 16:12:56,177,1,account_takeover
user_62,session_623,Desktop,10,10,0,13,0.0,55,1440x900,Edge,en-US,-330,landscape,Hyderabad,10033.63,2025-05-27 10:13:48,376,0,normal
user_409,session_4097,Desktop,12,5,0,18,0.0,135,1440x900,Safari,en-IN,-330,landscape,Pune,2861.63,2025-05-12 20:21:17,183,0,normal
user_140,session_1401,Mobile,3,12,3,13,1.3,119,360x640,Edge,hi-IN,-330,landscape,Mumbai,1344.99,2025-01-16 20:52:34,47,0,normal
user_329,session_3298,Mobile,20,11,6,21,0.34,216,390x844,Safari,en-IN,-330,portrait,Ahmedabad,1022.18,2025-02-18 12:14:47,55,0,normal
user_398,session_3986,Desktop,8,14,0,17,0.0,8,1920x1080,Safari,en-IN,-330,landscape,Pune,995.33,2025-03-09 15:00:29,539,0,normal
user_518,session_5182,Mobile,6,4,4,17,0.32,197,414x896,Chrome,en-IN,-330,landscape,Mumbai,507.21,2025-05-04 18:18:07,49,0,normal
user_461,session_4618,Desktop,6,14,0,13,0.0,247,1440x900,Edge,en-IN,-330,landscape,Ahmedabad,2151.21,2025-03-20 13:20:10,557,0,normal
user_32,session_325,Mobile,3,6,0,9,0.0,301,390x844,Safari,en-IN,-330,landscape,Hyderabad,17244.18,2025-01-25 20:28:21,381,1,account_takeover
user_299,session_2998,Mobile,3,10,6,22,0.72,242,414x896,Firefox,en-IN,-330,landscape,Ahmedabad,8055.64,2025-01-23 16:23:04,39,0,normal
user_3,session_38,Mobile,9,6,4,11,1.06,188,390x844,Firefox,hi-IN,-330,landscape,Bengaluru,1607.46,2025-04-17 14:14:53,46,0,normal
user_537,session_5375,Desktop,0,6,0,27,0.0,87,1440x900,Edge,en-IN,-330,landscape,Pune,6788.29,2025-03-22 12:43:19,465,0,normal
user_418,session_4185,Tablet,5,13,9,15,0.43,92,768x1024,Chrome,en-IN,-330,landscape,Kolkata,3667.34,2025-05-11 13:48:53,39,0,normal
user_53,session_531,Mobile,2,2,5,8,1.1,132,414x896,Edge,en-IN,-330,portrait,Ahmedabad,7300.48,2025-02-24 18:48:52,81,0,normal
user_264,session_2643,Desktop,7,0,0,22,0.0,139,1920x1080,Firefox,en-IN,-330,landscape,Ahmedabad,2432.43,2025-03-08 19:12:59,141,0,normal
user_368,session_3681,Desktop,5,14,0,12,0.0,130,1440x900,Chrome,en-IN,-330,landscape,Delhi,1086.81,2025-03-13 22:42:16,239,0,normal
user_234,session_2349,Desktop,7,10,0,5,0.0,114,1920x1080,Edge,en-US,-330,landscape,Delhi,3349.49,2025-02-02 13:38:10,155,0,normal
user_278,session_2785,Desktop,2,8,0,12,0.0,245,1920x1080,Safari,en-IN,-330,landscape,Ahmedabad,3249.72,2025-05-12 10:42:45,183,0,normal
user_549,session_5493,Desktop,6,12,0,26,0.0,93,1440x900,Chrome,en-IN,-330,landscape,Pune,4484.09,2025-01-19 10:24:42,311,0,normal
user_222,session_2226,Desktop,5,11,0,23,0.0,225,1920x1080,Chrome,en-IN,-330,landscape,Bengaluru,2796.98,2025-01-10 19:51:52,247,0,normal
user_107,session_1074,Mobile,5,6,5,12,0.0,94,390x844,Chrome,en-IN,-330,portrait,Kolkata,2360.36,2025-02-05 08:58:40,12,0,normal
user_119,session_1198,Desktop,7,4,0,16,0.0,85,1440x900,Safari,en-IN,-330,landscape,Pune,8420.91,2025-03-29 12:01:41,211,0,normal
user_513,session_5139,Desktop,5,14,0,11,0.0,122,1920x1080,Safari,en-US,-330,landscape,Kolkata,2621.65,2025-04-05 20:33:18,227,0,normal
user_26,session_264,Tablet,10,9,3,16,0.13,69,810x1080,Safari,en-IN,-330,portrait,Ahmedabad,233.23,2025-04-03 09:16:24,50,0,normal
user_172,session_1730,Desktop,8,7,0,22,0.0,156,1440x900,Edge,en-IN,-330,landscape,Chennai,917.87,2025-03-26 07:13:21,298,0,normal
user_532,session_5329,Desktop,6,3,0,13,0.0,50,1920x1080,Edge,en-IN,-330,landscape,Chennai,2517.21,2025-02-17 17:14:36,446,0,normal
user_90,session_908,Mobile,6,3,2,6,0.1,102,414x896,Chrome,en-IN,-330,portrait,Bengaluru,794.14,2025-01-12 08:00:59,41,0,normal
user_133,session_1336,Tablet,7,6,7,1,0.66,90,810x1080,Firefox,en-US,-330,portrait,Pune,7264.38,2025-04-10 16:45:24,38,0,normal
user_139,session_1394,Tablet,2,10,5,19,0.57,82,768x1024,Chrome,en-IN,-330,landscape,Hyderabad,2354.58,2025-02-09 22:22:52,59,0,normal
user_96,session_961,Tablet,7,12,3,14,0.38,215,768x1024,Safari,en-US,-330,landscape,Hyderabad,7164.82,2025-04-20 08:54:34,48,0,normal
user_23,session_240,Mobile,6,0,4,10,0.99,151,414x896,Chrome,en-IN,-330,landscape,Ahmedabad,3283.55,2025-04-23 16:44:15,69,0,normal
user_19,session_200,Desktop,0,6,0,10,0.0,77,1920x1080,Chrome,en-IN,-330,landscape,Chennai,5799.46,2025-01-25 17:26:46,332,0,normal
user_241,session_2418,Desktop,9,8,0,6,0.0,59,1440x900,Firefox,en-IN,-330,landscape,Chennai,2987.18,2025-01-04 17:12:27,0,0,normal
user_546,session_5470,Mobile,3,4,4,12,0.88,51,414x896,Edge,en-IN,-330,portrait,Bengaluru,2433.33,2025-01-17 10:13:32,69,0,normal
user_431,session_4311,Desktop,6,9,0,7,0.0,99,1366x768,Safari,en-IN,-330,landscape,Kolkata,7740.55,2025-01-15 14:21:19,275,0,normal
user_471,session_4715,Desktop,8,8,0,13,0.0,47,1440x900,Chrome,en-IN,-330,landscape,Ahmedabad,2009.65,2025-04-02 06:10:23,219,0,normal
user_579,session_5791,Desktop,10,9,0,20,0.0,102,1920x1080,Safari,en-IN,-330,landscape,Pune,2791.79,2025-04-21 10:07:28,453,0,normal
user_32,session_326,Desktop,1,4,0,24,0.0,242,1920x1080,Firefox,en-IN,-330,landscape,Pune,4282.76,2025-04-06 17:18:44,215,0,normal
user_267,session_2678,Mobile,6,9,6,10,0.36,244,390x844,Safari,en-IN,-330,landscape,Delhi,2437.79,2025-02-03 12:22:24,60,0,normal
user_582,session_5824,Desktop,9,8,0,14,0.0,188,1440x900,Firefox,hi-IN,-330,landscape,Delhi,4743.19,2025-05-03 19:54:51,272,0,normal
user_441,session_4419,Mobile,6,8,4,12,0.85,189,360x640,Safari,en-IN,-330,portrait,Ahmedabad,227.74,2025-04-16 18:41:50,19,0,normal
user_10,session_102,Mobile,6,13,7,17,1.29,320,360x640,Firefox,en-IN,-330,landscape,Kolkata,4022.19,2025-03-01 04:35:13,21,0,normal
user_173,session_1738,Mobile,7,8,9,18,0.99,116,360x640,Chrome,en-IN,-330,portrait,Kolkata,10034.96,2025-03-28 20:21:56,24,0,normal
user_526,session_5262,Mobile,7,4,0,7,1.01,121,360x640,Edge,en-IN,-330,portrait,Bengaluru,4070.05,2025-03-23 16:52:40,57,0,normal
user_87,session_878,Mobile,2,5,3,11,1.1,80,414x896,Firefox,en-IN,-330,landscape,Mumbai,11550.77,2025-02-14 19:20:58,60,0,normal
user_589,session_5893,Mobile,7,2,7,3,0.87,110,360x640,Firefox,en-IN,-330,landscape,Chennai,2276.79,2025-05-01 15:53:56,78,0,normal
user_40,session_409,Desktop,4,4,0,15,0.0,159,1920x1080,Edge,en-IN,-330,landscape,Ahmedabad,1811.15,2025-04-12 15:51:07,293,0,normal
user_374,session_3746,Mobile,3,8,7,15,0.81,40,390x844,Firefox,en-IN,-330,landscape,Ahmedabad,5828.98,2025-02-05 19:56:47,60,0,normal
user_124,session_1245,Mobile,2,6,4,7,0.43,288,360x640,Chrome,en-IN,-330,landscape,Mumbai,13156.83,2025-02-14 20:01:54,22,0,normal
user_228,session_2288,Mobile,12,4,2,26,0.65,16,360x640,Chrome,en-IN,-330,landscape,Kolkata,8051.54,2025-04-21 05:08:33,47,0,normal
user_135,session_1355,Mobile,5,15,6,17,0.95,152,414x896,Firefox,en-IN,-330,portrait,Kolkata,4588.08,2025-05-14 12:29:27,53,0,normal
user_285,session_2858,Mobile,0,1,5,3,0.01,98,390x844,Safari,hi-IN,-330,landscape,Pune,2195.78,2025-04-16 18:35:36,34,0,normal
user_89,session_894,Desktop,6,6,0,26,0.0,41,1440x900,Firefox,en-IN,-330,landscape,Chennai,7770.94,2025-05-12 12:49:03,77,0,normal
user_118,session_1182,Desktop,5,6,0,12,0.0,85,1920x1080,Chrome,en-IN,-330,landscape,Chennai,7238.43,2025-02-11 09:24:52,362,0,normal
user_465,session_4656,Mobile,3,5,7,16,0.79,70,390x844,Chrome,en-IN,-330,portrait,Bengaluru,3479.97,2025-03-28 08:39:02,20,0,normal
user_532,session_5323,Desktop,0,3,0,24,0.0,100,1920x1080,Edge,en-IN,-330,landscape,Chennai,7276.88,2025-01-14 19:36:58,353,0,normal
user_369,session_3699,Mobile,7,5,0,14,0.81,187,360x640,Firefox,en-US,-330,landscape,Kolkata,6114.8,2025-02-08 20:03:10,36,0,normal
user_446,session_4467,Desktop,6,13,0,26,0.0,137,1920x1080,Safari,hi-IN,-330,landscape,Bengaluru,3264.64,2025-04-10 07:42:29,330,0,normal
user_432,session_4326,Desktop,8,5,0,21,0.0,122,1366x768,Chrome,en-IN,-330,landscape,Delhi,518.79,2025-04-15 19:44:17,149,0,normal
user_73,session_731,Desktop,4,9,0,14,0.0,108,1920x1080,Firefox,en-IN,-330,landscape,Chennai,3639.58,2025-04-15 15:28:16,297,0,normal
user_103,session_1033,Desktop,6,6,0,13,0.0,319,1920x1080,Chrome,hi-IN,-330,landscape,Kolkata,4913.99,2025-05-11 16:12:56,140,0,normal
user_306,session_3067,Desktop,4,5,0,12,0.0,33,1440x900,Chrome,en-IN,-330,landscape,Pune,8410.3,2025-01-19 12:21:16,126,0,normal
user_565,session_5659,Desktop,2,9,0,9,0.0,133,1440x900,Edge,en-US,-330,landscape,Pune,2441.16,2025-05-19 13:36:57,464,0,normal
user_489,session_4897,Desktop,5,10,0,5,0.0,176,1440x900,Firefox,en-IN,-330,landscape,Ahmedabad,1009.89,2025-05-13 19:17:51,413,0,normal
user_97,session_978,Mobile,3,12,3,18,1.68,50,390x844,Chrome,en-IN,-330,landscape,Mumbai,4753.1,2025-02-07 17:39:47,8,0,normal
user_496,session_4970,Desktop,6,7,0,13,0.0,74,1366x768,Edge,en-IN,-330,landscape,Chennai,5196.69,2025-05-10 14:50:33,439,0,normal
user_262,session_2623,Mobile,5,7,2,16,0.45,189,414x896,Safari,hi-IN,-330,landscape,Delhi,3147.84,2025-01-22 05:24:16,41,0,normal
user_122,session_1226,Desktop,6,8,0,9,0.0,169,1366x768,Chrome,en-IN,-330,landscape,Chennai,8510.21,2025-03-16 11:48:33,410,0,normal
user_120,session_1210,Desktop,6,14,0,11,0.0,80,1920x1080,Edge,en-IN,-330,landscape,Ahmedabad,5942.88,2025-05-26 15:51:26,353,0,normal
user_548,session_5481,Tablet,9,15,6,24,0.7,73,810x1080,Chrome,hi-IN,-330,landscape,Bengaluru,4682.66,2025-04-22 18:23:53,19,0,normal
user_58,session_587,Desktop,7,15,0,26,0.0,81,1366x768,Safari,en-US,-330,landscape,Delhi,6891.21,2025-02-15 12:17:21,439,0,normal
user_545,session_5455,Desktop,4,8,0,13,0.0,178,1440x900,Chrome,en-IN,-330,landscape,Bengaluru,1594.73,2025-05-09 13:14:58,376,0,normal
user_282,session_2821,Desktop,7,0,0,13,0.0,197,1440x900,Chrome,en-IN,-330,landscape,Kolkata,4938.82,2025-01-08 07:45:32,331,0,normal
user_575,session_5756,Mobile,4,12,0,13,1.21,90,360x640,Edge,en-IN,-330,landscape,Chennai,4192.66,2025-05-17 13:15:36,63,0,normal
user_271,session_2719,Mobile,18,8,0,4,0.0,81,360x640,Safari,en-IN,-330,landscape,Hyderabad,3547.14,2025-02-25 12:34:18,429,1,account_takeover
user_562,session_5625,Desktop,3,7,0,12,0.0,136,1366x768,Safari,en-IN,-330,landscape,Kolkata,513.76,2025-03-26 07:04:23,409,0,normal
user_176,session_1761,Desktop,4,13,0,13,0.0,86,1440x900,Safari,en-US,-330,landscape,Hyderabad,1115.87,2025-03-17 20:22:52,242,0,normal
user_304,session_3050,Desktop,9,13,0,22,0.0,280,1440x900,Edge,en-US,-330,landscape,Mumbai,8360.52,2025-02-10 11:29:49,314,0,normal
user_186,session_1870,Desktop,9,3,0,11,0.0,175,1920x1080,Edge,en-US,-330,landscape,Bengaluru,4780.9,2025-05-28 12:57:07,305,0,normal
user_154,session_1545,Desktop,6,0,0,11,0.0,35,1366x768,Chrome,en-IN,-330,landscape,Pune,2268.48,2025-05-09 16:36:16,280,0,normal
user_47,session_473,Desktop,5,10,0,6,0.0,66,1366x768,Firefox,en-IN,-330,landscape,Hyderabad,4296.82,2025-05-17 09:31:55,320,0,normal
user_523,session_5240,Desktop,8,15,0,12,0.0,139,1366x768,Firefox,en-IN,-330,landscape,Pune,7125.38,2025-04-09 17:52:45,531,0,normal
user_115,session_1159,Mobile,3,7,4,2,0.76,186,360x640,Safari,en-IN,-330,landscape,Pune,4061.23,2025-01-17 10:48:18,29,0,normal
user_13,session_133,Desktop,7,17,0,14,0.0,55,1920x1080,Edge,en-IN,-330,landscape,Hyderabad,1028.37,2025-01-25 22:20:01,475,0,normal
user_153,session_1537,Desktop,0,5,0,4,0.0,23,1920x1080,Safari,en-IN,-330,landscape,Hyderabad,8000.0,2025-05-29 04:25:54,211,1,odd_hour_drain
user_248,session_2489,Mobile,10,1,0,15,0.77,120,414x896,Safari,en-US,-330,landscape,Pune,13012.62,2025-01-01 13:41:37,25,0,normal
user_163,session_1633,Tablet,8,4,6,15,0.78,42,810x1080,Firefox,en-IN,-330,landscape,Kolkata,7577.38,2025-01-29 07:48:26,39,0,normal
user_132,session_1322,Desktop,3,12,0,12,0.0,350,1440x900,Firefox,en-US,-330,landscape,Hyderabad,1000.1,2025-03-03 12:01:16,322,0,normal
user_542,session_5428,Desktop,5,6,0,22,0.0,80,1366x768,Firefox,en-IN,-330,landscape,Hyderabad,2957.35,2025-05-29 08:36:07,415,0,normal
user_118,session_1189,Desktop,10,3,0,8,0.0,85,1920x1080,Chrome,en-IN,-330,landscape,Chennai,8206.35,2025-03-26 14:51:13,536,0,normal
user_437,session_4379,Desktop,0,12,0,9,0.0,86,1920x1080,Firefox,en-IN,-330,landscape,Chennai,1927.81,2025-04-29 19:47:48,352,0,normal
user_397,session_3972,Mobile,3,9,4,10,0.51,73,390x844,Safari,en-IN,-330,portrait,Mumbai,2540.99,2025-02-08 11:44:32,0,0,normal
user_481,session_4817,Desktop,6,8,0,15,0.0,147,1920x1080,Firefox,hi-IN,-330,landscape,Hyderabad,501.06,2025-02-19 10:19:13,348,0,normal
user_68,session_682,Mobile,7,10,5,24,1.05,280,360x640,Chrome,en-IN,-330,landscape,Mumbai,630.92,2025-02-17 14:20:03,63,0,normal
user_177,session_1778,Mobile,8,6,4,4,1.11,192,390x844,Edge,en-IN,-330,portrait,Mumbai,211.33,2025-02-08 10:32:55,60,0,normal
user_440,session_4406,Desktop,2,6,0,9,0.0,268,1366x768,Firefox,en-IN,-330,landscape,Kolkata,1990.72,2025-04-05 12:42:01,331,0,normal
user_460,session_4601,Mobile,11,11,4,18,0.3,34,390x844,Edge,en-IN,-330,landscape,Ahmedabad,6861.63,2025-02-01 20:11:57,58,0,normal
user_456,session_4563,Desktop,7,14,0,0,0.0,144,1366x768,Firefox,en-IN,-330,landscape,Pune,5139.16,2025-05-27 09:33:20,272,0,normal
user_290,session_2903,Desktop,9,5,0,17,0.0,35,1440x900,Chrome,en-IN,-330,landscape,Kolkata,7105.96,2025-05-12 18:18:10,264,0,normal
user_568,session_5687,Desktop,3,6,0,8,0.0,143,1366x768,Firefox,en-US,-330,landscape,Ahmedabad,241.61,2025-03-11 12:19:12,146,0,normal
user_355,session_3552,Mobile,8,7,0,14,0.0,82,414x896,Firefox,hi-IN,-330,landscape,Ahmedabad,538.93,2025-04-18 19:59:30,574,1,device_spoof
user_564,session_5643,Desktop,7,13,0,11,0.0,218,1440x900,Chrome,en-IN,-330,landscape,Mumbai,31.77,2025-04-02 14:37:35,230,0,normal
user_137,session_1375,Tablet,7,0,6,20,0.35,64,810x1080,Firefox,en-IN,-330,landscape,Delhi,2502.94,2025-04-23 16:57:07,64,0,normal
user_194,session_1946,Desktop,6,6,0,17,0.0,233,1920x1080,Safari,hi-IN,-330,landscape,Mumbai,5887.04,2025-04-05 12:22:43,380,0,normal
user_16,session_169,Mobile,0,7,4,15,1.36,111,360x640,Firefox,en-IN,-330,landscape,Hyderabad,3255.98,2025-01-10 10:46:04,29,0,normal
user_407,session_4072,Mobile,5,4,10,11,0.03,161,360x640,Edge,en-IN,-330,portrait,Pune,6589.36,2025-02-22 13:22:18,54,0,normal
user_474,session_4748,Desktop,4,0,0,20,0.0,235,1920x1080,Firefox,en-US,-330,landscape,Pune,3147.59,2025-05-05 18:04:05,255,0,normal
user_50,session_502,Mobile,8,7,1,9,0.19,93,360x640,Edge,en-IN,-330,portrait,Pune,1667.9,2025-03-28 14:50:00,52,0,normal
user_180,session_1804,Desktop,6,9,0,17,0.0,86,1440x900,Firefox,en-IN,-330,landscape,Bengaluru,3718.42,2025-03-07 14:22:37,289,0,normal
user_88,session_882,Desktop,8,8,0,16,0.0,139,1440x900,Edge,en-US,-330,landscape,Bengaluru,9005.48,2025-01-18 15:17:40,520,0,normal
user_70,session_707,Desktop,7,7,0,11,0.0,134,1440x900,Edge,en-IN,-330,landscape,Kolkata,1773.79,2025-03-08 18:11:59,192,0,normal
user_336,session_3367,Desktop,0,10,0,11,0.0,70,1440x900,Chrome,en-US,-330,landscape,Bengaluru,1206.6,2025-03-02 14:16:18,220,0,normal
user_232,session_2324,Desktop,7,10,0,20,0.0,66,1440x900,Firefox,en-IN,-330,landscape,Chennai,8483.46,2025-02-24 09:27:22,433,0,normal
user_289,session_2894,Mobile,4,8,11,12,0.76,96,360x640,Chrome,en-IN,-330,landscape,Kolkata,910.63,2025-02-21 12:04:34,51,0,normal
user_381,session_3817,Desktop,10,4,0,11,0.0,142,1920x1080,Chrome,hi-IN,-330,landscape,Bengaluru,1695.27,2025-03-10 11:24:04,200,0,normal
user_255,session_2560,Desktop,8,0,0,16,0.0,133,1920x1080,Safari,en-IN,-330,landscape,Mumbai,168.43,2025-02-11 20:43:45,547,0,normal
user_23,session_231,Mobile,6,13,9,10,0.23,156,414x896,Chrome,en-IN,-330,portrait,Ahmedabad,7304.8,2025-04-02 13:34:06,29,0,normal
user_509,session_5092,Desktop,4,2,0,13,0.0,117,1920x1080,Chrome,hi-IN,-330,landscape,Ahmedabad,3979.68,2025-04-15 18:19:38,391,0,normal
user_155,session_1555,Mobile,8,7,3,7,0.3,148,390x844,Firefox,en-IN,-330,portrait,Chennai,4265.51,2025-03-03 14:47:29,13,0,normal
user_423,session_4240,Desktop,6,0,0,25,0.0,77,1440x900,Chrome,en-US,-330,landscape,Hyderabad,6843.23,2025-01-28 11:53:21,423,0,normal
user_509,session_5095,Desktop,9,7,0,17,0.0,74,1920x1080,Chrome,hi-IN,-330,landscape,Ahmedabad,2369.47,2025-05-01 16:59:29,446,0,normal
user_478,session_4787,Mobile,2,13,4,13,0.75,113,414x896,Chrome,hi-IN,-330,landscape,Bengaluru,6084.64,2025-04-21 14:15:02,40,0,normal
user_360,session_3602,Desktop,8,2,0,17,0.0,47,1366x768,Chrome,en-US,-330,landscape,Ahmedabad,8242.55,2025-02-24 13:06:22,259,0,normal
user_521,session_5218,Tablet,5,12,7,12,0.78,24,810x1080,Firefox,en-IN,-330,portrait,Chennai,7091.76,2025-01-30 19:13:23,44,0,normal
user_507,session_5076,Mobile,8,10,5,19,0.6,42,414x896,Edge,en-IN,-330,portrait,Chennai,4351.8,2025-04-28 07:24:26,29,0,normal
user_1,session_18,Mobile,10,8,6,18,0.06,169,390x844,Firefox,en-IN,-330,landscape,Delhi,2402.87,2025-05-25 15:42:29,47,0,normal
user_517,session_5176,Desktop,1,9,0,10,0.0,123,1366x768,Safari,en-IN,-330,landscape,Kolkata,5265.29,2025-05-26 07:07:47,257,0,normal
user_286,session_2869,Desktop,5,8,0,12,0.0,124,1440x900,Firefox,hi-IN,-330,landscape,Mumbai,4036.28,2025-05-09 22:16:21,290,0,normal
user_165,session_1655,Tablet,6,9,4,20,0.0,80,810x1080,Edge,en-IN,-330,landscape,Pune,3879.22,2025-03-28 19:02:35,25,0,normal
user_112,session_1130,Desktop,0,4,0,16,0.0,174,1920x1080,Firefox,en-IN,-330,landscape,Mumbai,525.92,2025-01-27 06:17:04,204,0,normal
user_232,session_2330,Desktop,6,9,0,2,0.0,107,1440x900,Firefox,en-IN,-330,landscape,Chennai,7067.57,2025-02-28 08:40:26,181,0,normal
user_109,session_1091,Desktop,5,8,0,19,0.0,169,1366x768,Edge,en-IN,-330,landscape,Ahmedabad,5710.88,2025-01-17 05:54:49,239,0,normal
user_560,session_5604,Desktop,8,7,0,14,0.0,138,1366x768,Chrome,en-US,-330,landscape,Hyderabad,4920.55,2025-01-29 12:29:47,110,0,normal
user_445,session_4459,Mobile,4,13,3,15,0.09,274,390x844,Firefox,en-IN,-330,portrait,Ahmedabad,6316.92,2025-02-27 11:52:51,13,0,normal
user_149,session_1499,Desktop,10,6,0,10,0.0,107,1920x1080,Chrome,en-IN,-330,landscape,Bengaluru,3380.41,2025-01-10 13:28:26,339,0,normal
user_303,session_3034,Desktop,2,7,0,4,0.0,158,1440x900,Edge,en-US,-330,landscape,Ahmedabad,1941.33,2025-05-22 09:50:50,228,0,normal
user_188,session_1882,Mobile,3,4,12,14,0.36,192,390x844,Firefox,en-IN,-330,landscape,Pune,8733.58,2025-01-29 17:05:27,31,0,normal
user_266,session_2663,Desktop,4,2,0,12,0.0,140,1440x900,Edge,en-IN,-330,landscape,Bengaluru,5491.0,2025-01-24 18:59:02,110,0,normal
user_511,session_5114,Mobile,6,9,7,10,0.89,250,360x640,Chrome,en-IN,-330,portrait,Pune,5601.17,2025-04-04 11:22:59,22,0,normal
user_341,session_3414,Tablet,2,11,6,24,0.0,97,768x1024,Firefox,en-IN,-330,landscape,Ahmedabad,4843.55,2025-02-09 15:53:49,82,0,normal
user_69,session_697,Mobile,3,2,0,11,0.03,159,414x896,Chrome,en-US,-330,portrait,Mumbai,1158.91,2025-01-01 12:52:39,46,0,normal
user_442,session_4424,Desktop,0,12,0,16,0.0,191,1366x768,Chrome,en-IN,-330,landscape,Mumbai,159.68,2025-04-30 12:44:58,311,0,normal
user_348,session_3485,Desktop,8,11,0,14,0.0,38,1920x1080,Chrome,en-IN,-330,landscape,Mumbai,7776.22,2025-01-10 11:04:54,502,0,normal
user_53,session_536,Mobile,4,10,4,4,0.48,151,414x896,Edge,en-IN,-330,portrait,Ahmedabad,4207.96,2025-02-06 20:44:56,72,0,normal
user_262,session_2628,Mobile,4,9,2,4,0.77,152,414x896,Safari,hi-IN,-330,portrait,Delhi,2510.7,2025-05-28 10:59:57,49,0,normal
user_316,session_3164,Desktop,10,4,0,19,0.0,78,1920x1080,Safari,hi-IN,-330,landscape,Bengaluru,3789.26,2025-03-01 14:54:33,161,0,normal
user_349,session_3493,Mobile,5,10,5,12,0.66,235,414x896,Firefox,en-IN,-330,landscape,Hyderabad,9543.39,2025-04-07 15:59:40,46,0,normal
user_365,session_3654,Desktop,5,8,0,9,0.0,130,1920x1080,Edge,en-IN,-330,landscape,Bengaluru,776.02,2025-04-17 21:43:06,193,0,normal
user_259,session_2595,Desktop,8,12,0,18,0.0,144,1366x768,Edge,en-IN,-330,landscape,Delhi,3119.11,2025-04-30 17:06:39,369,0,normal
user_571,session_5718,Tablet,7,9,2,16,0.94,146,810x1080,Firefox,en-US,-330,portrait,Pune,6203.27,2025-02-04 20:32:27,43,0,normal
user_551,session_5511,Desktop,7,6,0,10,0.0,194,1366x768,Firefox,hi-IN,-330,landscape,Hyderabad,3438.03,2025-05-12 18:09:27,305,0,normal
user_104,session_1048,Tablet,5,6,2,14,0.87,27,768x1024,Safari,en-IN,-330,portrait,Mumbai,8000.0,2025-03-23 02:05:52,60,1,odd_hour_drain
user_568,session_5685,Desktop,2,9,0,0,0.0,165,1366x768,Firefox,en-US,-330,landscape,Ahmedabad,419.08,2025-05-30 12:04:37,424,0,normal
user_501,session_5019,Desktop,10,0,0,19,0.0,71,1366x768,Safari,en-IN,-330,landscape,Kolkata,555.73,2025-03-16 12:17:07,496,0,normal
user_1,session_15,Mobile,6,8,2,12,0.15,128,390x844,Firefox,en-IN,-330,portrait,Delhi,6026.22,2025-04-26 16:23:59,27,0,normal
user_374,session_3743,Mobile,11,3,7,19,0.81,55,390x844,Firefox,en-IN,-330,portrait,Ahmedabad,6083.69,2025-04-15 16:05:45,14,0,normal
user_430,session_4308,Mobile,12,16,4,19,0.99,92,414x896,Firefox,en-IN,-330,landscape,Kolkata,984.01,2025-02-15 20:01:52,30,0,normal
user_587,session_5874,Desktop,9,6,0,9,0.0,185,1440x900,Chrome,en-IN,-330,landscape,Bengaluru,4518.49,2025-05-25 18:10:56,192,0,normal
user_234,session_2348,Desktop,4,10,0,12,0.0,72,1920x1080,Edge,en-US,-330,landscape,Delhi,2998.26,2025-04-09 21:29:53,131,0,normal
user_569,session_5691,Desktop,5,12,0,11,0.0,173,1920x1080,Firefox,en-IN,-330,landscape,Ahmedabad,588.38,2025-05-19 12:38:21,214,0,normal
user_156,session_1565,Desktop,7,7,0,14,0.0,385,1440x900,Chrome,en-IN,-330,landscape,Ahmedabad,2638.75,2025-04-25 20:22:41,74,0,normal
user_561,session_5620,Desktop,5,5,0,4,0.0,56,1366x768,Safari,en-US,-330,landscape,Delhi,3129.75,2025-04-26 23:04:42,290,0,normal
user_186,session_1865,Desktop,4,10,0,10,0.0,313,1920x1080,Edge,en-US,-330,landscape,Bengaluru,7478.2,2025-05-27 19:52:41,212,0,normal
user_309,session_3095,Mobile,4,9,8,8,1.7,70,360x640,Chrome,en-IN,-330,portrait,Mumbai,3781.35,2025-04-12 13:39:43,34,0,normal
user_6,session_66,Mobile,8,4,2,14,1.25,146,390x844,Safari,en-US,-330,portrait,Hyderabad,7292.63,2025-01-19 20:24:52,75,0,normal
user_340,session_3404,Tablet,10,11,1,12,0.99,294,810x1080,Safari,en-US,-330,portrait,Bengaluru,877.04,2025-05-24 11:46:37,36,0,normal
user_540,session_5410,Tablet,8,13,5,17,0.8,177,810x1080,Firefox,hi-IN,-330,portrait,Delhi,5187.25,2025-04-18 23:43:07,44,0,normal
user_585,session_5855,Desktop,13,8,0,3,0.0,256,1920x1080,Safari,en-IN,-330,landscape,Mumbai,6798.19,2025-03-21 14:49:23,258,0,normal
user_241,session_2411,Desktop,9,6,0,20,0.0,154,1440x900,Firefox,en-IN,-330,landscape,Chennai,5881.31,2025-03-21 13:44:00,110,0,normal
user_576,session_5770,Desktop,6,2,0,17,0.0,181,1920x1080,Firefox,en-IN,-330,landscape,Pune,823.01,2025-04-25 19:35:06,284,0,normal
user_284,session_2842,Desktop,4,4,0,6,0.0,90,1440x900,Firefox,en-IN,-330,landscape,Bengaluru,4748.79,2025-05-10 20:56:58,215,0,normal
user_200,session_2009,Desktop,3,12,0,17,0.0,224,1366x768,Firefox,en-US,-330,landscape,Kolkata,3524.15,2025-02-11 08:51:53,464,0,normal
user_127,session_1273,Mobile,11,19,6,6,1.24,117,390x844,Chrome,en-US,-330,landscape,Delhi,4221.8,2025-03-18 20:52:36,48,0,normal
user_494,session_4946,Mobile,11,12,6,9,0.57,61,390x844,Edge,en-IN,-330,portrait,Hyderabad,254.7,2025-03-12 11:47:20,44,0,normal
user_189,session_1895,Desktop,2,13,0,16,0.0,88,1440x900,Safari,en-IN,-330,landscape,Delhi,1179.78,2025-04-12 12:10:06,248,0,normal
user_431,session_4318,Desktop,5,2,0,15,0.0,107,1366x768,Safari,en-IN,-330,landscape,Kolkata,3819.41,2025-04-10 09:51:44,269,0,normal
user_197,session_1972,Desktop,8,9,0,23,0.0,263,1440x900,Safari,en-IN,-330,landscape,Chennai,2891.05,2025-03-25 15:21:37,432,0,normal
user_409,session_4096,Desktop,0,8,0,7,0.0,160,1440x900,Safari,en-IN,-330,landscape,Pune,4520.15,2025-02-26 15:06:10,126,0,normal
user_8,session_89,Mobile,6,11,3,11,0.82,105,390x844,Firefox,en-US,-330,landscape,Bengaluru,1283.94,2025-01-19 17:54:56,40,0,normal
user_309,session_3091,Mobile,7,4,3,18,0.66,97,360x640,Chrome,en-IN,-330,landscape,Mumbai,3056.84,2025-02-01 14:31:01,57,0,normal
user_488,session_4884,Mobile,4,15,8,14,0.84,183,414x896,Edge,en-IN,-330,portrait,Bengaluru,152.08,2025-02-07 07:24:50,31,0,normal
user_149,session_1500,Desktop,11,9,0,8,0.0,44,1920x1080,Chrome,en-IN,-330,landscape,Bengaluru,1764.21,2025-05-16 14:41:23,377,0,normal
user_289,session_2900,Mobile,7,6,6,21,1.39,101,360x640,Chrome,en-IN,-330,portrait,Kolkata,2814.64,2025-01-10 12:47:13,42,0,normal
user_140,session_1408,Mobile,12,6,3,10,1.1,94,360x640,Edge,hi-IN,-330,portrait,Mumbai,1101.01,2025-04-05 23:45:30,21,0,normal
user_345,session_3460,Desktop,5,8,0,24,0.0,70,1920x1080,Firefox,en-IN,-330,landscape,Chennai,5023.95,2025-02-05 17:25:22,442,0,normal
user_367,session_3671,Tablet,1,12,4,7,0.73,60,768x1024,Safari,en-US,-330,portrait,Mumbai,6707.89,2025-04-09 06:19:33,16,0,normal
user_469,session_4699,Desktop,12,4,0,11,0.0,123,1440x900,Chrome,en-IN,-330,landscape,Ahmedabad,5557.14,2025-05-19 22:31:15,350,0,normal
user_577,session_5778,Desktop,24,0,0,0,0.0,8,1920x1080,Edge,en-US,-330,landscape,Chennai,1681.31,2025-05-03 15:24:27,0,1,bot_script
user_450,session_4504,Mobile,7,7,6,7,0.67,234,360x640,Firefox,en-IN,-330,landscape,Chennai,1050.88,2025-02-01 12:07:50,59,0,normal
user_76,session_764,Mobile,29,1,4,0,0.7,10,414x896,Firefox,en-IN,-330,portrait,Kolkata,6148.17,2025-05-29 15:23:16,33,1,bot_script
user_166,session_1663,Desktop,9,13,0,15,0.0,158,1366x768,Chrome,hi-IN,-330,landscape,Ahmedabad,9214.84,2025-04-25 18:18:24,561,0,normal
user_42,session_421,Mobile,5,6,4,18,0.2,210,414x896,Firefox,en-IN,-330,landscape,Pune,8663.56,2025-01-04 13:34:49,56,0,normal
user_301,session_3015,Desktop,4,5,0,11,0.0,164,1366x768,Chrome,en-IN,-330,landscape,Pune,2157.61,2025-02-13 22:21:33,426,0,normal
user_258,session_2585,Desktop,6,11,0,25,0.0,45,1920x1080,Edge,en-IN,-330,landscape,Ahmedabad,3272.51,2025-02-22 17:18:09,300,0,normal
user_37,session_374,Mobile,7,11,7,11,0.89,182,360x640,Safari,en-IN,-330,portrait,Delhi,3823.98,2025-03-13 20:59:33,20,0,normal
user_503,session_5032,Tablet,9,9,5,15,0.0,183,810x1080,Safari,en-IN,-330,portrait,Kolkata,4550.43,2025-01-09 10:41:16,17,0,normal
user_453,session_4535,Desktop,6,9,0,2,0.0,256,1920x1080,Chrome,en-US,-330,landscape,Bengaluru,1300.9,2025-02-01 09:19:12,558,0,normal
user_237,session_2374,Desktop,5,6,0,6,0.0,86,1440x900,Safari,en-IN,-330,landscape,Bengaluru,1115.33,2025-03-14 08:22:52,463,0,normal
user_276,session_2768,Tablet,6,15,3,15,0.03,110,768x1024,Safari,en-IN,-330,portrait,Delhi,8112.13,2025-05-08 14:47:55,5,0,normal
user_336,session_3362,Desktop,5,4,0,10,0.0,52,1440x900,Chrome,en-US,-330,landscape,Bengaluru,583.39,2025-01-06 17:53:29,250,0,normal
user_183,session_1833,Desktop,10,9,0,13,0.0,255,1920x1080,Edge,en-US,-330,landscape,Chennai,1537.54,2025-02-13 21:04:12,170,0,normal
user_162,session_1621,Desktop,6,10,0,20,0.0,220,1920x1080,Safari,en-IN,-330,landscape,Ahmedabad,4051.56,2025-05-07 21:34:40,250,0,normal
user_327,session_3276,Desktop,1,4,0,10,0.0,42,1440x900,Safari,en-IN,-330,landscape,Bengaluru,6773.4,2025-01-17 16:20:15,108,0,normal
user_53,session_539,Mobile,2,9,6,0,0.41,129,414x896,Edge,en-IN,-330,portrait,Ahmedabad,6055.78,2025-02-13 16:58:15,23,0,normal
user_355,session_3551,Mobile,6,8,4,12,0.63,64,414x896,Firefox,hi-IN,-330,portrait,Ahmedabad,1078.62,2025-03-02 19:01:48,38,0,normal
user_75,session_756,Mobile,7,20,6,14,1.21,151,414x896,Safari,en-US,-330,portrait,Kolkata,1584.72,2025-01-17 15:04:47,20,0,normal
user_360,session_3607,Desktop,8,16,0,17,0.0,41,1366x768,Chrome,en-US,-330,landscape,Ahmedabad,5234.71,2025-03-10 07:09:55,296,0,normal
user_53,session_535,Mobile,3,13,6,4,0.3,193,414x896,Edge,en-IN,-330,portrait,Ahmedabad,2866.29,2025-01-01 18:38:05,0,0,normal
user_144,session_1449,Tablet,1,0,4,10,0.86,128,768x1024,Chrome,en-US,-330,portrait,Hyderabad,1616.57,2025-02-20 08:49:48,61,0,normal
user_91,session_916,Desktop,4,16,0,14,0.0,100,1366x768,Chrome,en-IN,-330,landscape,Kolkata,4420.12,2025-02-24 10:36:45,350,0,normal
user_312,session_3128,Desktop,2,2,0,12,0.0,307,1920x1080,Firefox,en-IN,-330,landscape,Hyderabad,1343.49,2025-02-17 13:48:56,183,0,normal
user_493,session_4940,Desktop,5,9,0,13,0.0,46,1440x900,Chrome,en-IN,-330,landscape,Mumbai,1072.16,2025-03-10 06:48:06,199,0,normal
user_541,session_5418,Desktop,9,5,0,12,0.0,165,1366x768,Chrome,en-US,-330,landscape,Kolkata,1150.85,2025-03-07 14:12:05,211,0,normal
user_18,session_182,Mobile,6,6,2,26,0.83,118,414x896,Safari,en-IN,-330,landscape,Delhi,4507.93,2025-04-14 15:22:48,49,0,normal
user_176,session_1770,Desktop,2,0,0,0,0.0,17,1440x900,Safari,en-US,-330,landscape,Hyderabad,5000.0,2025-02-28 22:46:34,255,1,copy_paste_drain
user_460,session_4610,Mobile,6,8,3,0,0.6,76,390x844,Edge,en-IN,-330,landscape,Ahmedabad,3683.03,2025-01-11 14:44:26,61,0,normal
user_282,session_2830,Desktop,7,14,0,19,0.0,84,1440x900,Chrome,en-IN,-330,landscape,Kolkata,4907.62,2025-02-14 10:36:26,312,0,normal
user_331,session_3314,Mobile,4,2,0,21,0.46,281,414x896,Firefox,en-IN,-330,landscape,Pune,1410.65,2025-01-13 16:41:06,38,0,normal
user_545,session_5458,Desktop,12,12,0,20,0.0,139,1440x900,Chrome,en-IN,-330,landscape,Bengaluru,1258.82,2025-01-29 09:11:48,630,0,normal
user_119,session_1193,Desktop,6,9,0,10,0.0,104,1440x900,Safari,en-IN,-330,landscape,Pune,11384.97,2025-01-12 10:35:35,425,0,normal
user_408,session_4082,Mobile,1,0,2,12,0.3,102,414x896,Firefox,en-IN,-330,landscape,Ahmedabad,1095.18,2025-02-13 17:33:56,62,0,normal
user_212,session_2128,Mobile,8,10,5,12,0.75,133,414x896,Safari,en-IN,-330,portrait,Bengaluru,8858.43,2025-01-02 05:01:42,44,0,normal
user_539,session_5396,Mobile,4,6,0,14,0.36,179,360x640,Chrome,en-IN,-330,portrait,Kolkata,2199.55,2025-03-28 18:34:41,15,0,normal
user_47,session_477,Desktop,7,6,0,6,0.0,105,1366x768,Firefox,en-IN,-330,landscape,Hyderabad,3422.2,2025-05-09 06:08:20,541,0,normal
user_492,session_4921,Desktop,6,3,0,16,0.0,147,1440x900,Edge,en-US,-330,landscape,Bengaluru,12580.26,2025-02-10 21:37:59,394,0,normal
user_132,session_1324,Desktop,6,11,0,19,0.0,255,1440x900,Firefox,en-US,-330,landscape,Hyderabad,628.48,2025-02-20 15:32:55,223,0,normal
user_25,session_260,Desktop,11,11,0,12,0.0,138,1366x768,Chrome,en-IN,-330,landscape,Kolkata,3150.61,2025-01-13 10:30:42,341,0,normal
user_27,session_280,Desktop,8,7,0,25,0.0,190,1920x1080,Edge,en-US,-330,landscape,Ahmedabad,11620.5,2025-01-01 06:53:07,357,0,normal
user_56,session_562,Mobile,4,8,1,16,0.0,217,390x844,Safari,en-US,-330,portrait,Delhi,5885.4,2025-04-19 19:28:02,7,0,normal
user_428,session_4285,Mobile,8,14,1,24,0.87,153,360x640,Safari,en-IN,-330,portrait,Pune,14838.26,2025-05-22 17:05:55,24,0,normal
user_19,session_199,Desktop,3,0,0,16,0.0,76,1920x1080,Chrome,en-IN,-330,landscape,Chennai,4258.0,2025-04-14 16:18:43,257,0,normal
user_392,session_3930,Desktop,7,4,0,15,0.0,214,1366x768,Safari,en-IN,-330,landscape,Delhi,4292.34,2025-01-07 13:12:39,356,0,normal
user_437,session_4378,Desktop,9,5,0,7,0.0,125,1920x1080,Firefox,en-IN,-330,landscape,Chennai,1696.67,2025-04-15 19:59:32,387,0,normal
user_227,session_2276,Desktop,13,13,0,6,0.0,155,1440x900,Safari,en-IN,-330,landscape,Ahmedabad,238.09,2025-02-01 13:44:44,223,0,normal
user_174,session_1741,Desktop,3,7,0,12,0.0,152,1920x1080,Chrome,en-US,-330,landscape,Mumbai,2342.07,2025-04-19 19:11:15,399,0,normal
user_189,session_1892,Desktop,8,12,0,17,0.0,68,1440x900,Safari,en-IN,-330,landscape,Delhi,1705.36,2025-04-01 17:30:25,317,0,normal
user_185,session_1860,Mobile,7,5,5,12,0.86,171,414x896,Safari,en-IN,-330,landscape,Mumbai,1839.11,2025-03-31 20:08:44,40,0,normal
user_461,session_4615,Desktop,5,8,0,12,0.0,238,1440x900,Edge,en-IN,-330,landscape,Ahmedabad,1275.59,2025-05-14 16:53:38,286,0,normal
user_590,session_5904,Desktop,6,2,0,12,0.0,97,1366x768,Firefox,en-IN,-330,landscape,Pune,3020.59,2025-01-16 17:21:30,184,0,normal
user_302,session_3027,Desktop,5,11,0,28,0.0,74,1440x900,Firefox,en-IN,-330,landscape,Hyderabad,2665.26,2025-04-12 17:26:10,364,0,normal
user_138,session_1384,Desktop,2,3,0,15,0.0,60,1366x768,Chrome,en-IN,-330,landscape,Mumbai,2551.55,2025-05-08 10:33:07,124,0,normal
user_209,session_2092,Desktop,3,6,0,2,0.0,255,1440x900,Firefox,en-IN,-330,landscape,Hyderabad,2852.89,2025-02-20 15:21:21,64,0,normal
user_307,session_3077,Desktop,5,7,0,16,0.0,148,1440x900,Firefox,en-US,-330,landscape,Bengaluru,4111.37,2025-03-09 18:00:36,249,0,normal
user_433,session_4334,Mobile,13,14,2,21,0.56,169,360x640,Firefox,en-IN,-330,landscape,Bengaluru,2083.45,2025-02-05 14:53:19,2,0,normal
user_319,session_3199,Desktop,1,5,0,20,0.0,38,1920x1080,Safari,hi-IN,-330,landscape,Kolkata,443.09,2025-01-05 10:07:38,548,0,normal
user_159,session_1600,Desktop,7,1,0,23,0.0,139,1440x900,Chrome,en-IN,-330,landscape,Hyderabad,1572.95,2025-03-16 19:58:36,561,0,normal
user_257,session_2575,Mobile,7,11,6,24,1.11,246,390x844,Firefox,en-IN,-330,landscape,Pune,3091.41,2025-05-10 08:56:57,48,0,normal
user_172,session_1727,Desktop,13,9,0,5,0.0,111,1440x900,Edge,en-IN,-330,landscape,Chennai,4447.33,2025-01-14 10:29:30,172,0,normal
user_323,session_3238,Mobile,0,3,11,21,0.0,203,360x640,Safari,en-US,-330,landscape,Delhi,7016.24,2025-01-29 18:49:46,44,0,normal
user_524,session_5247,Desktop,9,8,0,5,0.0,200,1440x900,Safari,en-IN,-330,landscape,Hyderabad,6337.54,2025-01-27 12:13:29,429,0,normal
user_569,session_5694,Desktop,6,11,0,13,0.0,129,1920x1080,Firefox,en-IN,-330,landscape,Ahmedabad,937.53,2025-01-24 13:18:13,310,0,normal
user_466,session_4667,Desktop,4,6,0,11,0.0,109,1440x900,Edge,en-IN,-330,landscape,Bengaluru,4620.91,2025-01-19 09:58:40,296,0,normal
user_479,session_4793,Desktop,1,7,0,6,0.0,190,1366x768,Safari,en-IN,-330,landscape,Hyderabad,2936.4,2025-05-11 18:07:37,346,0,normal
user_122,session_1224,Desktop,6,12,0,11,0.0,156,1366x768,Chrome,en-IN,-330,landscape,Chennai,2719.64,2025-03-19 10:42:04,467,0,normal
user_129,session_1298,Desktop,12,10,0,9,0.0,156,1366x768,Edge,en-US,-330,landscape,Mumbai,840.27,2025-03-15 15:26:51,345,0,normal
user_277,session_2776,Mobile,10,5,2,18,0.24,197,414x896,Edge,en-IN,-330,portrait,Delhi,1165.67,2025-01-10 18:57:14,39,0,normal
user_1,session_16,Mobile,5,12,4,23,0.34,106,390x844,Firefox,en-IN,-330,landscape,Delhi,2931.42,2025-02-14 15:43:52,35,0,normal
user_542,session_5426,Desktop,6,0,0,11,0.0,141,1366x768,Firefox,en-IN,-330,landscape,Hyderabad,4748.0,2025-01-19 12:43:42,270,0,normal
user_35,session_352,Mobile,3,16,7,16,0.79,103,360x640,Edge,en-IN,-330,portrait,Mumbai,5317.03,2025-02-09 17:46:39,55,0,normal
user_540,session_5405,Tablet,9,1,6,16,0.11,196,810x1080,Firefox,hi-IN,-330,portrait,Delhi,4468.01,2025-01-03 18:36:27,20,0,normal
user_136,session_1363,Desktop,6,10,0,13,0.0,101,1440x900,Safari,en-IN,-330,landscape,Pune,673.81,2025-01-09 06:28:45,142,0,normal
user_217,session_2171,Tablet,7,5,7,14,0.59,69,810x1080,Firefox,hi-IN,-330,landscape,Pune,5370.96,2025-02-06 14:25:39,50,0,normal
user_203,session_2032,Desktop,7,13,0,15,0.0,132,1366x768,Chrome,en-IN,-330,landscape,Chennai,5576.07,2025-03-20 13:10:18,468,0,normal
user_381,session_3814,Desktop,8,2,0,0,0.0,88,1920x1080,Chrome,hi-IN,-330,landscape,Bengaluru,399.12,2025-02-18 14:17:55,409,0,normal
user_102,session_1023,Desktop,5,6,0,20,0.0,172,1366x768,Safari,en-US,-330,landscape,Chennai,4336.09,2025-05-06 17:10:21,215,0,normal
user_37,session_372,Mobile,3,18,5,20,0.46,151,360x640,Safari,en-IN,-330,portrait,Delhi,4122.47,2025-01-23 17:14:46,33,0,normal
user_224,session_2245,Desktop,12,4,0,8,0.0,62,1440x900,Safari,hi-IN,-330,landscape,Pune,1585.0,2025-02-11 12:28:09,247,0,normal
user_231,session_2314,Desktop,4,7,0,20,0.0,143,1366x768,Firefox,en-US,-330,landscape,Chennai,4907.25,2025-01-02 14:26:30,469,0,normal
user_586,session_5861,Mobile,0,8,2,10,0.89,175,390x844,Firefox,en-IN,-330,landscape,Ahmedabad,3454.4,2025-01-24 15:53:10,28,0,normal
user_379,session_3797,Desktop,5,10,0,6,0.0,120,1920x1080,Chrome,en-US,-330,landscape,Hyderabad,3242.98,2025-02-26 16:55:09,371,0,normal
user_379,session_3800,Desktop,9,13,0,10,0.0,218,1920x1080,Chrome,en-US,-330,landscape,Hyderabad,2917.96,2025-01-15 12:47:42,205,0,normal
user_580,session_5805,Tablet,6,10,9,17,1.1,104,768x1024,Edge,en-IN,-330,landscape,Hyderabad,8065.07,2025-01-02 18:05:59,48,0,normal
user_74,session_743,Desktop,5,8,0,8,0.0,135,1366x768,Firefox,en-IN,-330,landscape,Ahmedabad,2101.33,2025-02-21 07:04:45,397,0,normal
user_126,session_1269,Desktop,9,7,0,24,0.0,263,1366x768,Chrome,en-IN,-330,landscape,Delhi,355.07,2025-01-28 11:23:41,410,0,normal
user_260,session_2601,Mobile,4,17,3,1,0.65,88,390x844,Edge,en-IN,-330,portrait,Pune,1450.19,2025-03-08 17:20:45,23,0,normal
user_161,session_1618,Mobile,3,0,4,9,0.18,245,360x640,Edge,en-IN,-330,portrait,Pune,1740.88,2025-05-25 22:27:10,3,0,normal
user_80,session_806,Mobile,0,9,1,9,0.24,113,414x896,Safari,en-IN,-330,portrait,Delhi,3640.0,2025-01-09 16:10:49,4,0,normal
user_479,session_4797,Desktop,5,6,0,6,0.0,157,1366x768,Safari,en-IN,-330,landscape,Hyderabad,1580.46,2025-01-25 19:12:11,298,0,normal
user_68,session_684,Mobile,7,6,7,23,0.38,184,360x640,Chrome,en-IN,-330,landscape,Mumbai,592.62,2025-05-08 17:58:44,44,0,normal
user_498,session_4984,Desktop,1,8,0,18,0.0,248,1920x1080,Safari,en-IN,-330,landscape,Hyderabad,2094.16,2025-01-01 19:35:08,362,0,normal
user_355,session_3560,Mobile,0,3,8,15,0.89,79,414x896,Firefox,hi-IN,-330,landscape,Ahmedabad,1274.77,2025-02-12 15:51:32,22,0,normal
user_385,session_3853,Mobile,8,3,7,17,1.15,256,390x844,Firefox,en-IN,-330,portrait,Bengaluru,3729.85,2025-05-23 14:32:56,50,0,normal
user_380,session_3806,Desktop,3,1,0,13,0.0,129,1366x768,Edge,en-US,-330,landscape,Bengaluru,727.89,2025-05-03 10:08:06,222,0,normal
user_556,session_5564,Mobile,8,2,3,12,0.85,58,414x896,Firefox,en-IN,-330,portrait,Bengaluru,4858.52,2025-02-04 08:28:06,34,0,normal
user_470,session_4707,Desktop,5,3,0,10,0.0,52,1440x900,Firefox,en-IN,-330,landscape,Pune,4196.08,2025-05-12 05:07:35,93,0,normal
user_436,session_4370,Mobile,8,7,7,18,0.16,178,414x896,Firefox,en-IN,-330,portrait,Chennai,6121.28,2025-03-16 12:35:49,43,0,normal
user_501,session_5013,Desktop,3,8,0,4,0.0,108,1366x768,Safari,en-IN,-330,landscape,Kolkata,396.77,2025-04-18 09:07:33,416,0,normal
user_385,session_3857,Mobile,9,9,4,16,1.11,170,390x844,Firefox,en-IN,-330,landscape,Bengaluru,5002.04,2025-05-22 18:25:15,66,0,normal
user_385,session_3860,Mobile,3,3,9,15,0.49,307,390x844,Firefox,en-IN,-330,portrait,Bengaluru,5989.64,2025-05-05 14:14:00,33,0,normal
user_0,session_9,Mobile,11,4,0,0,0.47,206,414x896,Safari,en-US,-330,portrait,Mumbai,4737.96,2025-04-18 14:20:16,35,0,normal
user_186,session_1863,Desktop,5,11,0,14,0.0,293,1920x1080,Edge,en-US,-330,landscape,Bengaluru,5396.64,2025-01-08 16:10:57,511,0,normal
user_281,session_2820,Desktop,11,12,0,23,0.0,89,1920x1080,Firefox,en-IN,-330,landscape,Ahmedabad,4067.55,2025-04-17 19:33:37,305,0,normal
user_135,session_1352,Mobile,6,8,7,22,0.65,162,414x896,Firefox,en-IN,-330,landscape,Kolkata,4095.61,2025-02-11 11:45:01,26,0,normal
user_57,session_577,Desktop,0,8,0,6,0.0,70,1366x768,Edge,en-IN,-330,landscape,Bengaluru,4817.76,2025-02-26 11:57:19,77,0,normal
user_62,session_627,Desktop,4,12,0,15,0.0,56,1440x900,Edge,en-US,-330,landscape,Hyderabad,9998.12,2025-05-05 07:44:52,273,0,normal
user_361,session_3619,Mobile,2,6,9,17,0.33,44,360x640,Chrome,en-IN,-330,portrait,Mumbai,2672.67,2025-04-10 17:42:38,0,0,normal
user_553,session_5532,Tablet,4,4,6,12,0.33,115,768x1024,Firefox,en-US,-330,portrait,Pune,1952.89,2025-04-09 13:17:26,74,0,normal
user_42,session_427,Mobile,8,2,2,0,1.32,169,414x896,Firefox,en-IN,-330,landscape,Pune,11826.11,2025-04-08 08:13:47,0,0,normal
user_3,session_34,Mobile,11,14,7,26,1.25,211,390x844,Firefox,hi-IN,-330,portrait,Bengaluru,2044.43,2025-01-03 15:37:13,32,0,normal
user_104,session_1047,Tablet,4,9,0,0,0.76,162,768x1024,Safari,en-IN,-330,landscape,Mumbai,467.21,2025-05-22 14:21:44,40,0,normal
user_4,session_45,Desktop,0,13,0,15,0.0,107,1440x900,Chrome,en-IN,-330,landscape,Hyderabad,2203.8,2025-02-25 15:09:52,285,0,normal
user_333,session_3340,Desktop,9,5,0,11,0.0,116,1440x900,Edge,en-IN,-330,landscape,Ahmedabad,2483.34,2025-05-18 14:22:21,286,0,normal
user_104,session_1045,Tablet,4,9,5,19,0.05,166,768x1024,Safari,en-IN,-330,landscape,Mumbai,325.32,2025-02-03 17:10:07,44,0,normal
user_110,session_1102,Desktop,10,7,0,22,0.0,177,1920x1080,Firefox,en-IN,-330,landscape,Chennai,2523.76,2025-04-04 18:40:15,530,0,normal
user_104,session_1050,Tablet,2,2,0,15,0.96,60,768x1024,Safari,en-IN,-330,portrait,Mumbai,383.82,2025-02-19 12:19:40,28,0,normal
user_188,session_1884,Mobile,7,6,7,16,0.55,266,390x844,Firefox,en-IN,-330,landscape,Pune,9786.44,2025-03-05 23:35:10,4,0,normal
user_447,session_4472,Tablet,8,7,9,17,0.51,92,768x1024,Firefox,hi-IN,-330,portrait,Mumbai,440.73,2025-02-23 11:04:15,36,0,normal
user_463,session_4634,Desktop,3,10,0,9,0.0,173,1920x1080,Safari,en-US,-330,landscape,Ahmedabad,7223.23,2025-02-01 14:23:43,230,0,normal
user_174,session_1744,Desktop,6,8,0,17,0.0,138,1920x1080,Chrome,en-US,-330,landscape,Mumbai,3874.37,2025-02-14 22:14:10,347,0,normal
user_257,session_2578,Mobile,9,5,8,15,0.22,124,390x844,Firefox,en-IN,-330,portrait,Pune,4844.67,2025-04-20 09:44:16,47,0,normal
user_6,session_64,Mobile,5,4,8,17,1.32,180,390x844,Safari,en-US,-330,portrait,Hyderabad,3079.16,2025-02-09 19:37:19,45,0,normal
user_435,session_4354,Mobile,7,12,9,6,0.12,118,414x896,Firefox,en-IN,-330,landscape,Hyderabad,5246.23,2025-01-07 22:25:59,52,0,normal
user_307,session_3071,Desktop,4,12,0,20,0.0,93,1440x900,Firefox,en-US,-330,landscape,Bengaluru,5360.84,2025-04-14 19:48:35,523,0,normal
user_532,session_5330,Desktop,1,7,0,2,0.0,116,1920x1080,Edge,en-IN,-330,landscape,Chennai,7396.83,2025-05-30 20:49:56,158,0,normal
user_261,session_2618,Mobile,8,7,7,8,0.86,304,414x896,Safari,en-US,-330,portrait,Ahmedabad,3995.97,2025-03-09 20:21:32,0,0,normal
user_111,session_1120,Desktop,0,0,0,9,0.0,59,1440x900,Edge,en-IN,-330,landscape,Ahmedabad,496.7,2025-02-04 11:45:57,163,0,normal
user_249,session_2500,Desktop,5,4,0,22,0.0,286,1440x900,Chrome,en-IN,-330,landscape,Delhi,2530.46,2025-05-05 22:34:58,155,0,normal
user_339,session_3393,Desktop,3,2,0,0,0.0,131,1366x768,Chrome,en-US,-330,landscape,Kolkata,1276.82,2025-05-04 13:00:50,351,0,normal
user_70,session_706,Desktop,5,5,0,6,0.0,229,1440x900,Edge,en-IN,-330,landscape,Kolkata,1704.35,2025-05-20 16:35:06,460,0,normal
user_498,session_4987,Desktop,8,15,0,14,0.0,106,1920x1080,Safari,en-IN,-330,landscape,Hyderabad,2961.55,2025-04-08 20:55:50,467,0,normal
user_496,session_4963,Desktop,5,6,0,12,0.0,101,1366x768,Edge,en-IN,-330,landscape,Chennai,3740.62,2025-01-06 09:04:13,359,0,normal
user_326,session_3269,Desktop,3,7,0,12,0.0,125,1440x900,Safari,en-IN,-330,landscape,Bengaluru,4021.34,2025-04-13 12:36:14,417,0,normal
user_401,session_4011,Desktop,7,9,0,15,0.0,152,1920x1080,Edge,en-IN,-330,landscape,Hyderabad,4130.19,2025-01-09 12:05:01,350,0,normal
user_161,session_1613,Mobile,4,8,3,11,0.32,95,360x640,Edge,en-IN,-330,portrait,Pune,2390.75,2025-02-23 21:55:17,40,0,normal
user_422,session_4223,Mobile,7,3,9,14,0.87,235,390x844,Safari,en-US,-330,portrait,Delhi,291.71,2025-01-27 10:33:58,46,0,normal
user_197,session_1974,Desktop,9,13,0,21,0.0,152,1440x900,Safari,en-IN,-330,landscape,Chennai,1045.03,2025-04-12 14:11:03,353,0,normal
user_481,session_4816,Desktop,6,8,0,7,0.0,63,1920x1080,Firefox,hi-IN,-330,landscape,Hyderabad,667.41,2025-01-25 11:40:39,324,0,normal
user_555,session_5560,Desktop,8,3,0,18,0.0,149,1920x1080,Safari,en-IN,-330,landscape,Delhi,8277.93,2025-03-22 14:25:04,450,0,normal
user_393,session_3933,Mobile,5,3,5,7,0.75,176,390x844,Edge,en-IN,-330,landscape,Mumbai,7530.34,2025-03-30 10:53:57,29,0,normal
user_131,session_1316,Mobile,8,0,0,14,1.36,145,360x640,Edge,en-IN,-330,portrait,Ahmedabad,6028.3,2025-04-27 08:20:49,67,0,normal
user_568,session_5688,Desktop,5,1,0,6,0.0,191,1366x768,Firefox,en-US,-330,landscape,Ahmedabad,495.29,2025-01-28 14:35:06,246,0,normal
user_569,session_5695,Desktop,14,14,0,34,0.0,176,1920x1080,Firefox,en-IN,-330,landscape,Ahmedabad,1002.89,2025-03-29 11:15:22,205,0,normal
user_279,session_2799,Mobile,5,3,10,22,0.38,141,390x844,Safari,en-US,-330,landscape,Kolkata,3832.37,2025-01-21 22:30:22,71,0,normal
user_578,session_5783,Desktop,2,6,0,14,0.0,131,1920x1080,Edge,en-IN,-330,landscape,Delhi,2484.58,2025-03-07 16:43:00,236,0,normal
user_383,session_3837,Tablet,7,8,7,17,1.02,248,768x1024,Chrome,en-IN,-330,portrait,Chennai,3264.35,2025-05-18 22:52:57,82,0,normal
user_476,session_4763,Desktop,9,0,0,13,0.0,55,1366x768,Chrome,en-IN,-330,landscape,Bengaluru,9672.44,2025-01-25 11:14:42,335,0,normal
user_74,session_748,Desktop,2,7,0,0,0.0,111,1366x768,Firefox,en-IN,-330,landscape,Ahmedabad,1897.7,2025-02-24 04:53:04,247,0,normal
user_424,session_4242,Mobile,1,10,4,18,0.59,246,414x896,Firefox,en-IN,-330,landscape,Kolkata,1374.56,2025-03-29 11:29:13,63,0,normal
user_47,session_474,Desktop,10,3,0,3,0.0,46,1366x768,Firefox,en-IN,-330,landscape,Hyderabad,2951.94,2025-05-12 03:21:12,312,0,normal
user_344,session_3444,Desktop,5,6,0,9,0.0,218,1366x768,Safari,en-IN,-330,landscape,Pune,2961.17,2025-02-25 16:47:09,398,0,normal
user_567,session_5674,Desktop,7,9,0,4,0.0,145,1920x1080,Safari,en-IN,-330,landscape,Ahmedabad,4851.51,2025-05-08 12:36:19,231,0,normal
user_29,session_298,Desktop,4,12,0,7,0.0,63,1920x1080,Chrome,en-IN,-330,landscape,Ahmedabad,1232.52,2025-02-24 05:06:35,170,0,normal
user_30,session_304,Desktop,3,9,0,10,0.0,315,1440x900,Firefox,en-US,-330,landscape,Mumbai,8974.78,2025-04-26 13:36:31,455,0,normal
user_247,session_2477,Tablet,6,10,6,12,0.15,55,768x1024,Firefox,en-IN,-330,landscape,Bengaluru,10229.41,2025-03-03 20:27:15,58,0,normal
user_237,session_2378,Desktop,3,7,0,20,0.0,148,1440x900,Safari,en-IN,-330,landscape,Bengaluru,1676.82,2025-03-31 12:15:54,262,0,normal
user_353,session_3535,Desktop,10,11,0,7,0.0,44,1920x1080,Chrome,en-IN,-330,landscape,Hyderabad,5961.44,2025-02-11 17:28:39,241,0,normal
user_330,session_3310,Tablet,4,4,0,8,0.62,39,768x1024,Chrome,hi-IN,-330,portrait,Chennai,426.12,2025-05-07 18:52:57,33,0,normal
user_386,session_3870,Mobile,4,5,6,5,0.59,288,390x844,Safari,en-IN,-330,landscape,Pune,3468.36,2025-01-04 07:43:08,62,0,normal
user_412,session_4129,Mobile,4,2,1,17,0.78,48,360x640,Safari,en-US,-330,portrait,Kolkata,2275.21,2025-02-09 18:09:30,27,0,normal
user_361,session_3617,Mobile,7,12,0,12,0.0,55,360x640,Chrome,en-IN,-330,portrait,Mumbai,1679.0,2025-02-24 19:27:49,19,0,normal
user_268,session_2686,Desktop,5,7,0,10,0.0,283,1440x900,Edge,en-US,-330,landscape,Mumbai,4284.41,2025-05-29 14:40:28,481,0,normal
user_24,session_241,Desktop,5,5,0,19,0.0,119,1920x1080,Firefox,en-US,-330,landscape,Ahmedabad,2139.32,2025-05-30 21:53:16,270,0,normal
user_573,session_5738,Mobile,2,3,0,7,0.84,73,414x896,Edge,en-IN,-330,portrait,Ahmedabad,8275.81,2025-04-19 18:15:47,21,0,normal
user_229,session_2293,Desktop,7,7,0,20,0.0,144,1440x900,Firefox,en-US,-330,landscape,Mumbai,3018.32,2025-03-03 15:29:03,292,0,normal
user_167,session_1672,Mobile,5,14,0,15,1.02,186,390x844,Chrome,en-IN,-330,landscape,Pune,6351.34,2025-03-07 11:27:29,19,0,normal
user_209,session_2100,Desktop,2,3,0,11,0.0,185,1440x900,Firefox,en-IN,-330,landscape,Hyderabad,4308.05,2025-02-24 15:20:43,67,0,normal
user_506,session_5061,Desktop,5,20,0,11,0.0,80,1440x900,Safari,en-US,-330,landscape,Hyderabad,6344.14,2025-01-09 17:01:58,400,0,normal
user_117,session_1176,Desktop,4,3,0,12,0.0,273,1440x900,Firefox,en-IN,-330,landscape,Mumbai,737.78,2025-05-20 05:21:36,290,0,normal
user_393,session_3934,Mobile,7,7,5,22,1.56,151,390x844,Edge,en-IN,-330,landscape,Mumbai,6662.52,2025-03-12 10:39:14,12,0,normal
user_438,session_4384,Desktop,9,13,0,10,0.0,86,1920x1080,Edge,en-IN,-330,landscape,Kolkata,1430.07,2025-01-09 12:30:38,147,0,normal
user_308,session_3083,Tablet,8,19,6,17,1.19,46,768x1024,Firefox,en-IN,-330,landscape,Bengaluru,1207.56,2025-05-19 21:02:09,22,0,normal
user_286,session_2863,Desktop,7,10,0,19,0.0,93,1440x900,Firefox,hi-IN,-330,landscape,Mumbai,20.0,2025-04-03 20:56:10,397,0,normal
user_559,session_5592,Mobile,6,14,5,20,0.86,65,414x896,Safari,en-US,-330,landscape,Mumbai,6357.51,2025-04-01 09:06:45,25,0,normal
user_571,session_5711,Tablet,3,6,4,22,0.09,259,810x1080,Firefox,en-US,-330,landscape,Pune,7565.67,2025-01-20 18:38:25,49,0,normal
user_517,session_5177,Desktop,7,0,0,16,0.0,108,1366x768,Safari,en-IN,-330,landscape,Kolkata,2578.59,2025-03-14 13:55:25,316,0,normal
user_164,session_1648,Desktop,8,8,0,3,0.0,261,1440x900,Firefox,en-IN,-330,landscape,Kolkata,2751.84,2025-03-05 16:38:21,360,0,normal
user_341,session_3415,Tablet,4,3,8,8,0.29,148,768x1024,Firefox,en-IN,-330,portrait,Ahmedabad,2986.73,2025-03-04 13:13:56,77,0,normal
user_33,session_334,Mobile,2,8,3,5,0.37,238,390x844,Edge,en-IN,-330,portrait,Delhi,2185.08,2025-05-25 09:06:07,53,0,normal
user_260,session_2603,Mobile,7,10,3,22,0.52,119,390x844,Edge,en-IN,-330,landscape,Pune,2393.57,2025-04-07 18:46:20,22,0,normal
user_586,session_5868,Mobile,0,9,8,11,0.55,186,390x844,Firefox,en-IN,-330,landscape,Ahmedabad,2211.58,2025-03-15 14:02:11,14,0,normal
user_215,session_2158,Mobile,4,1,9,6,1.47,46,414x896,Firefox,en-IN,-330,landscape,Chennai,1908.53,2025-03-17 16:59:39,58,0,normal
user_116,session_1162,Mobile,4,11,2,6,0.43,123,414x896,Chrome,en-IN,-330,landscape,Delhi,5366.44,2025-01-20 17:46:04,94,0,normal
user_357,session_3575,Desktop,9,12,0,18,0.0,117,1366x768,Chrome,en-IN,-330,landscape,Chennai,2599.2,2025-01-24 10:59:30,368,0,normal
user_447,session_4477,Tablet,6,15,6,12,0.55,131,768x1024,Firefox,hi-IN,-330,landscape,Mumbai,1739.59,2025-02-26 11:15:43,18,0,normal
user_458,session_4582,Mobile,7,8,2,6,0.07,90,360x640,Firefox,en-US,-330,portrait,Delhi,4343.39,2025-01-04 15:37:38,26,0,normal
user_495,session_4951,Desktop,7,4,0,21,0.0,119,1440x900,Chrome,en-IN,-330,landscape,Bengaluru,6260.42,2025-04-27 17:58:51,211,0,normal
user_300,session_3003,Tablet,9,15,4,12,0.76,49,810x1080,Chrome,en-US,-330,landscape,Hyderabad,4278.8,2025-02-18 21:54:59,62,0,normal
user_24,session_248,Desktop,6,6,0,16,0.0,301,1920x1080,Firefox,en-US,-330,landscape,Ahmedabad,2070.89,2025-04-29 21:48:53,162,0,normal
user_487,session_4877,Mobile,7,4,0,10,0.0,176,360x640,Firefox,en-IN,-330,landscape,Chennai,17656.52,2025-02-08 20:38:04,389,1,account_takeover
user_352,session_3530,Desktop,0,3,0,13,0.0,69,1920x1080,Safari,hi-IN,-330,landscape,Delhi,2414.99,2025-05-28 13:01:52,373,0,normal
user_80,session_801,Mobile,6,7,4,14,0.06,182,414x896,Safari,en-IN,-330,portrait,Delhi,8340.13,2025-05-24 20:47:22,55,0,normal
user_168,session_1685,Desktop,5,9,0,20,0.0,109,1920x1080,Safari,en-IN,-330,landscape,Bengaluru,9436.12,2025-05-16 11:45:00,286,0,normal
user_468,session_4682,Mobile,4,9,10,9,0.0,87,414x896,Safari,en-US,-330,landscape,Delhi,8496.01,2025-05-20 14:39:51,38,0,normal
user_419,session_4197,Desktop,10,5,0,11,0.0,71,1440x900,Safari,en-US,-330,landscape,Hyderabad,7259.63,2025-04-26 16:48:01,203,0,normal
user_192,session_1922,Mobile,3,3,8,13,1.76,101,360x640,Edge,en-IN,-330,landscape,Pune,1170.22,2025-04-02 06:51:46,65,0,normal
user_220,session_2210,Tablet,9,10,3,7,0.0,127,810x1080,Firefox,en-IN,-330,landscape,Bengaluru,2022.12,2025-04-10 11:31:40,17,0,normal
user_122,session_1222,Desktop,3,10,0,10,0.0,127,1366x768,Chrome,en-IN,-330,landscape,Chennai,8202.21,2025-01-13 09:01:32,56,0,normal
user_400,session_4004,Desktop,4,10,0,12,0.0,48,1366x768,Firefox,en-IN,-330,landscape,Hyderabad,3429.21,2025-03-16 16:28:03,341,0,normal
user_151,session_1514,Mobile,6,6,3,17,1.16,221,390x844,Safari,en-IN,-330,landscape,Chennai,693.14,2025-02-27 15:05:45,50,0,normal
user_435,session_4352,Mobile,7,5,4,24,0.58,154,414x896,Firefox,en-IN,-330,landscape,Hyderabad,7091.9,2025-03-17 17:40:41,73,0,normal
user_125,session_1254,Mobile,6,6,2,12,0.57,250,360x640,Safari,en-US,-330,landscape,Delhi,2360.68,2025-02-18 05:10:30,23,0,normal
user_533,session_5331,Mobile,7,7,4,18,0.58,113,360x640,Chrome,en-IN,-330,landscape,Kolkata,3667.97,2025-03-28 13:46:56,18,0,normal
user_516,session_5170,Desktop,7,7,0,16,0.0,58,1920x1080,Safari,en-IN,-330,landscape,Ahmedabad,1580.99,2025-02-22 15:55:06,328,0,normal
user_59,session_599,Desktop,8,7,0,10,0.0,301,1366x768,Firefox,en-US,-330,landscape,Ahmedabad,4671.53,2025-01-04 20:40:38,338,0,normal
user_160,session_1610,Desktop,3,10,0,22,0.0,194,1920x1080,Firefox,en-IN,-330,landscape,Hyderabad,936.54,2025-01-17 15:05:37,175,0,normal
user_31,session_316,Desktop,8,8,0,10,0.0,130,1366x768,Safari,en-IN,-330,landscape,Delhi,5627.43,2025-03-26 09:15:37,308,0,normal
user_524,session_5243,Desktop,2,9,0,22,0.0,295,1440x900,Safari,en-IN,-330,landscape,Hyderabad,4665.41,2025-01-30 09:49:23,412,0,normal
user_227,session_2277,Desktop,4,6,0,22,0.0,185,1440x900,Safari,en-IN,-330,landscape,Ahmedabad,485.82,2025-03-03 12:19:08,491,0,normal
user_14,session_150,Mobile,3,11,8,9,0.39,111,414x896,Safari,en-IN,-330,landscape,Delhi,888.77,2025-05-17 11:04:03,53,0,normal
user_473,session_4734,Tablet,3,6,3,3,0.92,144,810x1080,Firefox,en-IN,-330,portrait,Bengaluru,1659.05,2025-01-24 11:05:01,24,0,normal
user_184,session_1845,Desktop,7,12,0,13,0.0,85,1440x900,Firefox,en-IN,-330,landscape,Bengaluru,7995.16,2025-05-23 18:21:02,319,0,normal
user_29,session_291,Desktop,5,8,0,16,0.0,53,1920x1080,Chrome,en-IN,-330,landscape,Ahmedabad,407.41,2025-01-10 11:42:40,259,0,normal
user_45,session_454,Desktop,7,13,0,24,0.0,240,1920x1080,Edge,hi-IN,-330,landscape,Pune,8073.97,2025-01-09 10:23:45,331,0,normal
user_596,session_5962,Tablet,5,4,0,0,1.19,251,810x1080,Safari,en-IN,-330,landscape,Delhi,5356.98,2025-01-20 19:06:56,0,0,normal
user_480,session_4809,Desktop,6,2,0,14,0.0,115,1366x768,Safari,en-IN,-330,landscape,Pune,8411.0,2025-05-15 12:52:03,330,0,normal
user_339,session_3397,Desktop,6,4,0,26,0.0,107,1366x768,Chrome,en-US,-330,landscape,Kolkata,1968.36,2025-04-28 14:08:38,79,0,normal
user_69,session_692,Mobile,4,8,9,8,0.05,162,414x896,Chrome,en-US,-330,portrait,Mumbai,948.46,2025-04-18 19:57:47,24,0,normal
user_114,session_1145,Desktop,8,5,0,20,0.0,36,1440x900,Edge,en-IN,-330,landscape,Mumbai,4248.79,2025-02-23 14:07:17,100,0,normal
user_163,session_1635,Tablet,6,9,7,2,0.17,148,810x1080,Firefox,en-IN,-330,landscape,Kolkata,9347.95,2025-04-29 14:13:25,36,0,normal
user_419,session_4193,Desktop,3,2,0,18,0.0,44,1440x900,Safari,en-US,-330,landscape,Hyderabad,10394.82,2025-03-25 14:11:39,175,0,normal
user_178,session_1781,Desktop,4,8,0,19,0.0,245,1920x1080,Safari,en-US,-330,landscape,Mumbai,1076.31,2025-03-23 08:06:02,453,0,normal
user_497,session_4971,Desktop,12,7,0,6,0.0,63,1440x900,Chrome,en-IN,-330,landscape,Kolkata,9529.24,2025-05-06 19:43:02,265,0,normal
user_365,session_3652,Desktop,6,15,0,4,0.0,168,1920x1080,Edge,en-IN,-330,landscape,Bengaluru,1409.26,2025-02-06 18:14:04,448,0,normal
user_65,session_656,Desktop,6,10,0,20,0.0,84,1920x1080,Edge,en-US,-330,landscape,Kolkata,654.6,2025-03-21 17:10:33,322,0,normal
user_313,session_3136,Mobile,5,7,2,21,0.92,162,414x896,Edge,en-IN,-330,portrait,Ahmedabad,2232.08,2025-04-03 22:01:37,17,0,normal
user_190,session_1903,Desktop,1,9,0,10,0.0,198,1440x900,Chrome,en-IN,-330,landscape,Kolkata,1803.21,2025-03-02 09:53:17,347,0,normal
user_442,session_4428,Desktop,3,10,0,0,0.0,141,1366x768,Chrome,en-IN,-330,landscape,Mumbai,200.87,2025-01-04 08:30:15,151,0,normal
user_103,session_1040,Desktop,6,6,0,7,0.0,118,1920x1080,Chrome,hi-IN,-330,landscape,Kolkata,5238.04,2025-05-04 18:06:25,309,0,normal
user_462,session_4630,Mobile,4,3,4,14,0.26,149,360x640,Chrome,en-US,-330,portrait,Hyderabad,7101.89,2025-03-08 20:23:12,29,0,normal
user_141,session_1412,Desktop,3,21,0,22,0.0,31,1366x768,Edge,en-IN,-330,landscape,Bengaluru,5066.88,2025-02-04 16:34:06,389,0,normal
user_574,session_5748,Tablet,10,9,9,31,0.27,108,768x1024,Firefox,en-IN,-330,landscape,Ahmedabad,6727.58,2025-04-19 10:56:11,56,0,normal
user_167,session_1673,Mobile,3,12,8,2,0.62,123,390x844,Chrome,en-IN,-330,portrait,Pune,3799.54,2025-03-11 14:36:33,40,0,normal
user_509,session_5096,Desktop,10,5,0,11,0.0,135,1920x1080,Chrome,hi-IN,-330,landscape,Ahmedabad,2320.17,2025-02-27 19:01:49,294,0,normal
user_137,session_1371,Tablet,4,12,6,1,0.48,209,810x1080,Firefox,en-IN,-330,landscape,Delhi,3544.1,2025-01-11 15:15:41,47,0,normal
user_508,session_5083,Desktop,5,2,0,12,0.0,87,1366x768,Edge,en-US,-330,landscape,Bengaluru,5463.2,2025-03-19 06:41:53,224,0,normal
user_313,session_3134,Mobile,10,2,7,16,0.4,166,414x896,Edge,en-IN,-330,portrait,Ahmedabad,3974.48,2025-05-26 21:05:36,25,0,normal
user_238,session_2381,Mobile,6,9,8,11,0.0,185,360x640,Safari,en-IN,-330,portrait,Bengaluru,3796.41,2025-04-29 09:44:44,11,0,normal
user_372,session_3721,Desktop,6,8,0,19,0.0,179,1366x768,Edge,en-IN,-330,landscape,Mumbai,8248.9,2025-04-02 14:28:23,256,0,normal
user_409,session_4092,Desktop,5,3,0,14,0.0,66,1440x900,Safari,en-IN,-330,landscape,Pune,6967.36,2025-05-25 20:30:57,273,0,normal
user_500,session_5007,Tablet,1,10,0,10,1.06,103,810x1080,Firefox,en-IN,-330,landscape,Ahmedabad,1356.73,2025-02-01 15:12:12,49,0,normal
user_162,session_1624,Desktop,6,4,0,6,0.0,101,1920x1080,Safari,en-IN,-330,landscape,Ahmedabad,7435.51,2025-03-19 20:04:51,385,0,normal
user_366,session_3670,Mobile,6,6,2,14,0.38,64,390x844,Edge,en-IN,-330,portrait,Chennai,5255.3,2025-01-30 09:24:14,15,0,normal
user_38,session_382,Desktop,3,5,0,1,0.0,114,1920x1080,Safari,en-IN,-330,landscape,Mumbai,1937.67,2025-03-08 15:04:13,437,0,normal
user_311,session_3115,Desktop,7,9,0,4,0.0,53,1440x900,Safari,en-IN,-330,landscape,Delhi,1933.99,2025-04-08 09:34:49,395,0,normal
user_182,session_1821,Desktop,7,9,0,28,0.0,139,1920x1080,Chrome,en-US,-330,landscape,Mumbai,3668.88,2025-03-22 14:55:26,522,0,normal
user_363,session_3631,Mobile,9,8,6,13,0.55,201,390x844,Edge,en-IN,-330,landscape,Mumbai,3849.21,2025-03-16 09:37:10,2,0,normal
user_42,session_423,Mobile,7,2,6,10,0.08,109,414x896,Firefox,en-IN,-330,portrait,Pune,7131.76,2025-03-31 13:17:34,40,0,normal
user_80,session_809,Mobile,1,7,7,9,0.53,151,414x896,Safari,en-IN,-330,portrait,Delhi,9971.68,2025-05-11 14:39:48,22,0,normal
user_137,session_1380,Tablet,2,15,5,14,0.45,200,810x1080,Firefox,en-IN,-330,landscape,Delhi,1382.33,2025-05-14 14:24:37,33,0,normal
user_166,session_1670,Desktop,0,12,0,12,0.0,288,1366x768,Chrome,hi-IN,-330,landscape,Ahmedabad,10130.51,2025-01-30 19:27:58,276,0,normal
user_209,session_2099,Desktop,3,4,0,0,0.0,148,1440x900,Firefox,en-IN,-330,landscape,Hyderabad,1890.55,2025-05-14 13:48:21,403,0,normal
user_552,session_5526,Mobile,4,9,2,13,0.49,178,414x896,Safari,en-US,-330,landscape,Mumbai,796.36,2025-04-22 13:32:23,11,0,normal
user_12,session_125,Mobile,4,4,0,15,0.2,91,414x896,Edge,en-IN,-330,portrait,Chennai,325.16,2025-05-10 12:31:08,10,0,normal
user_10,session_103,Mobile,2,9,3,11,0.54,285,360x640,Firefox,en-IN,-330,portrait,Kolkata,5625.97,2025-02-11 08:58:36,24,0,normal
user_405,session_4059,Mobile,1,4,5,15,0.42,90,414x896,Firefox,en-IN,-330,portrait,Kolkata,4664.41,2025-01-14 09:03:05,32,0,normal
user_173,session_1733,Mobile,10,9,9,12,0.49,221,360x640,Chrome,en-IN,-330,portrait,Kolkata,3943.39,2025-04-12 19:36:58,59,0,normal
user_303,session_3036,Desktop,7,6,0,3,0.0,139,1440x900,Edge,en-US,-330,landscape,Ahmedabad,2836.74,2025-05-13 06:24:43,197,0,normal
user_291,session_2916,Mobile,9,6,8,15,0.81,31,360x640,Chrome,en-IN,-330,landscape,Mumbai,3093.94,2025-04-08 08:27:00,67,0,normal
user_48,session_487,Desktop,0,11,0,11,0.0,39,1440x900,Safari,en-IN,-330,landscape,Hyderabad,2332.35,2025-03-11 14:12:23,124,0,normal
user_112,session_1129,Mobile,7,10,0,14,0.0,201,360x640,Chrome,en-IN,-330,landscape,Kolkata,500.0,2025-03-25 09:52:24,87,1,account_takeover
user_361,session_3618,Mobile,2,11,13,23,0.52,50,360x640,Chrome,en-IN,-330,portrait,Mumbai,1681.78,2025-01-19 18:03:01,53,0,normal
user_151,session_1515,Mobile,11,3,1,14,0.74,242,390x844,Safari,en-IN,-330,portrait,Chennai,629.26,2025-01-25 14:15:21,47,0,normal
user_13,session_136,Desktop,1,5,0,8,0.0,91,1920x1080,Edge,en-IN,-330,landscape,Hyderabad,2178.87,2025-01-24 13:49:28,302,0,normal
user_259,session_2599,Desktop,6,9,0,12,0.0,177,1366x768,Edge,en-IN,-330,landscape,Delhi,3682.88,2025-03-02 15:10:56,78,0,normal
user_200,session_2003,Desktop,9,1,0,9,0.0,265,1366x768,Firefox,en-US,-330,landscape,Kolkata,5219.27,2025-02-06 10:43:45,425,0,normal
user_283,session_2834,Desktop,3,5,0,10,0.0,197,1366x768,Chrome,en-IN,-330,landscape,Kolkata,4716.5,2025-05-18 08:40:35,428,0,normal
user_181,session_1818,Desktop,5,5,0,13,0.0,229,1366x768,Safari,en-IN,-330,landscape,Delhi,544.83,2025-04-04 21:41:41,165,0,normal
user_75,session_753,Mobile,8,8,5,22,0.0,112,414x896,Safari,en-US,-330,landscape,Kolkata,3271.07,2025-02-01 13:05:45,66,0,normal
user_400,session_4002,Desktop,4,0,0,5,0.0,67,1366x768,Firefox,en-IN,-330,landscape,Hyderabad,7409.67,2025-02-04 18:05:37,274,0,normal
user_502,session_5028,Desktop,10,9,0,13,0.0,110,1366x768,Safari,en-IN,-330,landscape,Chennai,1154.39,2025-04-18 11:50:37,287,0,normal
user_110,session_1104,Desktop,11,12,0,23,0.0,156,1920x1080,Firefox,en-IN,-330,landscape,Chennai,4397.04,2025-03-14 22:52:57,224,0,normal
user_537,session_5371,Desktop,4,8,0,25,0.0,63,1440x900,Edge,en-IN,-330,landscape,Pune,7144.06,2025-04-23 15:48:55,249,0,normal
user_231,session_2317,Desktop,10,17,0,12,0.0,183,1366x768,Firefox,en-US,-330,landscape,Chennai,4868.55,2025-05-18 15:26:17,238,0,normal
user_191,session_1919,Desktop,8,8,0,5,0.0,101,1366x768,Chrome,en-IN,-330,landscape,Mumbai,2753.79,2025-04-14 12:26:49,101,0,normal
user_154,session_1544,Desktop,5,9,0,4,0.0,97,1366x768,Chrome,en-IN,-330,landscape,Pune,4567.09,2025-04-27 15:36:11,258,0,normal
user_366,session_3668,Mobile,0,1,5,5,0.76,124,390x844,Edge,en-IN,-330,landscape,Chennai,8366.1,2025-04-23 08:25:06,32,0,normal
user_444,session_4442,Desktop,2,8,0,13,0.0,170,1440x900,Edge,en-IN,-330,landscape,Hyderabad,6763.19,2025-04-09 11:22:27,151,0,normal
user_370,session_3707,Desktop,7,9,0,10,0.0,174,1440x900,Firefox,en-IN,-330,landscape,Pune,7347.87,2025-04-20 10:42:06,223,0,normal
user_117,session_1177,Desktop,5,8,0,7,0.0,270,1440x900,Firefox,en-IN,-330,landscape,Mumbai,617.65,2025-01-02 02:01:24,86,0,normal
user_155,session_1560,Mobile,0,12,6,14,0.74,116,390x844,Firefox,en-IN,-330,portrait,Chennai,5653.89,2025-03-18 16:22:39,45,0,normal
user_566,session_5664,Desktop,1,8,0,21,0.0,60,1920x1080,Firefox,en-IN,-330,landscape,Ahmedabad,815.49,2025-03-29 14:13:40,341,0,normal
user_14,session_145,Mobile,8,12,4,7,0.12,82,414x896,Safari,en-IN,-330,portrait,Delhi,828.51,2025-03-31 14:03:58,58,0,normal
user_38,session_381,Desktop,9,8,0,29,0.0,59,1920x1080,Safari,en-IN,-330,landscape,Mumbai,2764.76,2025-05-21 21:14:06,303,0,normal
user_143,session_1434,Desktop,7,11,0,14,0.0,232,1440x900,Edge,en-IN,-330,landscape,Bengaluru,1542.15,2025-05-08 07:51:06,211,0,normal
user_109,session_1096,Desktop,4,4,0,22,0.0,201,1366x768,Edge,en-IN,-330,landscape,Ahmedabad,2447.11,2025-05-22 10:09:53,281,0,normal
user_541,session_5414,Desktop,5,4,0,17,0.0,130,1366x768,Chrome,en-US,-330,landscape,Kolkata,1097.2,2025-05-03 17:28:14,390,0,normal
user_12,session_122,Mobile,3,13,12,20,0.43,46,414x896,Edge,en-IN,-330,landscape,Chennai,250.89,2025-01-17 10:51:18,38,0,normal
user_556,session_5566,Mobile,5,9,0,6,0.44,77,414x896,Firefox,en-IN,-330,landscape,Bengaluru,6851.26,2025-05-08 06:07:01,72,0,normal
user_61,session_612,Desktop,6,13,0,14,0.0,84,1440x900,Edge,en-IN,-330,landscape,Chennai,3183.57,2025-05-20 11:46:17,323,0,normal
user_482,session_4825,Desktop,5,6,0,1,0.0,47,1920x1080,Firefox,en-US,-330,landscape,Kolkata,4853.55,2025-04-28 21:21:20,336,0,normal
user_194,session_1942,Desktop,3,10,0,18,0.0,244,1920x1080,Safari,hi-IN,-330,landscape,Mumbai,8422.38,2025-02-23 14:44:45,202,0,normal
user_41,session_419,Desktop,4,6,0,11,0.0,59,1920x1080,Safari,en-IN,-330,landscape,Mumbai,904.89,2025-01-30 17:21:50,272,0,normal
user_225,session_2253,Desktop,1,5,0,18,0.0,149,1440x900,Chrome,en-IN,-330,landscape,Hyderabad,7201.25,2025-04-29 07:32:47,188,0,normal
user_135,session_1351,Mobile,7,11,3,23,0.94,111,414x896,Firefox,en-IN,-330,portrait,Kolkata,3405.71,2025-05-13 06:03:39,45,0,normal
user_230,session_2304,Mobile,5,7,9,19,0.16,243,360x640,Edge,en-IN,-330,portrait,Bengaluru,2890.6,2025-01-01 12:24:12,15,0,normal
user_543,session_5434,Desktop,7,11,0,10,0.0,96,1366x768,Edge,en-IN,-330,landscape,Mumbai,6962.13,2025-03-24 09:50:36,365,0,normal
user_425,session_4259,Desktop,12,11,0,14,0.0,159,1366x768,Chrome,hi-IN,-330,landscape,Mumbai,7581.49,2025-04-27 14:15:02,255,0,normal
user_197,session_1979,Desktop,4,9,0,25,0.0,185,1440x900,Safari,en-IN,-330,landscape,Chennai,3369.2,2025-04-02 16:45:16,343,0,normal
user_447,session_4480,Tablet,10,9,5,16,0.52,119,768x1024,Firefox,hi-IN,-330,portrait,Mumbai,1932.36,2025-05-28 12:43:41,42,0,normal
user_130,session_1303,Mobile,10,15,7,20,0.36,117,414x896,Safari,en-IN,-330,portrait,Chennai,1365.58,2025-05-27 07:13:00,55,0,normal
user_305,session_3056,Desktop,11,7,0,12,0.0,107,1440x900,Firefox,hi-IN,-330,landscape,Kolkata,8008.81,2025-01-12 10:47:40,295,0,normal
user_24,session_249,Desktop,5,5,0,0,0.0,130,1920x1080,Firefox,en-US,-330,landscape,Ahmedabad,1194.32,2025-05-07 18:38:02,54,0,normal
user_139,session_1398,Tablet,9,0,10,24,0.93,67,768x1024,Chrome,en-IN,-330,landscape,Hyderabad,2466.0,2025-03-02 22:12:28,49,0,normal
user_402,session_4029,Mobile,11,10,4,17,0.0,87,360x640,Safari,en-IN,-330,portrait,Bengaluru,9836.26,2025-05-24 07:05:32,67,0,normal
user_44,session_448,Desktop,5,10,0,9,0.0,86,1920x1080,Safari,en-IN,-330,landscape,Ahmedabad,7735.95,2025-01-23 07:39:06,252,0,normal
user_142,session_1426,Desktop,7,11,0,9,0.0,148,1440x900,Chrome,en-IN,-330,landscape,Chennai,10445.93,2025-05-05 09:57:03,460,0,normal
user_468,session_4687,Mobile,7,10,2,10,0.36,140,414x896,Safari,en-US,-330,portrait,Delhi,4977.07,2025-01-23 20:35:39,49,0,normal
user_119,session_1200,Desktop,9,10,0,14,0.0,101,1440x900,Safari,en-IN,-330,landscape,Pune,7757.24,2025-05-24 13:48:58,66,0,normal
user_142,session_1422,Desktop,1,3,0,22,0.0,164,1440x900,Chrome,en-IN,-330,landscape,Chennai,1511.91,2025-03-05 07:22:04,551,0,normal
user_455,session_4558,Desktop,5,4,0,21,0.0,257,1920x1080,Firefox,en-US,-330,landscape,Ahmedabad,7629.6,2025-01-28 15:59:23,153,0,normal
user_376,session_3765,Desktop,9,15,0,4,0.0,107,1366x768,Firefox,en-IN,-330,landscape,Chennai,6258.24,2025-02-25 12:39:04,316,0,normal
user_391,session_3917,Desktop,12,7,0,21,0.0,128,1440x900,Edge,en-IN,-330,landscape,Delhi,1338.49,2025-05-01 21:54:37,500,0,normal
user_447,session_4474,Tablet,8,15,2,10,0.75,174,768x1024,Firefox,hi-IN,-330,landscape,Mumbai,64.57,2025-02-20 09:21:28,26,0,normal
user_466,session_4665,Desktop,6,3,0,8,0.0,88,1440x900,Edge,en-IN,-330,landscape,Bengaluru,1845.41,2025-03-29 11:45:07,252,0,normal
user_472,session_4728,Mobile,13,6,9,8,0.53,137,360x640,Safari,en-IN,-330,landscape,Kolkata,4485.3,2025-01-21 19:52:45,42,0,normal
user_411,session_4114,Desktop,7,1,0,5,0.0,223,1440x900,Safari,en-IN,-330,landscape,Chennai,5118.62,2025-01-12 11:50:39,502,0,normal
user_350,session_3510,Desktop,4,15,0,20,0.0,138,1920x1080,Firefox,en-IN,-330,landscape,Delhi,2232.56,2025-04-22 22:42:18,355,0,normal
user_288,session_2886,Tablet,0,1,0,12,0.1,55,768x1024,Edge,hi-IN,-330,landscape,Kolkata,5745.61,2025-02-24 15:42:59,83,0,normal
user_153,session_1536,Desktop,1,7,0,20,0.0,297,1920x1080,Safari,en-IN,-330,landscape,Hyderabad,1044.61,2025-05-27 18:14:58,230,0,normal
user_41,session_415,Desktop,7,4,0,14,0.0,84,1920x1080,Safari,en-IN,-330,landscape,Mumbai,471.27,2025-01-14 15:39:58,78,0,normal
user_458,session_4586,Mobile,4,3,0,19,1.36,104,360x640,Firefox,en-US,-330,landscape,Delhi,7353.17,2025-04-26 11:37:14,28,0,normal
user_172,session_1721,Desktop,9,8,0,20,0.0,104,1440x900,Edge,en-IN,-330,landscape,Chennai,2954.67,2025-04-13 09:31:48,405,0,normal
user_65,session_655,Desktop,0,9,0,30,0.0,33,1920x1080,Edge,en-US,-330,landscape,Kolkata,425.09,2025-03-09 18:53:13,578,0,normal
user_356,session_3561,Desktop,7,7,0,20,0.0,141,1920x1080,Safari,en-IN,-330,landscape,Mumbai,701.43,2025-02-28 18:57:10,243,0,normal
user_100,session_1003,Desktop,8,7,0,15,0.0,191,1366x768,Edge,en-IN,-330,landscape,Bengaluru,4236.06,2025-02-25 09:20:32,485,0,normal
user_445,session_4455,Mobile,3,13,1,15,0.54,237,390x844,Firefox,en-IN,-330,landscape,Ahmedabad,5167.71,2025-02-23 12:22:05,65,0,normal
user_337,session_3373,Mobile,12,12,1,12,0.72,172,390x844,Safari,en-IN,-330,landscape,Hyderabad,649.52,2025-05-05 11:28:10,27,0,normal
user_397,session_3974,Mobile,2,8,3,18,0.65,33,390x844,Safari,en-IN,-330,landscape,Mumbai,2892.8,2025-03-31 09:23:11,32,0,normal
user_591,session_5913,Mobile,6,10,0,12,0.0,91,390x844,Chrome,hi-IN,-330,portrait,Kolkata,2369.43,2025-03-24 20:12:59,539,1,device_spoof
user_148,session_1488,Desktop,13,12,0,25,0.0,126,1440x900,Chrome,hi-IN,-330,landscape,Mumbai,4325.16,2025-04-10 09:02:14,538,0,normal
user_58,session_590,Desktop,4,10,0,31,0.0,88,1366x768,Safari,en-US,-330,landscape,Delhi,4126.89,2025-05-03 12:14:55,468,0,normal
user_208,session_2087,Desktop,6,5,0,14,0.0,144,1366x768,Safari,en-US,-330,landscape,Mumbai,4208.9,2025-04-18 08:44:19,285,0,normal
user_360,session_3609,Desktop,4,14,0,18,0.0,78,1366x768,Chrome,en-US,-330,landscape,Ahmedabad,6572.22,2025-01-13 14:20:40,273,0,normal
user_451,session_4517,Mobile,7,7,4,10,0.61,120,414x896,Firefox,en-IN,-330,portrait,Ahmedabad,484.35,2025-04-28 19:53:23,3,0,normal
user_160,session_1601,Desktop,1,1,0,7,0.0,281,1920x1080,Firefox,en-IN,-330,landscape,Hyderabad,1214.68,2025-01-13 16:37:24,292,0,normal
user_528,session_5290,Tablet,4,7,2,1,0.34,117,768x1024,Chrome,en-IN,-330,landscape,Delhi,210.33,2025-04-11 12:57:50,17,0,normal
user_283,session_2837,Desktop,8,0,0,8,0.0,182,1366x768,Chrome,en-IN,-330,landscape,Kolkata,7166.21,2025-05-23 06:46:47,236,0,normal
user_235,session_2358,Desktop,12,2,20,8,1.62,45,1440x900,Safari,en-IN,-330,landscape,Bengaluru,6095.17,2025-05-02 11:44:57,183,1,device_spoof
user_99,session_995,Mobile,3,8,11,9,0.64,104,360x640,Chrome,en-IN,-330,landscape,Pune,414.55,2025-03-24 23:58:34,36,0,normal
user_219,session_2198,Desktop,4,8,0,10,0.0,54,1440x900,Chrome,en-IN,-330,landscape,Chennai,1689.56,2025-03-03 20:57:32,96,0,normal
user_187,session_1880,Desktop,3,6,0,11,0.0,73,1920x1080,Safari,en-IN,-330,landscape,Kolkata,1373.18,2025-05-24 21:25:24,107,0,normal
user_456,session_4565,Desktop,6,11,0,13,0.0,277,1366x768,Firefox,en-IN,-330,landscape,Pune,2122.37,2025-03-13 12:37:27,397,0,normal
user_137,session_1372,Tablet,6,15,5,9,0.99,189,810x1080,Firefox,en-IN,-330,portrait,Delhi,2230.59,2025-05-15 12:20:42,23,0,normal
user_187,session_1874,Desktop,4,8,0,9,0.0,42,1920x1080,Safari,en-IN,-330,landscape,Kolkata,1048.56,2025-04-06 17:51:05,171,0,normal
user_20,session_209,Desktop,7,4,0,8,0.0,34,1920x1080,Edge,en-IN,-330,landscape,Chennai,9765.41,2025-02-02 08:27:54,151,0,normal
user_481,session_4813,Desktop,8,7,0,21,0.0,69,1920x1080,Firefox,hi-IN,-330,landscape,Hyderabad,1427.64,2025-03-28 10:25:14,226,0,normal
user_424,session_4241,Mobile,4,9,2,8,0.99,174,414x896,Firefox,en-IN,-330,landscape,Kolkata,709.84,2025-03-01 15:16:45,45,0,normal
user_42,session_426,Mobile,9,7,1,10,0.98,272,414x896,Firefox,en-IN,-330,portrait,Pune,3001.16,2025-02-08 11:17:18,3,0,normal
user_578,session_5787,Desktop,6,5,0,4,0.0,179,1920x1080,Edge,en-IN,-330,landscape,Delhi,3123.97,2025-01-01 23:21:38,279,0,normal
user_140,session_1407,Mobile,10,13,6,24,0.92,159,360x640,Edge,hi-IN,-330,landscape,Mumbai,608.47,2025-05-17 19:41:58,71,0,normal
user_564,session_5649,Desktop,9,14,0,12,0.0,154,1440x900,Chrome,en-IN,-330,landscape,Mumbai,1631.17,2025-04-02 17:26:57,253,0,normal
user_110,session_1109,Desktop,9,17,0,20,0.0,243,1920x1080,Firefox,en-IN,-330,landscape,Chennai,3531.77,2025-02-19 21:26:35,465,0,normal
user_527,session_5273,Desktop,0,7,0,6,0.0,350,1920x1080,Edge,hi-IN,-330,landscape,Ahmedabad,5117.24,2025-04-01 13:14:53,325,0,normal
user_11,session_111,Mobile,0,9,2,2,0.6,129,360x640,Chrome,en-IN,-330,landscape,Delhi,3815.71,2025-03-13 22:21:00,17,0,normal
user_307,session_3075,Desktop,7,11,0,27,0.0,115,1440x900,Firefox,en-US,-330,landscape,Bengaluru,4830.35,2025-04-24 19:01:57,330,0,normal
user_582,session_5826,Desktop,5,3,0,10,0.0,237,1440x900,Firefox,hi-IN,-330,landscape,Delhi,3363.04,2025-02-27 23:14:44,253,0,normal
user_226,session_2264,Desktop,8,13,0,8,0.0,143,1366x768,Edge,en-IN,-330,landscape,Pune,6104.66,2025-05-16 05:56:10,257,0,normal
user_254,session_2549,Desktop,5,5,0,20,0.0,218,1920x1080,Safari,en-IN,-330,landscape,Mumbai,1615.79,2025-03-29 23:40:52,293,0,normal
user_203,session_2035,Desktop,2,14,0,0,0.0,171,1366x768,Chrome,en-IN,-330,landscape,Chennai,7523.65,2025-02-08 13:07:12,240,0,normal
user_117,session_1173,Desktop,1,2,0,2,0.0,299,1440x900,Firefox,en-IN,-330,landscape,Mumbai,1866.39,2025-04-14 05:38:33,167,0,normal
user_376,session_3769,Desktop,3,15,0,15,0.0,86,1366x768,Firefox,en-IN,-330,landscape,Chennai,5362.71,2025-04-04 16:47:39,490,0,normal
user_244,session_2446,Desktop,3,12,0,15,0.0,256,1366x768,Firefox,en-IN,-330,landscape,Delhi,9154.76,2025-02-13 05:53:15,457,0,normal
user_318,session_3183,Tablet,4,0,6,19,0.79,82,810x1080,Safari,en-IN,-330,portrait,Hyderabad,6368.22,2025-01-23 18:55:50,23,0,normal
user_294,session_2946,Desktop,6,7,0,13,0.0,204,1440x900,Edge,en-IN,-330,landscape,Hyderabad,8618.78,2025-04-29 11:46:53,151,0,normal
user_459,session_4592,Desktop,8,4,0,7,0.0,124,1920x1080,Firefox,en-IN,-330,landscape,Delhi,5528.26,2025-02-01 19:18:34,316,0,normal
user_458,session_4590,Mobile,3,2,3,11,0.15,262,360x640,Firefox,en-US,-330,portrait,Delhi,5334.89,2025-02-11 16:59:26,24,0,normal
user_361,session_3612,Mobile,9,2,8,18,0.26,54,360x640,Chrome,en-IN,-330,landscape,Mumbai,1875.16,2025-02-01 20:57:19,43,0,normal
user_393,session_3938,Mobile,4,4,3,5,0.54,134,390x844,Edge,en-IN,-330,landscape,Mumbai,4212.16,2025-03-09 12:03:39,38,0,normal
user_214,session_2147,Mobile,2,0,2,18,0.79,245,390x844,Chrome,en-IN,-330,landscape,Mumbai,8816.17,2025-05-25 20:35:36,26,0,normal
user_575,session_5752,Mobile,6,8,0,14,0.81,101,360x640,Edge,en-IN,-330,portrait,Chennai,4549.62,2025-05-19 17:25:38,29,0,normal
user_146,session_1469,Desktop,6,3,0,15,0.0,52,1440x900,Firefox,en-IN,-330,landscape,Bengaluru,5677.93,2025-05-26 13:02:21,178,0,normal
user_43,session_438,Desktop,2,8,0,17,0.0,71,1366x768,Safari,en-IN,-330,landscape,Delhi,2828.98,2025-02-14 12:35:02,361,0,normal
user_578,session_5788,Desktop,7,8,0,2,0.0,137,1920x1080,Edge,en-IN,-330,landscape,Delhi,577.66,2025-05-19 23:02:46,177,0,normal
user_105,session_1058,Desktop,8,8,0,19,0.0,159,1920x1080,Edge,en-IN,-330,landscape,Hyderabad,8361.79,2025-01-20 15:06:05,423,0,normal
user_279,session_2796,Mobile,6,11,5,20,0.18,108,390x844,Safari,en-US,-330,landscape,Kolkata,4778.8,2025-01-04 20:17:00,53,0,normal
user_10,session_108,Mobile,3,6,3,9,0.69,239,360x640,Firefox,en-IN,-330,portrait,Kolkata,1501.15,2025-05-19 07:56:03,48,0,normal
user_355,session_3553,Mobile,4,10,2,11,0.73,59,414x896,Firefox,hi-IN,-330,portrait,Ahmedabad,1421.91,2025-01-17 19:09:34,45,0,normal
user_2,session_30,Mobile,0,8,0,8,0.14,127,414x896,Safari,en-IN,-330,portrait,Mumbai,3289.0,2025-03-10 17:31:50,46,0,normal
user_223,session_2233,Mobile,7,8,0,8,0.17,294,414x896,Edge,en-US,-330,portrait,Kolkata,369.19,2025-01-24 11:10:21,34,0,normal
user_88,session_890,Desktop,6,17,0,18,0.0,93,1440x900,Edge,en-US,-330,landscape,Bengaluru,6550.41,2025-05-22 14:18:44,498,0,normal
user_306,session_3066,Desktop,4,4,0,16,0.0,160,1440x900,Chrome,en-IN,-330,landscape,Pune,7727.67,2025-05-22 12:04:32,250,0,normal
user_163,session_1631,Tablet,5,10,7,16,0.0,61,810x1080,Firefox,en-IN,-330,portrait,Kolkata,12226.36,2025-04-18 11:12:02,61,0,normal
user_75,session_752,Mobile,4,3,5,19,0.56,120,414x896,Safari,en-US,-330,portrait,Kolkata,2460.69,2025-02-21 13:04:19,24,0,normal
user_235,session_2359,Desktop,9,1,0,26,0.0,73,1440x900,Safari,en-IN,-330,landscape,Bengaluru,2494.44,2025-03-13 14:07:55,291,0,normal
user_58,session_585,Desktop,6,11,0,17,0.0,108,1366x768,Safari,en-US,-330,landscape,Delhi,5660.45,2025-04-28 17:24:41,312,0,normal
user_193,session_1935,Mobile,4,10,11,7,1.08,184,414x896,Edge,en-US,-330,landscape,Pune,539.63,2025-05-03 14:16:47,48,0,normal
user_498,session_4983,Desktop,8,2,0,25,0.0,223,1920x1080,Safari,en-IN,-330,landscape,Hyderabad,3345.26,2025-02-04 19:36:23,335,0,normal
user_235,session_2351,Desktop,5,12,0,11,0.0,77,1440x900,Safari,en-IN,-330,landscape,Bengaluru,2326.45,2025-03-15 14:18:24,200,0,normal
user_560,session_5606,Desktop,10,8,0,1,0.0,131,1366x768,Chrome,en-US,-330,landscape,Hyderabad,3623.84,2025-03-29 09:15:15,73,0,normal
user_521,session_5215,Tablet,6,5,10,26,0.0,63,810x1080,Firefox,en-IN,-330,portrait,Chennai,8697.48,2025-01-28 20:51:05,82,0,normal
user_384,session_3847,Mobile,6,7,1,16,0.2,175,414x896,Chrome,en-US,-330,landscape,Hyderabad,9764.69,2025-04-06 15:42:10,58,0,normal
user_511,session_5119,Mobile,5,10,7,13,0.59,213,360x640,Chrome,en-IN,-330,landscape,Pune,4948.85,2025-01-20 10:54:54,35,0,normal
user_594,session_5949,Desktop,3,14,0,26,0.0,65,1366x768,Firefox,en-IN,-330,landscape,Delhi,2705.45,2025-03-06 20:56:01,409,0,normal
user_231,session_2318,Desktop,7,12,0,25,0.0,259,1366x768,Firefox,en-US,-330,landscape,Chennai,4111.29,2025-05-22 11:05:03,643,0,normal
user_134,session_1345,Desktop,4,3,0,13,0.0,206,1920x1080,Edge,en-IN,-330,landscape,Pune,2367.33,2025-02-17 16:54:47,460,0,normal
user_344,session_3442,Desktop,0,8,0,9,0.0,168,1366x768,Safari,en-IN,-330,landscape,Pune,3203.99,2025-04-30 17:07:50,288,0,normal
user_463,session_4636,Desktop,0,16,0,12,0.0,28,1920x1080,Safari,en-US,-330,landscape,Ahmedabad,19772.73,2025-05-24 02:46:58,270,1,odd_hour_drain
user_587,session_5871,Desktop,2,11,0,3,0.0,186,1440x900,Chrome,en-IN,-330,landscape,Bengaluru,5647.03,2025-03-03 23:57:53,231,0,normal
user_96,session_970,Tablet,6,14,0,19,1.16,144,768x1024,Safari,en-US,-330,portrait,Hyderabad,2112.58,2025-04-28 08:01:39,0,0,normal
user_17,session_180,Desktop,8,6,0,12,0.0,120,1366x768,Firefox,en-IN,-330,landscape,Bengaluru,8528.25,2025-04-30 13:52:42,529,0,normal
user_279,session_2795,Mobile,9,7,4,22,0.09,90,390x844,Safari,en-US,-330,landscape,Kolkata,7904.21,2025-02-24 22:21:12,18,0,normal
user_150,session_1508,Mobile,6,5,5,2,0.43,291,360x640,Safari,en-IN,-330,portrait,Kolkata,8395.69,2025-05-26 12:54:01,23,0,normal
user_404,session_4047,Mobile,5,7,4,8,0.53,133,414x896,Safari,en-IN,-330,portrait,Hyderabad,7043.59,2025-01-14 07:23:59,41,0,normal
user_213,session_2139,Desktop,6,9,0,19,0.0,282,1366x768,Chrome,en-IN,-330,landscape,Hyderabad,8370.04,2025-02-26 17:59:11,216,0,normal
user_582,session_5829,Desktop,11,0,0,13,0.0,282,1440x900,Firefox,hi-IN,-330,landscape,Delhi,5382.83,2025-03-03 19:17:35,0,0,normal
user_348,session_3488,Desktop,10,7,0,15,0.0,50,1920x1080,Chrome,en-IN,-330,landscape,Mumbai,9986.69,2025-03-10 07:20:34,305,0,normal
user_453,session_4537,Desktop,10,2,0,17,0.0,259,1920x1080,Chrome,en-US,-330,landscape,Bengaluru,1538.78,2025-04-12 09:04:00,365,0,normal
user_528,session_5287,Tablet,8,5,2,8,1.25,201,768x1024,Chrome,en-IN,-330,landscape,Delhi,187.72,2025-01-23 14:06:30,17,0,normal
user_549,session_5496,Desktop,7,15,0,5,0.0,144,1440x900,Chrome,en-IN,-330,landscape,Pune,2382.41,2025-02-22 09:15:03,264,0,normal
user_186,session_1868,Desktop,6,15,0,11,0.0,189,1920x1080,Edge,en-US,-330,landscape,Bengaluru,3611.66,2025-02-12 15:27:23,235,0,normal
user_9,session_91,Desktop,5,6,0,25,0.0,90,1440x900,Safari,en-IN,-330,landscape,Hyderabad,6517.46,2025-02-24 18:31:11,277,0,normal
user_281,session_2816,Desktop,8,12,0,14,0.0,158,1920x1080,Firefox,en-IN,-330,landscape,Ahmedabad,4256.67,2025-03-19 14:18:04,377,0,normal
user_340,session_3410,Tablet,6,15,2,3,0.1,188,810x1080,Safari,en-US,-330,portrait,Bengaluru,1036.13,2025-01-26 13:43:51,39,0,normal
user_240,session_2406,Tablet,6,3,6,17,0.56,127,768x1024,Firefox,en-US,-330,portrait,Pune,880.09,2025-01-03 20:07:44,35,0,normal
user_247,session_2472,Tablet,0,12,2,9,0.59,139,768x1024,Firefox,en-IN,-330,landscape,Bengaluru,5664.26,2025-04-21 23:28:55,12,0,normal
user_62,session_625,Desktop,7,12,0,23,0.0,40,1440x900,Edge,en-US,-330,landscape,Hyderabad,7995.18,2025-05-29 08:40:47,486,0,normal
user_6,session_70,Mobile,7,10,3,14,1.36,215,390x844,Safari,en-US,-330,portrait,Hyderabad,8160.65,2025-01-13 16:04:20,63,0,normal
user_362,session_3625,Desktop,9,0,0,11,0.0,105,1366x768,Safari,en-US,-330,landscape,Ahmedabad,1010.68,2025-02-04 12:36:03,290,0,normal
user_150,session_1506,Mobile,3,3,3,5,1.38,234,360x640,Safari,en-IN,-330,landscape,Kolkata,8985.01,2025-02-07 15:56:30,35,0,normal
user_349,session_3492,Mobile,10,13,13,6,0.39,219,414x896,Firefox,en-IN,-330,landscape,Hyderabad,11887.49,2025-01-07 13:09:52,44,0,normal
user_513,session_5138,Desktop,4,0,0,11,0.0,152,1920x1080,Safari,en-US,-330,landscape,Kolkata,1210.59,2025-03-01 21:55:59,226,0,normal
user_466,session_4670,Desktop,3,6,0,12,0.0,108,1440x900,Edge,en-IN,-330,landscape,Bengaluru,4631.49,2025-05-24 07:34:16,230,0,normal
user_76,session_765,Mobile,4,17,4,11,0.21,250,414x896,Firefox,en-IN,-330,landscape,Kolkata,7373.8,2025-02-08 13:45:16,31,0,normal
user_29,session_294,Desktop,11,4,0,31,0.0,74,1920x1080,Chrome,en-IN,-330,landscape,Ahmedabad,1497.81,2025-02-10 09:42:20,490,0,normal
user_435,session_4353,Mobile,6,13,5,29,0.23,108,414x896,Firefox,en-IN,-330,portrait,Hyderabad,5690.44,2025-02-25 21:27:26,56,0,normal
user_44,session_446,Desktop,10,15,0,12,0.0,59,1920x1080,Safari,en-IN,-330,landscape,Ahmedabad,13074.04,2025-05-09 11:34:46,301,0,normal
user_46,session_469,Mobile,5,9,5,0,0.77,242,414x896,Edge,en-IN,-330,portrait,Pune,5997.06,2025-04-23 12:04:01,33,0,normal
user_343,session_3436,Desktop,5,7,0,19,0.0,226,1920x1080,Firefox,en-IN,-330,landscape,Hyderabad,5429.77,2025-03-14 20:46:25,254,0,normal
user_121,session_1220,Desktop,6,4,0,14,0.0,104,1440x900,Firefox,en-IN,-330,landscape,Pune,1578.6,2025-02-06 08:15:53,390,0,normal
user_43,session_433,Desktop,7,9,0,12,0.0,121,1366x768,Safari,en-IN,-330,landscape,Delhi,4885.9,2025-01-18 13:38:40,340,0,normal
user_318,session_3188,Tablet,8,11,5,13,0.57,80,810x1080,Safari,en-IN,-330,portrait,Hyderabad,3771.68,2025-01-16 17:22:09,56,0,normal
user_148,session_1489,Desktop,8,10,0,17,0.0,85,1440x900,Chrome,hi-IN,-330,landscape,Mumbai,5024.18,2025-03-01 18:21:22,409,0,normal
user_354,session_3548,Mobile,4,10,9,26,0.49,179,360x640,Safari,en-IN,-330,portrait,Pune,3047.85,2025-04-01 12:41:56,42,0,normal
user_375,session_3752,Desktop,9,11,0,11,0.0,68,1440x900,Firefox,hi-IN,-330,landscape,Pune,5952.01,2025-04-11 12:00:23,130,0,normal
user_57,session_578,Desktop,3,5,0,17,0.0,101,1366x768,Edge,en-IN,-330,landscape,Bengaluru,10184.53,2025-03-13 06:16:18,332,0,normal
user_217,session_2174,Tablet,6,6,2,14,0.1,62,810x1080,Firefox,hi-IN,-330,landscape,Pune,4127.98,2025-03-25 17:59:40,28,0,normal
user_24,session_246,Desktop,6,3,0,10,0.0,248,1920x1080,Firefox,en-US,-330,landscape,Ahmedabad,1459.26,2025-02-14 16:01:44,225,0,normal
user_419,session_4191,Desktop,4,10,0,9,0.0,17,1440x900,Safari,en-US,-330,landscape,Hyderabad,21529.54,2025-03-20 01:21:33,384,1,odd_hour_drain
user_36,session_368,Tablet,7,3,3,13,0.83,122,810x1080,Edge,en-IN,-330,landscape,Hyderabad,1892.48,2025-03-01 15:04:50,28,0,normal
user_456,session_4569,Desktop,7,0,0,19,0.0,195,1366x768,Firefox,en-IN,-330,landscape,Pune,2403.32,2025-02-09 12:58:23,245,0,normal
user_290,session_2901,Desktop,6,7,0,14,0.0,25,1440x900,Chrome,en-IN,-330,landscape,Kolkata,4958.23,2025-05-03 22:43:20,242,0,normal
user_161,session_1612,Mobile,0,8,0,2,0.61,289,360x640,Edge,en-IN,-330,landscape,Pune,2037.07,2025-04-27 15:04:30,57,0,normal
user_284,session_2846,Desktop,6,8,0,11,0.0,99,1440x900,Firefox,en-IN,-330,landscape,Bengaluru,3878.46,2025-02-02 18:59:21,342,0,normal
user_378,session_3785,Desktop,7,12,0,12,0.0,83,1920x1080,Safari,en-IN,-330,landscape,Ahmedabad,4066.94,2025-04-28 21:08:40,214,0,normal
user_420,session_4210,Desktop,0,5,0,6,0.0,143,1366x768,Safari,en-IN,-330,landscape,Mumbai,2374.29,2025-02-05 15:03:30,443,0,normal
user_550,session_5501,Desktop,5,7,0,3,0.0,74,1920x1080,Edge,en-IN,-330,landscape,Hyderabad,3973.02,2025-05-30 23:55:01,368,0,normal
user_124,session_1243,Mobile,3,13,4,13,0.29,188,360x640,Chrome,en-IN,-330,landscape,Mumbai,7882.21,2025-02-24 18:15:47,30,0,normal
user_237,session_2371,Desktop,5,4,0,19,0.0,160,1440x900,Safari,en-IN,-330,landscape,Bengaluru,1174.84,2025-05-30 09:15:44,261,0,normal
user_426,session_4270,Tablet,11,9,4,7,1.06,113,768x1024,Chrome,en-US,-330,portrait,Delhi,1701.81,2025-04-10 21:10:06,46,0,normal
user_447,session_4473,Tablet,5,5,0,13,0.08,221,768x1024,Firefox,hi-IN,-330,landscape,Mumbai,1214.85,2025-01-18 13:23:28,19,0,normal
user_438,session_4386,Desktop,2,9,0,21,0.0,121,1920x1080,Edge,en-IN,-330,landscape,Kolkata,1073.37,2025-04-08 10:29:54,239,0,normal
user_55,session_556,Desktop,7,0,0,10,0.0,81,1366x768,Chrome,hi-IN,-330,landscape,Kolkata,900.23,2025-05-01 15:13:24,286,0,normal
user_216,session_2164,Desktop,9,9,0,13,0.0,65,1440x900,Safari,hi-IN,-330,landscape,Delhi,3837.89,2025-04-30 04:01:42,180,0,normal
user_596,session_5969,Tablet,4,8,4,1,0.08,245,810x1080,Safari,en-IN,-330,portrait,Delhi,10838.46,2025-01-25 21:03:56,81,0,normal
user_595,session_5960,Mobile,7,8,6,13,0.0,84,414x896,Firefox,en-IN,-330,portrait,Chennai,556.79,2025-05-12 15:32:40,63,0,normal
user_474,session_4743,Desktop,7,9,0,4,0.0,209,1920x1080,Firefox,en-US,-330,landscape,Pune,4980.86,2025-02-09 13:50:50,304,0,normal
user_585,session_5852,Desktop,4,13,0,12,0.0,146,1920x1080,Safari,en-IN,-330,landscape,Mumbai,5830.61,2025-01-26 15:35:10,490,0,normal
user_427,session_4276,Mobile,12,0,4,10,0.0,57,390x844,Firefox,en-IN,-330,portrait,Kolkata,990.86,2025-03-29 13:49:24,35,0,normal
user_196,session_1964,Desktop,12,7,0,18,0.0,54,1440x900,Safari,en-IN,-330,landscape,Ahmedabad,3219.07,2025-02-07 09:16:27,162,0,normal
user_426,session_4265,Tablet,0,1,6,17,1.05,79,768x1024,Chrome,en-US,-330,landscape,Delhi,1720.06,2025-01-25 19:05:07,22,0,normal
user_328,session_3290,Tablet,7,5,5,11,1.16,47,768x1024,Edge,en-IN,-330,portrait,Pune,7862.73,2025-04-13 15:32:50,44,0,normal
user_558,session_5585,Mobile,10,7,4,21,0.57,134,390x844,Firefox,en-IN,-330,portrait,Delhi,3280.46,2025-05-17 09:55:50,13,0,normal
user_15,session_152,Desktop,7,3,0,9,0.0,213,1440x900,Safari,hi-IN,-330,landscape,Ahmedabad,4797.51,2025-05-12 14:36:04,0,0,normal
user_467,session_4675,Mobile,1,3,6,25,0.68,90,390x844,Edge,en-IN,-330,landscape,Mumbai,5011.97,2025-04-12 23:24:50,58,0,normal
user_473,session_4733,Tablet,2,13,1,10,1.2,221,810x1080,Firefox,en-IN,-330,landscape,Bengaluru,1214.15,2025-01-04 08:10:39,29,0,normal
user_475,session_4759,Desktop,5,10,0,15,0.0,288,1920x1080,Edge,en-US,-330,landscape,Ahmedabad,8319.56,2025-04-09 10:59:16,202,0,normal
user_527,session_5271,Desktop,6,4,0,12,0.0,338,1920x1080,Edge,hi-IN,-330,landscape,Ahmedabad,3486.79,2025-03-17 10:32:20,272,0,normal
user_421,session_4215,Desktop,8,1,0,6,0.0,34,1440x900,Safari,en-IN,-330,landscape,Hyderabad,1367.24,2025-05-10 20:58:15,602,0,normal
user_349,session_3495,Mobile,10,9,2,22,0.32,188,414x896,Firefox,en-IN,-330,portrait,Hyderabad,8736.92,2025-03-15 07:05:02,51,0,normal
user_583,session_5831,Desktop,3,7,0,15,0.0,102,1440x900,Firefox,en-IN,-330,landscape,Bengaluru,6844.43,2025-04-28 20:01:28,357,0,normal
user_369,session_3693,Mobile,10,13,7,17,0.13,231,360x640,Firefox,en-US,-330,landscape,Kolkata,1926.96,2025-05-27 13:54:37,54,0,normal
user_462,session_4621,Mobile,9,5,0,23,0.0,117,360x640,Chrome,en-US,-330,portrait,Hyderabad,6733.02,2025-05-17 17:12:28,19,0,normal
user_360,session_3608,Desktop,3,3,0,15,0.0,60,1366x768,Chrome,en-US,-330,landscape,Ahmedabad,3831.32,2025-04-07 10:18:39,203,0,normal
user_175,session_1756,Desktop,6,15,0,11,0.0,272,1440x900,Safari,en-IN,-330,landscape,Hyderabad,4515.63,2025-01-31 13:06:06,532,0,normal
user_527,session_5274,Desktop,7,6,0,16,0.0,176,1920x1080,Edge,hi-IN,-330,landscape,Ahmedabad,5311.16,2025-02-05 09:54:37,400,0,normal
user_455,session_4560,Desktop,4,4,0,20,0.0,254,1920x1080,Firefox,en-US,-330,landscape,Ahmedabad,7243.18,2025-02-04 15:57:34,198,0,normal
user_74,session_749,Desktop,5,12,0,28,0.0,113,1366x768,Firefox,en-IN,-330,landscape,Ahmedabad,2705.85,2025-01-12 06:27:45,374,0,normal
user_578,session_5781,Desktop,2,0,0,7,0.0,100,1920x1080,Edge,en-IN,-330,landscape,Delhi,2325.81,2025-05-06 23:23:55,307,0,normal
user_153,session_1534,Desktop,3,10,0,0,0.0,206,1920x1080,Safari,en-IN,-330,landscape,Hyderabad,655.58,2025-05-06 18:47:30,161,0,normal
user_104,session_1043,Tablet,4,8,6,6,0.6,148,768x1024,Safari,en-IN,-330,landscape,Mumbai,193.94,2025-05-07 11:03:53,48,0,normal
user_549,session_5492,Desktop,5,10,0,15,0.0,166,1440x900,Chrome,en-IN,-330,landscape,Pune,3893.67,2025-02-17 11:31:40,280,0,normal
user_387,session_3880,Desktop,5,4,0,8,0.0,112,1920x1080,Chrome,en-IN,-330,landscape,Delhi,2133.59,2025-03-21 22:18:01,291,0,normal
user_266,session_2664,Desktop,4,8,0,12,0.0,146,1440x900,Edge,en-IN,-330,landscape,Bengaluru,6216.84,2025-01-29 21:09:07,209,0,normal
user_510,session_5107,Desktop,2,3,0,15,0.0,161,1920x1080,Firefox,en-IN,-330,landscape,Mumbai,4505.07,2025-03-02 07:10:29,0,0,normal
user_155,session_1558,Mobile,8,9,2,7,0.79,124,390x844,Firefox,en-IN,-330,portrait,Chennai,7442.01,2025-03-13 16:00:50,5,0,normal
user_49,session_492,Tablet,2,0,0,0,0.45,16,810x1080,Firefox,en-IN,-330,landscape,Ahmedabad,13766.46,2025-01-17 20:57:59,19,1,copy_paste_drain
user_437,session_4374,Desktop,7,10,0,13,0.0,56,1920x1080,Firefox,en-IN,-330,landscape,Chennai,400.36,2025-04-01 21:41:31,438,0,normal
user_338,session_3383,Desktop,5,12,0,16,0.0,106,1920x1080,Safari,en-IN,-330,landscape,Chennai,2121.44,2025-03-26 10:13:15,279,0,normal
user_552,session_5528,Mobile,5,6,4,9,0.55,182,414x896,Safari,en-US,-330,landscape,Mumbai,398.42,2025-02-16 11:14:00,28,0,normal
user_47,session_472,Desktop,11,6,0,13,0.0,83,1366x768,Firefox,en-IN,-330,landscape,Hyderabad,3243.52,2025-05-11 12:48:36,145,0,normal
user_530,session_5304,Desktop,9,8,0,8,0.0,57,1920x1080,Firefox,en-US,-330,landscape,Bengaluru,4567.18,2025-03-30 15:59:02,193,0,normal
user_231,session_2313,Desktop,3,16,0,19,0.0,136,1366x768,Firefox,en-US,-330,landscape,Chennai,3228.74,2025-04-27 13:16:08,151,0,normal
user_559,session_5598,Mobile,6,9,6,15,0.18,97,414x896,Safari,en-US,-330,landscape,Mumbai,4522.28,2025-05-12 07:56:14,33,0,normal
user_80,session_808,Mobile,1,0,2,19,0.67,141,414x896,Safari,en-IN,-330,landscape,Delhi,1953.08,2025-01-10 14:32:26,39,0,normal
user_567,session_5671,Desktop,1,8,0,2,0.0,165,1920x1080,Safari,en-IN,-330,landscape,Ahmedabad,5082.26,2025-04-16 12:13:03,340,0,normal
user_487,session_4880,Desktop,5,9,0,22,0.0,128,1440x900,Chrome,en-IN,-330,landscape,Delhi,5616.28,2025-04-21 15:38:09,312,0,normal
user_89,session_897,Desktop,10,11,0,8,0.0,53,1440x900,Firefox,en-IN,-330,landscape,Chennai,8685.95,2025-01-03 17:46:57,263,0,normal
user_537,session_5372,Desktop,7,18,0,18,0.0,42,1440x900,Edge,en-IN,-330,landscape,Pune,6395.69,2025-04-04 14:53:45,468,0,normal
user_250,session_2504,Mobile,3,6,3,9,1.58,82,360x640,Safari,en-IN,-330,landscape,Delhi,2742.37,2025-03-13 10:39:35,39,0,normal
user_568,session_5684,Desktop,3,6,0,17,0.0,94,1366x768,Firefox,en-US,-330,landscape,Ahmedabad,117.27,2025-01-03 10:06:43,316,0,normal
user_432,session_4323,Desktop,0,12,0,9,0.0,109,1366x768,Chrome,en-IN,-330,landscape,Delhi,264.64,2025-01-26 19:05:40,275,0,normal
user_35,session_355,Mobile,10,13,8,7,0.42,125,360x640,Edge,en-IN,-330,landscape,Mumbai,6063.86,2025-02-12 17:50:43,62,0,normal
user_25,session_252,Desktop,9,12,0,22,0.0,109,1366x768,Chrome,en-IN,-330,landscape,Kolkata,2636.64,2025-02-21 11:27:26,303,0,normal
user_18,session_186,Mobile,5,11,5,22,1.08,124,414x896,Safari,en-IN,-330,landscape,Delhi,4896.16,2025-05-23 17:28:41,66,0,normal
user_237,session_2379,Desktop,1,7,0,2,0.0,193,1440x900,Safari,en-IN,-330,landscape,Bengaluru,2270.46,2025-04-13 08:29:01,231,0,normal
user_118,session_1184,Desktop,4,8,0,7,0.0,61,1920x1080,Chrome,en-IN,-330,landscape,Chennai,10523.47,2025-03-03 10:30:01,227,0,normal
user_211,session_2111,Desktop,8,3,0,16,0.0,63,1920x1080,Chrome,hi-IN,-330,landscape,Pune,10365.34,2025-04-10 11:07:32,181,0,normal
user_427,session_4275,Mobile,2,2,1,9,1.27,32,390x844,Firefox,en-IN,-330,portrait,Kolkata,1164.94,2025-04-02 14:32:25,21,0,normal
user_22,session_228,Mobile,11,11,0,17,0.85,256,414x896,Safari,en-IN,-330,portrait,Ahmedabad,219.63,2025-05-18 11:07:30,91,0,normal
user_215,session_2154,Mobile,9,6,2,18,0.56,20,414x896,Firefox,en-IN,-330,landscape,Chennai,1619.51,2025-03-24 21:20:05,52,0,normal
user_576,session_5768,Desktop,3,8,0,15,0.0,154,1920x1080,Firefox,en-IN,-330,landscape,Pune,898.48,2025-01-26 17:26:11,209,0,normal
user_129,session_1296,Desktop,1,6,0,22,0.0,141,1366x768,Edge,en-US,-330,landscape,Mumbai,1150.21,2025-05-06 15:26:11,414,0,normal
user_593,session_5932,Desktop,4,0,0,17,0.0,169,1440x900,Safari,en-IN,-330,landscape,Pune,6266.67,2025-04-23 17:52:23,64,0,normal
user_485,session_4852,Desktop,4,2,0,14,0.0,55,1440x900,Safari,en-IN,-330,landscape,Delhi,6950.25,2025-01-12 06:55:10,140,0,normal
user_393,session_3939,Mobile,2,7,0,11,0.21,100,390x844,Edge,en-IN,-330,landscape,Mumbai,5337.83,2025-04-19 11:35:19,40,0,normal
user_546,session_5461,Mobile,3,11,10,24,0.76,127,414x896,Edge,en-IN,-330,portrait,Bengaluru,7086.51,2025-05-26 12:06:22,59,0,normal
user_280,session_2803,Tablet,4,13,4,34,1.46,77,810x1080,Safari,en-IN,-330,landscape,Hyderabad,5687.22,2025-01-02 21:28:30,6,0,normal
user_318,session_3185,Tablet,1,7,4,20,0.62,47,810x1080,Safari,en-IN,-330,portrait,Hyderabad,6677.58,2025-02-12 21:21:36,59,0,normal
user_190,session_1906,Desktop,0,0,0,15,0.0,120,1440x900,Chrome,en-IN,-330,landscape,Kolkata,3615.02,2025-01-12 09:32:32,183,0,normal
user_503,session_5037,Tablet,12,9,5,23,0.61,152,810x1080,Safari,en-IN,-330,landscape,Kolkata,6233.57,2025-03-08 19:25:24,19,0,normal
user_222,session_2224,Desktop,5,0,0,17,0.0,254,1920x1080,Chrome,en-IN,-330,landscape,Bengaluru,1322.9,2025-04-14 12:17:55,369,0,normal
user_383,session_3839,Tablet,10,7,10,20,0.94,295,768x1024,Chrome,en-IN,-330,portrait,Chennai,5197.58,2025-05-20 17:25:36,44,0,normal
user_318,session_3182,Tablet,2,4,3,18,0.85,64,810x1080,Safari,en-IN,-330,landscape,Hyderabad,6677.05,2025-02-03 19:27:40,36,0,normal
user_29,session_293,Desktop,6,12,0,12,0.0,67,1920x1080,Chrome,en-IN,-330,landscape,Ahmedabad,245.2,2025-05-24 09:25:39,336,0,normal
user_272,session_2722,Desktop,7,11,0,18,0.0,184,1440x900,Edge,en-IN,-330,landscape,Mumbai,1558.16,2025-02-08 19:09:52,373,0,normal
user_54,session_550,Desktop,5,13,0,13,0.0,233,1920x1080,Firefox,en-IN,-330,landscape,Chennai,5815.56,2025-02-23 08:13:33,319,0,normal
user_425,session_4255,Desktop,1,8,0,19,0.0,64,1366x768,Chrome,hi-IN,-330,landscape,Mumbai,3895.41,2025-01-27 15:52:43,365,0,normal
user_552,session_5530,Mobile,3,6,11,14,0.84,168,414x896,Safari,en-US,-330,portrait,Mumbai,749.37,2025-05-30 14:16:46,2,0,normal
user_156,session_1570,Desktop,5,7,0,0,0.0,261,1440x900,Chrome,en-IN,-330,landscape,Ahmedabad,6029.15,2025-05-13 19:18:42,99,0,normal
user_107,session_1076,Mobile,0,2,11,9,0.61,92,390x844,Chrome,en-IN,-330,portrait,Kolkata,1862.16,2025-04-08 06:42:09,11,0,normal
user_444,session_4441,Desktop,6,6,0,2,0.0,148,1440x900,Edge,en-IN,-330,landscape,Hyderabad,1894.68,2025-05-08 08:19:31,586,0,normal
user_244,session_2448,Desktop,2,9,0,4,0.0,325,1366x768,Firefox,en-IN,-330,landscape,Delhi,3840.26,2025-01-29 06:47:09,133,0,normal
user_132,session_1323,Desktop,5,13,0,21,0.0,319,1440x900,Firefox,en-US,-330,landscape,Hyderabad,960.87,2025-01-18 19:18:02,457,0,normal
user_505,session_5060,Desktop,5,6,0,20,0.0,217,1920x1080,Chrome,en-IN,-330,landscape,Delhi,1408.84,2025-04-19 11:38:58,491,0,normal
user_296,session_2969,Desktop,0,4,0,0,0.0,148,1366x768,Chrome,en-IN,-330,landscape,Chennai,2886.38,2025-05-17 16:42:55,176,0,normal
user_320,session_3210,Desktop,11,10,0,3,0.0,149,1440x900,Chrome,en-IN,-330,landscape,Chennai,3631.43,2025-04-03 10:52:05,488,0,normal
user_267,session_2671,Mobile,3,8,1,25,0.72,217,390x844,Safari,en-IN,-330,landscape,Delhi,2697.69,2025-02-28 17:50:13,63,0,normal
user_242,session_2421,Mobile,6,0,1,23,1.14,292,390x844,Chrome,en-IN,-330,portrait,Delhi,7207.53,2025-05-12 20:09:51,8,0,normal
user_373,session_3735,Mobile,7,11,2,10,0.51,172,360x640,Chrome,en-IN,-330,landscape,Mumbai,7512.82,2025-03-15 16:13:48,62,0,normal
user_510,session_5110,Desktop,2,4,0,16,0.0,97,1920x1080,Firefox,en-IN,-330,landscape,Mumbai,2966.85,2025-02-05 08:25:06,103,0,normal
user_305,session_3054,Desktop,3,13,0,6,0.0,105,1440x900,Firefox,hi-IN,-330,landscape,Kolkata,3395.89,2025-03-23 09:13:55,233,0,normal
user_283,session_2835,Desktop,3,5,0,14,0.0,216,1366x768,Chrome,en-IN,-330,landscape,Kolkata,2388.9,2025-03-28 09:18:06,203,0,normal
user_371,session_3718,Desktop,3,0,0,13,0.0,104,1366x768,Chrome,en-IN,-330,landscape,Kolkata,2675.69,2025-03-28 14:03:27,187,0,normal
user_333,session_3338,Desktop,5,6,0,12,0.0,72,1440x900,Edge,en-IN,-330,landscape,Ahmedabad,5206.18,2025-03-02 16:42:52,259,0,normal
user_319,session_3197,Desktop,6,12,0,11,0.0,77,1920x1080,Safari,hi-IN,-330,landscape,Kolkata,772.5,2025-04-07 13:17:20,267,0,normal
user_486,session_4867,Desktop,5,1,0,8,0.0,61,1366x768,Edge,hi-IN,-330,landscape,Ahmedabad,5316.28,2025-01-01 10:55:00,433,0,normal
user_374,session_3741,Mobile,7,3,8,16,0.98,66,390x844,Firefox,en-IN,-330,portrait,Ahmedabad,7148.51,2025-01-19 18:53:27,17,0,normal
user_488,session_4887,Mobile,5,11,3,7,0.83,231,414x896,Edge,en-IN,-330,portrait,Bengaluru,136.93,2025-02-06 07:55:19,50,0,normal
user_580,session_5801,Tablet,4,6,6,10,0.46,163,768x1024,Edge,en-IN,-330,portrait,Hyderabad,5208.34,2025-04-04 16:47:45,16,0,normal
user_114,session_1143,Desktop,8,9,0,10,0.0,42,1440x900,Edge,en-IN,-330,landscape,Mumbai,4942.82,2025-03-23 14:45:07,119,0,normal
user_464,session_4644,Tablet,4,0,0,29,1.12,117,768x1024,Chrome,en-IN,-330,landscape,Chennai,7391.75,2025-04-14 10:29:19,55,0,normal
user_93,session_933,Mobile,4,4,5,15,0.0,169,390x844,Safari,en-IN,-330,portrait,Pune,5005.51,2025-01-04 14:53:28,20,0,normal
user_61,session_614,Desktop,10,14,0,10,0.0,128,1440x900,Edge,en-IN,-330,landscape,Chennai,5505.59,2025-02-04 07:48:16,531,0,normal
user_222,session_2228,Desktop,5,6,0,8,0.0,240,1920x1080,Chrome,en-IN,-330,landscape,Bengaluru,1802.31,2025-05-14 21:44:32,311,0,normal
user_473,session_4739,Tablet,5,5,3,10,0.44,163,810x1080,Firefox,en-IN,-330,portrait,Bengaluru,2459.89,2025-03-26 07:01:46,0,0,normal
user_324,session_3241,Mobile,5,1,1,19,0.43,200,390x844,Edge,en-IN,-330,portrait,Kolkata,1070.55,2025-03-15 04:28:00,67,0,normal
user_346,session_3470,Desktop,10,7,0,13,0.0,85,1366x768,Firefox,en-US,-330,landscape,Mumbai,4102.21,2025-04-19 13:31:00,289,0,normal
user_505,session_5051,Desktop,11,9,0,13,0.0,216,1920x1080,Chrome,en-IN,-330,landscape,Delhi,898.93,2025-02-09 08:06:56,182,0,normal
user_469,session_4692,Desktop,3,13,0,14,0.0,87,1440x900,Chrome,en-IN,-330,landscape,Ahmedabad,4747.11,2025-05-10 18:25:10,452,0,normal
user_381,session_3816,Desktop,8,4,0,23,0.0,142,1920x1080,Chrome,hi-IN,-330,landscape,Bengaluru,979.94,2025-05-09 11:16:24,292,0,normal
user_410,session_4102,Mobile,7,4,2,16,1.28,85,414x896,Edge,en-IN,-330,portrait,Hyderabad,4895.49,2025-05-22 11:47:40,45,0,normal
user_540,session_5408,Tablet,9,11,5,15,0.89,83,810x1080,Firefox,hi-IN,-330,portrait,Delhi,3154.55,2025-01-22 20:08:31,68,0,normal
user_50,session_506,Mobile,8,5,7,2,1.02,77,360x640,Edge,en-IN,-330,portrait,Pune,2756.31,2025-05-14 21:58:00,30,0,normal
user_150,session_1510,Mobile,7,7,3,12,0.77,146,360x640,Safari,en-IN,-330,landscape,Kolkata,7312.76,2025-04-20 13:22:29,29,0,normal
user_166,session_1667,Desktop,8,17,0,23,0.0,293,1366x768,Chrome,hi-IN,-330,landscape,Ahmedabad,3488.1,2025-01-17 19:28:28,525,0,normal
user_27,session_273,Desktop,8,18,0,17,0.0,110,1920x1080,Edge,en-US,-330,landscape,Ahmedabad,4238.87,2025-04-19 08:15:42,338,0,normal
user_211,session_2116,Desktop,8,9,0,9,0.0,58,1920x1080,Chrome,hi-IN,-330,landscape,Pune,6755.0,2025-01-12 09:45:18,537,0,normal
user_516,session_5165,Desktop,4,15,0,11,0.0,87,1920x1080,Safari,en-IN,-330,landscape,Ahmedabad,816.36,2025-05-18 17:55:49,165,0,normal
user_450,session_4506,Mobile,13,3,3,21,0.79,95,360x640,Firefox,en-IN,-330,portrait,Chennai,2348.6,2025-03-22 09:51:43,28,0,normal
user_148,session_1486,Desktop,2,20,0,18,0.0,70,1440x900,Chrome,hi-IN,-330,landscape,Mumbai,6338.83,2025-03-25 14:06:37,261,0,normal
user_430,session_4302,Mobile,6,11,2,11,0.42,84,414x896,Firefox,en-IN,-330,landscape,Kolkata,2236.55,2025-01-24 11:58:59,39,0,normal
user_70,session_702,Desktop,10,6,0,16,0.0,200,1440x900,Edge,en-IN,-330,landscape,Kolkata,1871.73,2025-01-15 13:24:38,351,0,normal
user_383,session_3834,Tablet,5,8,7,16,0.1,188,768x1024,Chrome,en-IN,-330,landscape,Chennai,4476.99,2025-05-16 20:13:46,10,0,normal
user_358,session_3590,Desktop,4,7,0,6,0.0,93,1920x1080,Firefox,en-IN,-330,landscape,Pune,637.43,2025-04-17 17:24:05,351,0,normal
user_10,session_107,Mobile,6,5,7,4,0.37,263,360x640,Firefox,en-IN,-330,portrait,Kolkata,2583.73,2025-04-03 04:51:09,38,0,normal
user_504,session_5048,Desktop,6,12,0,27,0.0,178,1440x900,Firefox,en-IN,-330,landscape,Ahmedabad,1972.53,2025-04-06 11:57:32,238,0,normal
user_500,session_5001,Tablet,2,1,7,6,0.31,100,810x1080,Firefox,en-IN,-330,portrait,Ahmedabad,1052.21,2025-02-11 16:00:33,29,0,normal
user_531,session_5318,Desktop,10,10,0,23,0.0,206,1366x768,Chrome,hi-IN,-330,landscape,Mumbai,11557.64,2025-04-28 15:03:16,411,0,normal
user_476,session_4768,Desktop,1,4,0,5,0.0,74,1366x768,Chrome,en-IN,-330,landscape,Bengaluru,1602.16,2025-01-27 14:37:46,151,0,normal
user_524,session_5242,Desktop,0,10,0,29,0.0,151,1440x900,Safari,en-IN,-330,landscape,Hyderabad,5390.34,2025-04-20 06:59:33,259,0,normal
user_384,session_3850,Mobile,0,5,0,21,0.18,234,414x896,Chrome,en-US,-330,landscape,Hyderabad,8598.46,2025-01-20 19:47:53,56,0,normal
user_95,session_953,Desktop,10,8,0,9,0.0,147,1366x768,Safari,en-US,-330,landscape,Mumbai,4552.86,2025-05-12 22:31:26,262,0,normal
user_236,session_2365,Desktop,6,8,0,13,0.0,70,1440x900,Safari,en-US,-330,landscape,Kolkata,6012.29,2025-04-16 17:01:41,348,0,normal
user_389,session_3896,Mobile,6,0,4,5,0.12,222,390x844,Firefox,en-IN,-330,portrait,Kolkata,9878.83,2025-02-16 18:23:54,15,0,normal
user_383,session_3840,Tablet,12,6,0,22,0.72,170,768x1024,Chrome,en-IN,-330,landscape,Chennai,4037.14,2025-05-01 20:07:31,44,0,normal
user_265,session_2651,Mobile,8,9,5,24,0.65,58,360x640,Firefox,en-IN,-330,landscape,Chennai,466.26,2025-05-26 16:25:03,49,0,normal
user_322,session_3227,Desktop,20,0,0,0,0.0,10,1920x1080,Edge,en-IN,-330,landscape,Hyderabad,608.7,2025-03-31 13:07:32,0,1,bot_script
user_493,session_4931,Desktop,0,1,0,11,0.0,65,1440x900,Chrome,en-IN,-330,landscape,Mumbai,3653.83,2025-01-24 11:28:01,92,0,normal
user_291,session_2911,Mobile,2,14,6,19,0.07,69,360x640,Chrome,en-IN,-330,landscape,Mumbai,2685.17,2025-04-02 10:23:36,13,0,normal
user_108,session_1085,Desktop,8,8,0,20,0.0,234,1440x900,Edge,en-IN,-330,landscape,Mumbai,4279.86,2025-04-20 13:19:26,331,0,normal
user_353,session_3540,Desktop,7,7,0,12,0.0,28,1920x1080,Chrome,en-IN,-330,landscape,Hyderabad,5049.79,2025-03-17 17:56:04,447,0,normal
user_354,session_3545,Mobile,9,11,4,3,0.63,199,360x640,Safari,en-IN,-330,portrait,Pune,4082.77,2025-02-25 13:20:54,15,0,normal
user_464,session_4642,Tablet,6,6,2,25,0.8,83,768x1024,Chrome,en-IN,-330,landscape,Chennai,5981.28,2025-02-24 12:38:09,22,0,normal
user_142,session_1421,Desktop,9,7,0,11,0.0,89,1440x900,Chrome,en-IN,-330,landscape,Chennai,5724.29,2025-01-05 12:09:59,292,0,normal
user_277,session_2771,Mobile,0,3,10,14,1.12,198,414x896,Edge,en-IN,-330,landscape,Delhi,717.79,2025-02-23 14:21:47,80,0,normal
user_178,session_1787,Desktop,8,16,0,18,0.0,269,1920x1080,Safari,en-US,-330,landscape,Mumbai,1869.51,2025-03-08 06:17:13,389,0,normal
user_448,session_4481,Desktop,9,12,0,15,0.0,75,1920x1080,Firefox,en-IN,-330,landscape,Bengaluru,380.88,2025-01-13 07:28:20,106,0,normal
user_188,session_1889,Mobile,6,8,4,20,0.54,238,390x844,Firefox,en-IN,-330,portrait,Pune,6756.76,2025-04-08 23:06:17,22,0,normal
user_566,session_5662,Desktop,8,9,0,17,0.0,48,1920x1080,Firefox,en-IN,-330,landscape,Ahmedabad,1275.18,2025-05-27 15:10:55,119,0,normal
user_564,session_5650,Desktop,2,0,0,11,0.0,203,1440x900,Chrome,en-IN,-330,landscape,Mumbai,2230.64,2025-03-13 13:13:44,259,0,normal
user_41,session_417,Desktop,9,7,0,8,0.0,61,1920x1080,Safari,en-IN,-330,landscape,Mumbai,371.13,2025-04-07 14:00:19,268,0,normal
user_121,session_1216,Desktop,7,5,0,5,0.0,148,1440x900,Firefox,en-IN,-330,landscape,Pune,3368.55,2025-05-18 13:35:07,504,0,normal
user_483,session_4839,Desktop,7,12,0,13,0.0,64,1366x768,Firefox,hi-IN,-330,landscape,Delhi,5272.52,2025-02-07 09:12:23,467,0,normal
user_574,session_5747,Tablet,12,4,8,8,0.59,119,768x1024,Firefox,en-IN,-330,landscape,Ahmedabad,11013.76,2025-03-19 06:13:36,72,0,normal
user_56,session_565,Mobile,3,1,0,13,0.78,95,390x844,Safari,en-US,-330,portrait,Delhi,7444.43,2025-04-04 19:57:00,51,0,normal
user_47,session_479,Desktop,4,7,0,7,0.0,54,1366x768,Firefox,en-IN,-330,landscape,Hyderabad,4047.68,2025-02-20 04:01:31,484,0,normal
user_583,session_5838,Desktop,2,11,0,19,0.0,69,1440x900,Firefox,en-IN,-330,landscape,Bengaluru,4223.81,2025-02-08 13:16:24,506,0,normal
user_14,session_143,Mobile,1,5,6,18,1.07,93,414x896,Safari,en-IN,-330,portrait,Delhi,338.37,2025-01-27 11:37:34,48,0,normal
user_121,session_1213,Desktop,2,0,0,15,0.0,112,1440x900,Firefox,en-IN,-330,landscape,Pune,3260.77,2025-05-06 12:16:04,178,0,normal
user_529,session_5298,Mobile,0,5,2,14,0.87,73,360x640,Safari,en-IN,-330,portrait,Bengaluru,3718.91,2025-05-14 05:35:57,38,0,normal
user_109,session_1098,Desktop,9,11,0,17,0.0,219,1366x768,Edge,en-IN,-330,landscape,Ahmedabad,4060.94,2025-01-25 12:52:43,217,0,normal
user_214,session_2143,Mobile,6,6,1,3,0.01,207,390x844,Chrome,en-IN,-330,portrait,Mumbai,6130.95,2025-02-04 19:21:03,43,0,normal
user_60,session_606,Mobile,1,6,7,13,0.41,68,360x640,Chrome,en-IN,-330,landscape,Mumbai,6167.98,2025-05-06 19:29:29,54,0,normal
user_378,session_3787,Desktop,5,15,0,19,0.0,83,1920x1080,Safari,en-IN,-330,landscape,Ahmedabad,2759.77,2025-03-12 20:53:33,446,0,normal
user_257,session_2576,Mobile,7,9,7,28,0.0,90,390x844,Firefox,en-IN,-330,portrait,Pune,9038.51,2025-02-19 10:06:50,57,0,normal
user_49,session_498,Tablet,5,7,10,11,0.37,84,810x1080,Firefox,en-IN,-330,landscape,Ahmedabad,5411.66,2025-01-12 16:48:42,46,0,normal
user_254,session_2543,Desktop,8,7,0,19,0.0,303,1920x1080,Safari,en-IN,-330,landscape,Mumbai,11441.81,2025-03-09 23:42:29,325,0,normal
user_448,session_4482,Desktop,6,11,0,11,0.0,98,1920x1080,Firefox,en-IN,-330,landscape,Bengaluru,246.16,2025-02-11 07:05:25,209,0,normal
user_522,session_5222,Desktop,0,15,0,6,0.0,93,1920x1080,Firefox,hi-IN,-330,landscape,Pune,7578.86,2025-04-14 09:30:41,148,0,normal
user_246,session_2464,Desktop,6,11,0,15,0.0,202,1366x768,Edge,en-IN,-330,landscape,Bengaluru,3286.14,2025-03-01 15:37:01,486,0,normal
user_72,session_722,Desktop,4,8,0,9,0.0,215,1440x900,Firefox,en-IN,-330,landscape,Ahmedabad,2601.66,2025-01-30 12:42:49,279,0,normal
user_108,session_1087,Desktop,6,9,0,24,0.0,239,1440x900,Edge,en-IN,-330,landscape,Mumbai,4158.33,2025-01-09 11:20:02,457,0,normal
user_102,session_1026,Desktop,6,10,0,10,0.0,137,1366x768,Safari,en-US,-330,landscape,Chennai,3210.53,2025-05-20 17:10:47,519,0,normal
user_135,session_1358,Mobile,8,9,1,15,0.2,204,414x896,Firefox,en-IN,-330,landscape,Kolkata,4729.51,2025-02-23 03:00:38,42,0,normal
user_325,session_3257,Mobile,0,0,1,13,1.11,150,414x896,Safari,hi-IN,-330,portrait,Mumbai,900.49,2025-04-06 18:38:31,31,0,normal
user_281,session_2813,Desktop,4,12,0,29,0.0,166,1920x1080,Firefox,en-IN,-330,landscape,Ahmedabad,863.98,2025-01-23 16:17:20,394,0,normal
user_339,session_3399,Desktop,2,10,0,13,0.0,95,1366x768,Chrome,en-US,-330,landscape,Kolkata,656.89,2025-01-30 12:17:32,81,0,normal
user_481,session_4812,Desktop,5,10,0,21,0.0,149,1920x1080,Firefox,hi-IN,-330,landscape,Hyderabad,924.42,2025-02-24 12:21:56,463,0,normal
user_483,session_4833,Desktop,6,6,0,9,0.0,63,1366x768,Firefox,hi-IN,-330,landscape,Delhi,3437.3,2025-01-26 12:54:38,384,0,normal
user_289,session_2893,Mobile,7,9,1,13,1.17,124,360x640,Chrome,en-IN,-330,landscape,Kolkata,3480.3,2025-05-29 14:50:21,41,0,normal
user_340,session_3408,Tablet,6,18,6,14,0.0,331,810x1080,Safari,en-US,-330,portrait,Bengaluru,878.63,2025-01-02 16:38:30,88,0,normal
user_295,session_2958,Mobile,10,7,4,15,1.15,101,414x896,Edge,en-IN,-330,portrait,Ahmedabad,3257.89,2025-03-23 13:11:06,52,0,normal
user_475,session_4752,Desktop,3,14,0,12,0.0,286,1920x1080,Edge,en-US,-330,landscape,Ahmedabad,7650.14,2025-01-02 14:44:45,443,0,normal
user_33,session_337,Mobile,5,4,5,5,0.83,141,390x844,Edge,en-IN,-330,portrait,Delhi,3356.6,2025-05-23 11:00:00,40,0,normal
user_525,session_5258,Desktop,7,5,0,9,0.0,211,1920x1080,Safari,en-IN,-330,landscape,Bengaluru,808.96,2025-02-16 15:17:55,417,0,normal
user_196,session_1965,Desktop,8,16,0,18,0.0,40,1440x900,Safari,en-IN,-330,landscape,Ahmedabad,1136.46,2025-04-07 11:29:29,460,0,normal
user_355,session_3558,Mobile,3,7,4,18,0.71,82,414x896,Firefox,hi-IN,-330,portrait,Ahmedabad,2124.86,2025-05-15 19:08:50,51,0,normal
user_156,session_1562,Desktop,7,0,0,7,0.0,204,1440x900,Chrome,en-IN,-330,landscape,Ahmedabad,4580.62,2025-03-29 18:14:45,0,0,normal
user_173,session_1739,Mobile,8,9,6,23,0.39,268,360x640,Chrome,en-IN,-330,portrait,Kolkata,9833.13,2025-04-08 17:51:33,25,0,normal
user_436,session_4363,Desktop,0,13,7,4,0.65,200,1366x768,Chrome,en-IN,-330,portrait,Mumbai,16974.16,2025-04-19 11:49:39,36,1,account_takeover
user_243,session_2440,Mobile,9,9,5,22,0.89,67,390x844,Chrome,en-IN,-330,landscape,Bengaluru,4418.03,2025-02-21 17:56:37,13,0,normal
user_201,session_2019,Mobile,1,8,2,18,0.07,158,390x844,Edge,hi-IN,-330,landscape,Mumbai,6570.52,2025-03-14 16:01:46,15,0,normal
user_309,session_3097,Mobile,7,10,7,25,0.94,90,360x640,Chrome,en-IN,-330,landscape,Mumbai,3910.17,2025-02-20 15:31:59,23,0,normal
user_72,session_725,Mobile,9,2,0,7,0.0,267,360x640,Edge,en-IN,-330,landscape,Hyderabad,7886.61,2025-03-13 13:12:30,226,1,account_takeover
user_76,session_766,Mobile,4,10,5,22,0.81,110,414x896,Firefox,en-IN,-330,portrait,Kolkata,9864.49,2025-03-02 14:29:29,55,0,normal
user_28,session_287,Desktop,1,3,0,21,0.0,149,1440x900,Safari,en-US,-330,landscape,Bengaluru,7008.1,2025-02-26 17:14:47,189,0,normal
user_30,session_308,Desktop,6,12,0,4,0.0,226,1440x900,Firefox,en-US,-330,landscape,Mumbai,10589.17,2025-02-21 06:01:13,334,0,normal
user_521,session_5211,Tablet,4,12,8,10,0.43,95,810x1080,Firefox,en-IN,-330,portrait,Chennai,9540.79,2025-02-26 19:24:35,54,0,normal
user_466,session_4669,Desktop,4,5,0,0,0.0,47,1440x900,Edge,en-IN,-330,landscape,Bengaluru,5528.94,2025-02-12 12:16:15,466,0,normal
user_543,session_5436,Desktop,9,0,0,6,0.0,58,1366x768,Edge,en-IN,-330,landscape,Mumbai,6592.44,2025-05-06 09:50:26,431,0,normal
user_173,session_1731,Mobile,9,17,6,16,1.25,128,360x640,Chrome,en-IN,-330,portrait,Kolkata,9122.65,2025-03-18 17:39:29,37,0,normal
user_440,session_4410,Desktop,4,10,0,9,0.0,132,1366x768,Firefox,en-IN,-330,landscape,Kolkata,1759.42,2025-02-14 14:42:01,167,0,normal
user_508,session_5086,Desktop,5,2,0,14,0.0,68,1366x768,Edge,en-US,-330,landscape,Bengaluru,5368.98,2025-05-11 08:32:14,87,0,normal
user_147,session_1472,Mobile,1,0,3,0,0.32,12,390x844,Safari,en-IN,-330,portrait,Kolkata,5777.33,2025-04-11 10:06:54,19,1,copy_paste_drain
user_7,session_72,Desktop,0,2,0,27,0.0,107,1366x768,Edge,en-IN,-330,landscape,Bengaluru,157.78,2025-01-09 14:36:24,316,0,normal
user_156,session_1567,Desktop,4,7,0,9,0.0,288,1440x900,Chrome,en-IN,-330,landscape,Ahmedabad,11328.68,2025-01-13 12:08:09,0,0,normal
user_71,session_712,Tablet,8,11,3,7,0.35,118,810x1080,Firefox,en-IN,-330,landscape,Bengaluru,8924.71,2025-02-13 12:30:20,0,0,normal
user_371,session_3711,Desktop,2,7,0,19,0.0,84,1366x768,Chrome,en-IN,-330,landscape,Kolkata,4159.21,2025-01-21 11:11:03,164,0,normal
user_102,session_1021,Desktop,5,3,0,12,0.0,195,1366x768,Safari,en-US,-330,landscape,Chennai,2495.86,2025-01-09 19:39:02,309,0,normal
user_134,session_1346,Desktop,8,10,0,22,0.0,91,1920x1080,Edge,en-IN,-330,landscape,Pune,2508.62,2025-04-17 15:53:20,232,0,normal
user_499,session_4999,Desktop,8,6,0,7,0.0,133,1366x768,Edge,en-IN,-330,landscape,Kolkata,3576.58,2025-03-27 17:49:15,335,0,normal
user_315,session_3159,Desktop,3,9,0,21,0.0,55,1440x900,Edge,hi-IN,-330,landscape,Bengaluru,8793.31,2025-01-14 11:13:04,235,0,normal
user_73,session_738,Desktop,3,6,0,4,0.0,73,1920x1080,Firefox,en-IN,-330,landscape,Chennai,4767.63,2025-01-16 12:27:42,305,0,normal
user_540,session_5401,Tablet,6,13,6,21,0.44,129,810x1080,Firefox,hi-IN,-330,portrait,Delhi,6052.13,2025-03-30 23:41:59,27,0,normal
user_243,session_2433,Mobile,11,8,11,10,1.08,112,390x844,Chrome,en-IN,-330,portrait,Bengaluru,7437.03,2025-05-19 23:59:14,68,0,normal
user_580,session_5804,Tablet,13,3,5,20,1.15,99,768x1024,Edge,en-IN,-330,landscape,Hyderabad,1562.78,2025-05-18 18:41:09,39,0,normal
user_557,session_5571,Desktop,10,1,0,17,0.0,146,1366x768,Firefox,en-US,-330,landscape,Chennai,3177.11,2025-01-19 12:50:36,257,0,normal
user_123,session_1236,Mobile,2,3,3,12,0.82,220,390x844,Edge,en-US,-330,landscape,Bengaluru,669.84,2025-01-16 07:47:57,11,0,normal
user_225,session_2260,Desktop,5,9,0,7,0.0,84,1440x900,Chrome,en-IN,-330,landscape,Hyderabad,6395.93,2025-02-13 09:17:45,0,0,normal
user_547,session_5480,Desktop,7,7,0,14,0.0,136,1920x1080,Firefox,en-IN,-330,landscape,Ahmedabad,4225.73,2025-03-23 12:07:49,572,0,normal
user_437,session_4380,Desktop,2,9,0,11,0.0,50,1920x1080,Firefox,en-IN,-330,landscape,Chennai,1644.79,2025-01-09 23:58:20,182,0,normal
user_395,session_3951,Mobile,13,1,3,8,0.16,144,360x640,Chrome,en-IN,-330,portrait,Ahmedabad,9246.27,2025-04-12 18:31:54,56,0,normal
user_548,session_5489,Tablet,9,17,4,19,0.49,77,810x1080,Chrome,hi-IN,-330,portrait,Bengaluru,10109.43,2025-01-19 21:27:15,14,0,normal
user_97,session_979,Mobile,2,3,3,10,0.88,68,390x844,Chrome,en-IN,-330,portrait,Mumbai,5332.62,2025-01-30 19:35:57,67,0,normal
user_462,session_4624,Mobile,7,6,1,8,0.45,82,360x640,Chrome,en-US,-330,landscape,Hyderabad,7784.32,2025-04-12 16:44:56,46,0,normal
user_510,session_5109,Desktop,5,15,0,16,0.0,110,1920x1080,Firefox,en-IN,-330,landscape,Mumbai,3542.47,2025-05-02 10:57:57,19,0,normal
user_202,session_2023,Desktop,6,1,0,3,0.0,86,1440x900,Chrome,en-IN,-330,landscape,Ahmedabad,8296.99,2025-01-30 21:30:55,350,0,normal
user_352,session_3521,Desktop,8,12,0,28,0.0,41,1920x1080,Safari,hi-IN,-330,landscape,Delhi,2656.03,2025-03-25 21:12:34,290,0,normal
user_528,session_5282,Tablet,0,13,5,17,0.8,137,768x1024,Chrome,en-IN,-330,landscape,Delhi,302.77,2025-03-07 18:06:23,13,0,normal
user_34,session_345,Desktop,4,10,0,3,0.0,169,1440x900,Firefox,hi-IN,-330,landscape,Kolkata,6054.44,2025-03-21 10:10:59,307,0,normal
user_499,session_5000,Desktop,7,9,0,6,0.0,240,1366x768,Edge,en-IN,-330,landscape,Kolkata,2406.38,2025-02-10 08:06:30,364,0,normal
user_91,session_912,Desktop,12,7,0,15,0.0,70,1366x768,Chrome,en-IN,-330,landscape,Kolkata,1597.05,2025-03-05 18:11:41,444,0,normal
user_243,session_2437,Mobile,8,5,8,18,1.21,98,390x844,Chrome,en-IN,-330,portrait,Bengaluru,4114.79,2025-03-17 19:43:35,40,0,normal
user_4,session_48,Desktop,9,2,0,12,0.0,111,1440x900,Chrome,en-IN,-330,landscape,Hyderabad,4441.21,2025-05-30 18:59:55,207,0,normal
user_408,session_4081,Mobile,5,15,1,17,0.76,92,414x896,Firefox,en-IN,-330,landscape,Ahmedabad,1865.01,2025-03-02 19:20:27,25,0,normal
user_519,session_5196,Desktop,0,12,0,14,0.0,220,1366x768,Firefox,en-IN,-330,landscape,Chennai,10639.84,2025-01-19 16:21:00,435,0,normal
user_44,session_444,Desktop,11,8,0,16,0.0,56,1920x1080,Safari,en-IN,-330,landscape,Ahmedabad,6908.4,2025-03-08 06:55:06,657,0,normal
user_359,session_3593,Desktop,9,9,0,11,0.0,149,1366x768,Chrome,en-US,-330,landscape,Hyderabad,313.98,2025-02-09 20:42:16,261,0,normal
user_313,session_3131,Mobile,8,13,9,10,0.58,153,414x896,Edge,en-IN,-330,portrait,Ahmedabad,1635.89,2025-03-24 21:47:44,65,0,normal
user_248,session_2487,Mobile,6,0,3,8,0.77,163,414x896,Safari,en-US,-330,landscape,Pune,2920.02,2025-01-03 06:44:20,54,0,normal
user_570,session_5709,Desktop,7,11,0,6,0.0,291,1440x900,Safari,en-IN,-330,landscape,Pune,3107.77,2025-03-10 11:32:41,364,0,normal
user_189,session_1894,Desktop,7,7,0,18,0.0,69,1440x900,Safari,en-IN,-330,landscape,Delhi,1732.22,2025-01-14 18:14:49,156,0,normal
user_301,session_3018,Desktop,2,14,0,11,0.0,147,1366x768,Chrome,en-IN,-330,landscape,Pune,2831.59,2025-05-12 18:12:01,348,0,normal
user_122,session_1221,Desktop,4,5,0,17,0.0,257,1366x768,Chrome,en-IN,-330,landscape,Chennai,1009.59,2025-03-03 04:30:56,217,0,normal
user_383,session_3831,Tablet,7,11,5,22,0.19,294,768x1024,Chrome,en-IN,-330,portrait,Chennai,4942.37,2025-02-26 17:54:16,52,0,normal
user_226,session_2269,Desktop,6,7,0,16,0.0,159,1366x768,Edge,en-IN,-330,landscape,Pune,2903.32,2025-05-04 06:20:31,362,0,normal
user_105,session_1056,Desktop,7,7,0,11,0.0,102,1920x1080,Edge,en-IN,-330,landscape,Hyderabad,6090.13,2025-01-27 17:52:22,250,0,normal
user_84,session_849,Desktop,7,4,0,9,0.0,227,1920x1080,Chrome,en-US,-330,landscape,Mumbai,2410.16,2025-01-04 17:16:36,208,0,normal
user_389,session_3893,Mobile,3,12,1,9,0.23,255,390x844,Firefox,en-IN,-330,landscape,Kolkata,3321.21,2025-01-30 17:50:02,41,0,normal
user_584,session_5847,Mobile,3,11,1,14,0.11,116,414x896,Edge,en-IN,-330,landscape,Mumbai,4521.85,2025-02-05 05:01:42,35,0,normal
user_387,session_3878,Desktop,2,7,0,14,0.0,71,1920x1080,Chrome,en-IN,-330,landscape,Delhi,3767.04,2025-01-25 22:21:40,93,0,normal
user_274,session_2743,Mobile,5,14,8,16,0.64,193,390x844,Safari,en-IN,-330,landscape,Pune,2579.43,2025-02-12 09:29:55,38,0,normal
user_560,session_5607,Desktop,3,6,0,7,0.0,102,1366x768,Chrome,en-US,-330,landscape,Hyderabad,3603.29,2025-04-19 16:53:01,338,0,normal
user_428,session_4281,Mobile,9,13,4,11,0.24,177,360x640,Safari,en-IN,-330,portrait,Pune,7418.29,2025-01-12 16:17:25,37,0,normal
user_132,session_1329,Desktop,3,10,0,21,0.0,240,1440x900,Firefox,en-US,-330,landscape,Hyderabad,535.17,2025-05-18 18:21:30,469,0,normal
user_287,session_2875,Tablet,6,11,5,5,0.28,142,810x1080,Safari,en-IN,-330,landscape,Delhi,4275.67,2025-02-22 12:34:04,31,0,normal
user_463,session_4631,Desktop,5,8,0,16,0.0,118,1920x1080,Safari,en-US,-330,landscape,Ahmedabad,5613.37,2025-01-25 17:17:17,363,0,normal
user_77,session_777,Mobile,5,7,12,12,0.37,78,414x896,Chrome,en-IN,-330,landscape,Ahmedabad,3075.67,2025-04-20 15:52:46,0,0,normal
user_567,session_5677,Desktop,9,14,0,10,0.0,87,1920x1080,Safari,en-IN,-330,landscape,Ahmedabad,4860.27,2025-02-14 12:13:41,264,0,normal
user_18,session_184,Mobile,7,9,3,14,0.97,111,414x896,Safari,en-IN,-330,landscape,Delhi,2514.51,2025-04-15 15:08:17,0,0,normal
user_312,session_3130,Desktop,4,4,0,11,0.0,212,1920x1080,Firefox,en-IN,-330,landscape,Hyderabad,1221.18,2025-01-04 14:28:28,263,0,normal
user_409,session_4099,Desktop,2,4,0,13,0.0,169,1440x900,Safari,en-IN,-330,landscape,Pune,3699.25,2025-03-05 19:32:01,77,0,normal
user_119,session_1194,Desktop,8,10,0,27,0.0,76,1440x900,Safari,en-IN,-330,landscape,Pune,8174.46,2025-05-21 18:30:50,411,0,normal
user_364,session_3649,Desktop,4,7,0,13,0.0,122,1366x768,Safari,en-IN,-330,landscape,Bengaluru,2389.33,2025-03-12 17:24:52,254,0,normal
user_73,session_735,Desktop,5,7,0,6,0.0,165,1920x1080,Firefox,en-IN,-330,landscape,Chennai,2652.7,2025-05-01 09:32:41,203,0,normal
user_183,session_1836,Desktop,5,10,0,16,0.0,242,1920x1080,Edge,en-US,-330,landscape,Chennai,1835.35,2025-01-26 19:47:00,451,0,normal
user_227,session_2273,Desktop,11,6,0,18,0.0,77,1440x900,Safari,en-IN,-330,landscape,Ahmedabad,314.61,2025-05-24 16:40:01,197,0,normal
user_379,session_3794,Desktop,10,6,0,15,0.0,164,1920x1080,Chrome,en-US,-330,landscape,Hyderabad,49.31,2025-03-15 09:04:25,357,0,normal
user_48,session_486,Desktop,4,5,0,19,0.0,26,1440x900,Safari,en-IN,-330,landscape,Hyderabad,3355.8,2025-01-29 09:58:44,434,0,normal
user_116,session_1164,Mobile,11,3,4,11,1.49,182,414x896,Chrome,en-IN,-330,landscape,Delhi,8811.19,2025-01-17 17:40:36,60,0,normal
user_45,session_453,Desktop,4,18,0,13,0.0,211,1920x1080,Edge,hi-IN,-330,landscape,Pune,5465.03,2025-04-28 15:00:57,294,0,normal
user_229,session_2299,Desktop,8,5,0,18,0.0,60,1440x900,Firefox,en-US,-330,landscape,Mumbai,2573.71,2025-05-24 16:56:23,282,0,normal
user_459,session_4595,Desktop,6,9,0,9,0.0,188,1920x1080,Firefox,en-IN,-330,landscape,Delhi,3823.12,2025-04-24 21:13:18,341,0,normal
user_3,session_31,Mobile,4,5,4,18,0.0,223,390x844,Firefox,hi-IN,-330,landscape,Bengaluru,1245.7,2025-04-16 16:30:33,46,0,normal
user_78,session_790,Mobile,5,9,0,16,0.23,212,414x896,Safari,en-IN,-330,portrait,Mumbai,1759.96,2025-02-18 09:51:55,31,0,normal
user_509,session_5099,Desktop,9,11,0,10,0.0,141,1920x1080,Chrome,hi-IN,-330,landscape,Ahmedabad,3242.78,2025-04-24 16:01:10,215,0,normal
user_196,session_1966,Desktop,9,8,0,23,0.0,36,1440x900,Safari,en-IN,-330,landscape,Ahmedabad,3056.88,2025-03-30 10:52:50,403,0,normal
user_110,session_1110,Desktop,9,11,0,23,0.0,137,1920x1080,Firefox,en-IN,-330,landscape,Chennai,2587.18,2025-03-05 13:27:22,320,0,normal
user_10,session_101,Mobile,6,0,4,15,0.47,320,360x640,Firefox,en-IN,-330,landscape,Kolkata,4367.86,2025-04-02 08:18:36,59,0,normal
user_397,session_3971,Mobile,9,10,2,32,0.85,27,390x844,Safari,en-IN,-330,portrait,Mumbai,2025.2,2025-05-30 13:24:13,12,0,normal
user_301,session_3013,Desktop,2,6,0,13,0.0,164,1366x768,Chrome,en-IN,-330,landscape,Pune,6121.28,2025-04-22 21:36:59,313,0,normal
user_316,session_3168,Desktop,3,0,0,18,0.0,86,1920x1080,Safari,hi-IN,-330,landscape,Bengaluru,1291.38,2025-03-08 17:28:28,314,0,normal
user_472,session_4725,Mobile,6,6,2,6,0.53,182,360x640,Safari,en-IN,-330,portrait,Kolkata,10057.0,2025-04-23 19:54:19,26,0,normal
user_177,session_1771,Mobile,4,7,2,21,1.68,169,390x844,Edge,en-IN,-330,landscape,Mumbai,877.87,2025-01-20 09:13:45,26,0,normal
user_191,session_1920,Desktop,2,9,0,16,0.0,100,1366x768,Chrome,en-IN,-330,landscape,Mumbai,1884.02,2025-03-22 12:26:38,651,0,normal
user_375,session_3756,Desktop,9,3,0,5,0.0,78,1440x900,Firefox,hi-IN,-330,landscape,Pune,5121.39,2025-03-04 15:49:53,348,0,normal
user_454,session_4542,Mobile,10,7,7,9,0.0,129,360x640,Chrome,hi-IN,-330,portrait,Pune,258.3,2025-03-25 13:02:25,29,0,normal
user_86,session_862,Desktop,5,11,0,20,0.0,192,1920x1080,Chrome,en-IN,-330,landscape,Pune,9978.98,2025-03-09 17:08:03,357,0,normal
user_150,session_1502,Mobile,6,6,3,5,0.59,254,360x640,Safari,en-IN,-330,landscape,Kolkata,9922.46,2025-02-20 16:58:47,56,0,normal
user_90,session_904,Mobile,7,12,4,9,0.37,234,414x896,Chrome,en-IN,-330,landscape,Bengaluru,3864.26,2025-02-08 10:59:15,54,0,normal
user_505,session_5056,Desktop,5,1,0,8,0.0,135,1920x1080,Chrome,en-IN,-330,landscape,Delhi,748.45,2025-05-02 08:53:36,361,0,normal
user_10,session_110,Mobile,2,5,0,12,0.93,207,360x640,Firefox,en-IN,-330,landscape,Kolkata,1150.72,2025-04-04 06:44:55,36,0,normal
user_536,session_5369,Mobile,3,1,6,16,1.28,165,360x640,Firefox,en-IN,-330,landscape,Bengaluru,5184.4,2025-04-10 19:10:39,32,0,normal
user_587,session_5873,Desktop,5,5,0,31,0.0,227,1440x900,Chrome,en-IN,-330,landscape,Bengaluru,7756.08,2025-01-18 18:23:07,469,0,normal
user_503,session_5035,Tablet,7,3,0,10,1.03,166,810x1080,Safari,en-IN,-330,landscape,Kolkata,6050.74,2025-02-21 19:32:27,53,0,normal
user_439,session_4398,Mobile,5,8,2,19,0.82,105,390x844,Safari,en-IN,-330,portrait,Ahmedabad,3968.79,2025-02-09 23:41:15,53,0,normal
user_192,session_1927,Mobile,3,5,5,4,0.83,108,360x640,Edge,en-IN,-330,portrait,Pune,48.04,2025-05-13 09:02:21,69,0,normal
user_213,session_2134,Desktop,4,9,0,4,0.0,221,1366x768,Chrome,en-IN,-330,landscape,Hyderabad,4309.79,2025-04-14 15:32:30,200,0,normal
user_352,session_3526,Desktop,8,12,0,12,0.0,98,1920x1080,Safari,hi-IN,-330,landscape,Delhi,2846.04,2025-05-01 18:50:07,578,0,normal
user_586,session_5862,Mobile,4,7,6,5,0.0,222,390x844,Firefox,en-IN,-330,landscape,Ahmedabad,2813.14,2025-02-01 12:08:37,31,0,normal
user_465,session_4651,Mobile,6,2,6,14,0.29,88,390x844,Chrome,en-IN,-330,landscape,Bengaluru,7275.95,2025-05-07 17:12:52,0,0,normal
user_367,session_3672,Desktop,5,10,6,4,0.0,96,1366x768,Firefox,en-US,-330,landscape,Pune,16832.97,2025-03-25 08:53:33,17,1,account_takeover
user_439,session_4394,Mobile,3,6,6,26,0.27,104,390x844,Safari,en-IN,-330,landscape,Ahmedabad,6619.24,2025-03-08 22:24:04,35,0,normal
user_304,session_3046,Desktop,6,5,0,19,0.0,156,1440x900,Edge,en-US,-330,landscape,Mumbai,8084.27,2025-02-04 16:48:31,305,0,normal
user_554,session_5547,Desktop,7,7,0,0,0.0,118,1920x1080,Firefox,en-IN,-330,landscape,Chennai,1582.73,2025-03-09 20:29:07,272,0,normal
user_516,session_5161,Desktop,1,5,0,22,0.0,94,1920x1080,Safari,en-IN,-330,landscape,Ahmedabad,3693.55,2025-02-10 13:25:36,208,0,normal
user_563,session_5639,Desktop,10,3,0,13,0.0,127,1366x768,Edge,en-US,-330,landscape,Ahmedabad,3235.43,2025-04-05 06:25:54,329,0,normal
user_388,session_3887,Desktop,7,6,0,16,0.0,46,1366x768,Firefox,hi-IN,-330,landscape,Chennai,1166.77,2025-05-02 13:37:57,153,0,normal
user_109,session_1095,Desktop,8,9,0,20,0.0,211,1366x768,Edge,en-IN,-330,landscape,Ahmedabad,9286.74,2025-01-06 13:09:52,419,0,normal
user_112,session_1122,Desktop,6,0,0,4,0.0,128,1920x1080,Firefox,en-IN,-330,landscape,Mumbai,778.1,2025-05-21 10:02:17,150,0,normal
user_251,session_2517,Mobile,9,7,4,13,0.72,111,414x896,Firefox,hi-IN,-330,landscape,Hyderabad,10639.19,2025-01-11 13:25:46,69,0,normal
user_221,session_2211,Desktop,2,1,0,2,0.0,142,1366x768,Firefox,hi-IN,-330,landscape,Ahmedabad,1961.55,2025-05-04 10:36:34,305,0,normal
user_80,session_810,Mobile,5,3,2,19,0.79,114,414x896,Safari,en-IN,-330,landscape,Delhi,12326.97,2025-01-17 20:05:08,11,0,normal
user_425,session_4253,Desktop,8,16,0,16,0.0,55,1366x768,Chrome,hi-IN,-330,landscape,Mumbai,5502.85,2025-03-21 11:36:33,363,0,normal
user_327,session_3275,Desktop,2,2,0,13,0.0,41,1440x900,Safari,en-IN,-330,landscape,Bengaluru,2417.54,2025-04-12 11:00:16,298,0,normal
user_590,session_5908,Desktop,3,4,0,21,0.0,56,1366x768,Firefox,en-IN,-330,landscape,Pune,7581.39,2025-03-21 21:30:33,362,0,normal
user_434,session_4344,Mobile,5,17,8,21,1.14,55,414x896,Chrome,hi-IN,-330,portrait,Ahmedabad,1834.55,2025-02-12 21:11:48,83,0,normal
user_584,session_5846,Mobile,3,2,0,0,1.28,87,414x896,Edge,en-IN,-330,portrait,Mumbai,1856.88,2025-03-23 07:16:05,73,0,normal
user_550,session_5504,Desktop,0,4,0,16,0.0,70,1920x1080,Edge,en-IN,-330,landscape,Hyderabad,2495.55,2025-01-21 19:11:57,211,0,normal
user_565,session_5654,Desktop,5,3,0,18,0.0,175,1440x900,Edge,en-US,-330,landscape,Pune,2614.6,2025-02-28 13:12:20,215,0,normal
user_394,session_3945,Mobile,6,8,10,7,1.13,184,360x640,Firefox,en-IN,-330,portrait,Hyderabad,1269.45,2025-04-22 17:14:47,67,0,normal
user_503,session_5040,Tablet,8,15,6,15,0.2,177,810x1080,Safari,en-IN,-330,landscape,Kolkata,5716.13,2025-02-23 14:38:26,41,0,normal
user_254,session_2544,Desktop,2,2,0,14,0.0,109,1920x1080,Safari,en-IN,-330,landscape,Mumbai,12639.63,2025-02-02 17:10:43,324,0,normal
user_177,session_1774,Mobile,5,0,3,13,0.36,136,390x844,Edge,en-IN,-330,portrait,Mumbai,824.33,2025-04-10 14:18:17,47,0,normal
user_284,session_2847,Desktop,5,10,0,11,0.0,88,1440x900,Firefox,en-IN,-330,landscape,Bengaluru,3083.36,2025-04-17 19:51:17,197,0,normal
user_579,session_5800,Desktop,5,10,0,13,0.0,54,1920x1080,Safari,en-IN,-330,landscape,Pune,5450.98,2025-01-08 11:16:35,354,0,normal
user_176,session_1766,Desktop,6,12,0,17,0.0,120,1440x900,Safari,en-US,-330,landscape,Hyderabad,1179.01,2025-04-20 18:40:41,585,0,normal
user_389,session_3898,Mobile,5,11,0,8,0.26,251,390x844,Firefox,en-IN,-330,portrait,Kolkata,4968.46,2025-02-07 16:50:25,39,0,normal
user_562,session_5629,Desktop,13,10,0,8,0.0,170,1366x768,Safari,en-IN,-330,landscape,Kolkata,563.47,2025-03-18 06:53:01,274,0,normal
user_175,session_1757,Desktop,7,5,0,0,0.0,240,1440x900,Safari,en-IN,-330,landscape,Hyderabad,6774.43,2025-04-17 14:14:10,660,0,normal
user_234,session_2347,Desktop,4,7,0,10,0.0,32,1920x1080,Edge,en-US,-330,landscape,Delhi,3725.38,2025-03-27 16:01:58,57,0,normal
user_299,session_2997,Mobile,5,8,4,13,0.85,356,414x896,Firefox,en-IN,-330,portrait,Ahmedabad,12968.31,2025-01-17 18:27:06,40,0,normal
user_159,session_1596,Desktop,3,10,0,13,0.0,88,1440x900,Chrome,en-IN,-330,landscape,Hyderabad,1053.79,2025-04-18 18:10:17,213,0,normal
user_596,session_5967,Tablet,2,6,0,18,0.22,222,810x1080,Safari,en-IN,-330,landscape,Delhi,8589.59,2025-02-22 21:53:07,56,0,normal
user_325,session_3253,Mobile,2,8,9,9,0.32,91,414x896,Safari,hi-IN,-330,portrait,Mumbai,1248.75,2025-02-03 18:05:33,8,0,normal
user_82,session_830,Mobile,7,0,0,9,0.45,151,414x896,Chrome,en-IN,-330,landscape,Pune,7702.42,2025-03-31 16:50:52,67,0,normal
user_586,session_5865,Mobile,2,8,4,14,0.31,170,390x844,Firefox,en-IN,-330,portrait,Ahmedabad,1715.01,2025-02-19 16:13:27,55,0,normal
user_185,session_1859,Mobile,8,5,1,13,0.67,146,414x896,Safari,en-IN,-330,landscape,Mumbai,1423.52,2025-04-06 21:13:32,23,0,normal
user_43,session_439,Desktop,6,16,0,6,0.0,47,1366x768,Safari,en-IN,-330,landscape,Delhi,3173.8,2025-02-22 14:11:08,316,0,normal
user_62,session_628,Desktop,6,7,0,22,0.0,49,1440x900,Edge,en-US,-330,landscape,Hyderabad,10890.45,2025-01-01 08:36:00,390,0,normal
user_597,session_5979,Tablet,3,6,5,17,1.0,100,768x1024,Safari,en-IN,-330,landscape,Hyderabad,5155.63,2025-02-14 08:22:07,56,0,normal
user_287,session_2880,Tablet,7,2,4,12,0.88,303,810x1080,Safari,en-IN,-330,landscape,Delhi,2643.58,2025-03-08 16:34:00,22,0,normal
user_92,session_926,Tablet,4,7,12,12,1.03,202,810x1080,Firefox,en-IN,-330,landscape,Ahmedabad,10455.05,2025-04-14 14:44:34,46,0,normal
user_412,session_4122,Mobile,7,2,4,13,0.73,87,360x640,Safari,en-US,-330,landscape,Kolkata,2904.85,2025-04-29 20:41:49,49,0,normal
user_487,session_4875,Desktop,7,7,0,12,0.0,130,1440x900,Chrome,en-IN,-330,landscape,Delhi,7561.17,2025-03-06 16:07:37,421,0,normal
user_573,session_5737,Mobile,7,14,1,5,0.88,242,414x896,Edge,en-IN,-330,portrait,Ahmedabad,10655.69,2025-02-10 12:24:48,11,0,normal
user_286,session_2866,Desktop,2,0,0,0,0.0,9,1440x900,Firefox,hi-IN,-330,landscape,Mumbai,15576.14,2025-03-08 22:31:51,225,1,copy_paste_drain
user_595,session_5952,Mobile,6,5,5,1,0.71,84,414x896,Firefox,en-IN,-330,portrait,Chennai,1141.55,2025-04-10 16:26:18,21,0,normal
user_117,session_1174,Desktop,6,3,0,23,0.0,281,1440x900,Firefox,en-IN,-330,landscape,Mumbai,1806.98,2025-03-19 08:24:45,208,0,normal
user_336,session_3361,Desktop,3,11,0,11,0.0,121,1440x900,Chrome,en-US,-330,landscape,Bengaluru,951.67,2025-05-20 11:17:28,185,0,normal
user_319,session_3198,Desktop,1,8,0,11,0.0,65,1920x1080,Safari,hi-IN,-330,landscape,Kolkata,428.65,2025-03-11 13:54:30,114,0,normal
user_94,session_945,Mobile,11,12,9,24,0.76,224,414x896,Edge,hi-IN,-330,portrait,Delhi,3689.54,2025-03-02 14:36:10,37,0,normal
user_476,session_4770,Desktop,8,9,0,20,0.0,68,1366x768,Chrome,en-IN,-330,landscape,Bengaluru,1646.93,2025-04-25 11:49:41,299,0,normal
user_228,session_2289,Mobile,11,5,4,20,0.0,54,360x640,Chrome,en-IN,-330,landscape,Kolkata,7691.6,2025-04-20 04:27:36,21,0,normal
user_1,session_13,Mobile,10,7,3,25,0.81,90,390x844,Firefox,en-IN,-330,landscape,Delhi,4390.31,2025-04-10 17:14:04,66,0,normal
user_111,session_1118,Desktop,3,0,0,21,0.0,66,1440x900,Edge,en-IN,-330,landscape,Ahmedabad,820.37,2025-05-10 13:54:33,104,0,normal
user_436,session_4366,Mobile,7,15,5,11,0.0,118,414x896,Firefox,en-IN,-330,portrait,Chennai,4973.81,2025-04-02 16:24:24,47,0,normal
user_365,session_3656,Desktop,6,5,0,11,0.0,117,1920x1080,Edge,en-IN,-330,landscape,Bengaluru,1054.17,2025-02-22 20:52:00,345,0,normal
user_569,session_5696,Desktop,3,3,0,6,0.0,140,1920x1080,Firefox,en-IN,-330,landscape,Ahmedabad,832.93,2025-01-21 12:52:58,361,0,normal
user_64,session_643,Desktop,6,13,0,20,0.0,183,1366x768,Edge,en-IN,-330,landscape,Mumbai,380.98,2025-02-15 23:53:08,152,0,normal
user_258,session_2590,Desktop,10,11,0,15,0.0,98,1920x1080,Edge,en-IN,-330,landscape,Ahmedabad,1381.3,2025-05-05 18:11:25,357,0,normal
user_470,session_4708,Desktop,9,10,0,6,0.0,105,1440x900,Firefox,en-IN,-330,landscape,Pune,4188.08,2025-02-26 14:43:38,213,0,normal
user_267,session_2679,Mobile,2,2,3,11,1.01,231,390x844,Safari,en-IN,-330,portrait,Delhi,2076.06,2025-02-06 18:16:25,78,0,normal
user_429,session_4293,Desktop,5,7,0,28,0.0,204,1440x900,Firefox,en-IN,-330,landscape,Pune,7070.2,2025-05-30 14:15:11,383,0,normal
user_507,session_5080,Mobile,5,7,4,19,0.0,50,414x896,Edge,en-IN,-330,landscape,Chennai,3440.51,2025-02-21 11:44:57,30,0,normal
user_548,session_5488,Tablet,8,15,3,5,0.0,26,810x1080,Chrome,hi-IN,-330,portrait,Bengaluru,3027.03,2025-01-17 20:57:17,51,0,normal
user_292,session_2923,Desktop,0,10,0,20,0.0,51,1920x1080,Chrome,en-IN,-330,landscape,Pune,3141.34,2025-02-24 12:35:25,432,0,normal
user_253,session_2536,Desktop,2,9,0,16,0.0,184,1920x1080,Chrome,en-US,-330,landscape,Bengaluru,2387.76,2025-05-12 11:49:46,358,0,normal
user_476,session_4766,Desktop,7,5,0,6,0.0,47,1366x768,Chrome,en-IN,-330,landscape,Bengaluru,12643.79,2025-05-02 14:25:25,439,0,normal
user_226,session_2265,Desktop,10,7,0,17,0.0,166,1366x768,Edge,en-IN,-330,landscape,Pune,5651.22,2025-04-05 11:03:51,278,0,normal
user_65,session_654,Desktop,8,5,0,12,0.0,122,1920x1080,Edge,en-US,-330,landscape,Kolkata,689.27,2025-05-30 21:24:42,310,0,normal
user_42,session_430,Mobile,7,13,3,9,0.14,276,414x896,Firefox,en-IN,-330,landscape,Pune,7996.16,2025-03-14 12:34:02,35,0,normal
user_375,session_3751,Desktop,9,4,0,19,0.0,95,1440x900,Firefox,hi-IN,-330,landscape,Pune,3850.02,2025-04-06 14:58:25,171,0,normal
user_331,session_3316,Mobile,3,4,7,20,1.06,72,414x896,Firefox,en-IN,-330,portrait,Pune,2420.06,2025-03-06 11:27:52,73,0,normal
user_251,session_2518,Mobile,2,7,7,19,0.64,161,414x896,Firefox,hi-IN,-330,portrait,Hyderabad,11392.38,2025-01-05 10:56:04,65,0,normal
user_401,session_4012,Desktop,9,10,0,9,0.0,261,1920x1080,Edge,en-IN,-330,landscape,Hyderabad,4447.6,2025-01-25 10:39:44,341,0,normal
user_316,session_3163,Desktop,9,3,0,4,0.0,59,1920x1080,Safari,hi-IN,-330,landscape,Bengaluru,7694.53,2025-05-27 13:21:34,181,0,normal
user_360,session_3606,Desktop,7,10,0,24,0.0,64,1366x768,Chrome,en-US,-330,landscape,Ahmedabad,5061.13,2025-05-23 10:04:52,408,0,normal
user_83,session_839,Tablet,0,0,8,10,0.38,211,768x1024,Edge,en-US,-330,landscape,Kolkata,3110.65,2025-01-30 19:43:45,43,0,normal
user_108,session_1088,Desktop,11,14,0,19,0.0,129,1440x900,Edge,en-IN,-330,landscape,Mumbai,2088.84,2025-01-05 16:15:05,121,0,normal
user_172,session_1729,Desktop,10,5,0,14,0.0,71,1440x900,Edge,en-IN,-330,landscape,Chennai,2726.49,2025-04-28 12:55:46,286,0,normal
user_580,session_5808,Tablet,8,2,8,26,0.17,72,768x1024,Edge,en-IN,-330,portrait,Hyderabad,6872.42,2025-01-02 18:42:16,84,0,normal
user_131,session_1320,Mobile,8,11,2,24,0.14,185,360x640,Edge,en-IN,-330,portrait,Ahmedabad,8008.5,2025-02-22 11:38:28,15,0,normal
user_133,session_1331,Tablet,4,7,4,1,0.85,41,810x1080,Firefox,en-US,-330,portrait,Pune,9317.28,2025-01-25 16:25:25,42,0,normal
user_415,session_4155,Desktop,6,12,0,5,0.0,125,1366x768,Edge,en-IN,-330,landscape,Pune,6908.03,2025-01-19 16:46:10,222,0,normal
user_85,session_857,Tablet,1,12,6,11,0.17,30,768x1024,Edge,en-IN,-330,portrait,Mumbai,5108.73,2025-01-05 07:18:01,21,0,normal
user_141,session_1420,Desktop,4,10,0,16,0.0,58,1366x768,Edge,en-IN,-330,landscape,Bengaluru,5272.54,2025-01-26 11:36:54,276,0,normal
user_251,session_2516,Mobile,11,8,4,13,0.46,164,414x896,Firefox,hi-IN,-330,landscape,Hyderabad,6494.08,2025-02-15 08:36:36,30,0,normal
user_229,session_2300,Desktop,6,9,0,9,0.0,133,1440x900,Firefox,en-US,-330,landscape,Mumbai,3342.03,2025-01-09 14:11:25,482,0,normal
user_353,session_3537,Desktop,9,7,0,12,0.0,38,1920x1080,Chrome,en-IN,-330,landscape,Hyderabad,6802.89,2025-03-30 20:47:30,390,0,normal
user_160,session_1609,Desktop,5,1,0,0,0.0,104,1920x1080,Firefox,en-IN,-330,landscape,Hyderabad,1753.36,2025-05-13 12:05:05,208,0,normal
user_519,session_5199,Desktop,4,4,0,9,0.0,342,1366x768,Firefox,en-IN,-330,landscape,Chennai,6410.68,2025-02-06 16:44:12,550,0,normal
user_69,session_694,Mobile,4,1,4,11,1.04,98,414x896,Chrome,en-US,-330,portrait,Mumbai,733.73,2025-04-08 11:21:41,33,0,normal
user_414,session_4141,Desktop,0,0,0,19,0.0,173,1920x1080,Edge,hi-IN,-330,landscape,Chennai,471.21,2025-01-30 21:30:01,443,0,normal
user_266,session_2667,Desktop,9,4,0,17,0.0,190,1440x900,Edge,en-IN,-330,landscape,Bengaluru,7273.18,2025-03-11 18:04:20,205,0,normal
user_18,session_189,Mobile,5,12,10,27,0.61,211,414x896,Safari,en-IN,-330,portrait,Delhi,3182.15,2025-05-06 16:43:07,63,0,normal
user_28,session_288,Desktop,12,9,0,9,0.0,220,1440x900,Safari,en-US,-330,landscape,Bengaluru,10533.8,2025-02-08 14:50:56,359,0,normal
user_341,session_3411,Tablet,2,10,1,17,0.82,142,768x1024,Firefox,en-IN,-330,portrait,Ahmedabad,3323.19,2025-01-25 10:05:24,9,0,normal
user_553,session_5537,Tablet,5,5,8,3,0.99,214,768x1024,Firefox,en-US,-330,portrait,Pune,2220.71,2025-02-02 10:27:42,31,0,normal
user_420,session_4206,Desktop,14,1,0,7,0.0,141,1366x768,Safari,en-IN,-330,landscape,Mumbai,960.44,2025-03-05 13:11:32,178,0,normal
user_396,session_3967,Desktop,1,4,0,0,0.0,113,1920x1080,Firefox,en-IN,-330,landscape,Pune,432.1,2025-02-18 16:11:09,177,0,normal
user_377,session_3772,Mobile,9,6,2,19,0.67,124,414x896,Chrome,en-US,-330,landscape,Hyderabad,3196.03,2025-03-13 21:59:38,68,0,normal
user_321,session_3216,Desktop,10,10,0,23,0.0,178,1920x1080,Safari,en-IN,-330,landscape,Hyderabad,4537.76,2025-04-15 13:59:38,426,0,normal
user_233,session_2334,Desktop,6,7,0,18,0.0,84,1366x768,Firefox,hi-IN,-330,landscape,Mumbai,1431.14,2025-04-26 16:06:28,0,0,normal
user_598,session_5982,Mobile,4,10,2,19,0.0,169,390x844,Edge,en-IN,-330,portrait,Kolkata,4169.73,2025-01-05 11:39:23,64,0,normal
user_409,session_4095,Desktop,4,9,0,3,0.0,103,1440x900,Safari,en-IN,-330,landscape,Pune,2710.39,2025-02-23 23:42:53,252,0,normal
user_214,session_2145,Mobile,1,5,10,5,0.42,186,390x844,Chrome,en-IN,-330,landscape,Mumbai,1653.12,2025-02-27 21:04:00,48,0,normal
user_298,session_2981,Mobile,0,20,8,19,0.64,60,390x844,Chrome,en-IN,-330,portrait,Pune,1503.44,2025-04-14 10:57:40,72,0,normal
user_21,session_211,Desktop,3,5,0,24,0.0,125,1920x1080,Safari,en-IN,-330,landscape,Pune,7974.32,2025-04-07 13:14:22,335,0,normal
user_560,session_5608,Desktop,0,10,0,21,0.0,172,1366x768,Chrome,en-US,-330,landscape,Hyderabad,3185.28,2025-04-23 10:43:12,246,0,normal
user_499,session_4997,Desktop,4,9,0,21,0.0,217,1366x768,Edge,en-IN,-330,landscape,Kolkata,2936.84,2025-04-13 14:51:34,299,0,normal
user_310,session_3107,Desktop,0,12,0,9,0.0,136,1920x1080,Safari,en-IN,-330,landscape,Hyderabad,1497.21,2025-03-21 12:39:21,477,0,normal
user_7,session_74,Desktop,1,0,0,5,0.0,78,1366x768,Edge,en-IN,-330,landscape,Bengaluru,202.88,2025-03-29 13:37:55,189,0,normal
user_576,session_5766,Desktop,6,10,0,7,0.0,131,1920x1080,Firefox,en-IN,-330,landscape,Pune,1207.7,2025-04-25 21:12:49,433,0,normal
user_282,session_2829,Desktop,2,9,0,10,0.0,102,1440x900,Chrome,en-IN,-330,landscape,Kolkata,5456.5,2025-01-03 12:48:06,241,0,normal
user_478,session_4783,Mobile,5,3,4,13,0.64,119,414x896,Chrome,hi-IN,-330,landscape,Bengaluru,7372.0,2025-05-28 10:57:15,36,0,normal
user_594,session_5945,Desktop,3,4,0,17,0.0,93,1366x768,Firefox,en-IN,-330,landscape,Delhi,2161.76,2025-03-10 19:03:57,403,0,normal
user_424,session_4247,Mobile,2,3,4,9,0.75,104,414x896,Firefox,en-IN,-330,landscape,Kolkata,974.79,2025-04-17 10:55:09,11,0,normal
user_282,session_2822,Desktop,4,11,0,16,0.0,79,1440x900,Chrome,en-IN,-330,landscape,Kolkata,5859.07,2025-05-15 05:57:10,291,0,normal
user_330,session_3306,Tablet,3,3,4,5,0.91,142,768x1024,Chrome,hi-IN,-330,portrait,Chennai,487.93,2025-02-18 18:09:04,59,0,normal
user_559,session_5595,Mobile,9,7,3,26,0.72,125,414x896,Safari,en-US,-330,landscape,Mumbai,4397.96,2025-02-28 07:55:41,48,0,normal
user_214,session_2146,Mobile,5,2,6,9,0.93,198,390x844,Chrome,en-IN,-330,portrait,Mumbai,10254.56,2025-05-16 19:05:24,0,0,normal
user_123,session_1232,Mobile,5,5,6,10,0.49,86,390x844,Edge,en-US,-330,portrait,Bengaluru,1965.18,2025-02-10 08:07:32,40,0,normal
user_535,session_5353,Tablet,4,4,7,18,0.93,161,810x1080,Safari,en-IN,-330,portrait,Kolkata,1630.31,2025-04-15 11:31:25,23,0,normal
user_334,session_3341,Desktop,6,9,0,21,0.0,181,1440x900,Firefox,en-IN,-330,landscape,Pune,3714.68,2025-04-11 13:09:43,97,0,normal
user_586,session_5867,Mobile,7,3,9,15,0.84,89,390x844,Firefox,en-IN,-330,portrait,Ahmedabad,3843.37,2025-01-16 16:13:27,23,0,normal
user_439,session_4392,Mobile,7,15,2,15,0.38,208,390x844,Safari,en-IN,-330,landscape,Ahmedabad,4049.12,2025-04-01 14:01:40,36,0,normal
user_11,session_114,Mobile,5,14,3,19,0.77,84,360x640,Chrome,en-IN,-330,landscape,Delhi,5494.26,2025-03-27 17:44:07,40,0,normal
user_508,session_5087,Desktop,4,2,0,0,0.0,94,1366x768,Edge,en-US,-330,landscape,Bengaluru,3898.62,2025-01-05 05:28:32,491,0,normal
user_425,session_4260,Desktop,9,10,0,17,0.0,139,1366x768,Chrome,hi-IN,-330,landscape,Mumbai,8634.95,2025-05-07 13:21:45,189,0,normal
user_544,session_5442,Desktop,10,4,0,7,0.0,222,1366x768,Firefox,en-IN,-330,landscape,Delhi,9313.82,2025-01-11 15:10:48,325,0,normal
user_319,session_3196,Desktop,4,4,0,13,0.0,75,1920x1080,Safari,hi-IN,-330,landscape,Kolkata,233.42,2025-01-13 14:46:45,346,0,normal
user_245,session_2457,Desktop,2,9,0,2,0.0,102,1920x1080,Chrome,en-IN,-330,landscape,Pune,6592.41,2025-02-26 15:12:07,261,0,normal
user_294,session_2949,Desktop,10,4,0,10,0.0,167,1440x900,Edge,en-IN,-330,landscape,Hyderabad,4214.03,2025-03-19 08:10:55,166,0,normal
user_183,session_1840,Desktop,1,10,0,13,0.0,257,1920x1080,Edge,en-US,-330,landscape,Chennai,2273.88,2025-03-29 22:44:37,533,0,normal
user_196,session_1963,Desktop,6,15,0,20,0.0,31,1440x900,Safari,en-IN,-330,landscape,Ahmedabad,2027.89,2025-02-10 09:17:04,381,0,normal
user_189,session_1893,Desktop,4,9,0,23,0.0,120,1440x900,Safari,en-IN,-330,landscape,Delhi,1374.06,2025-04-21 11:04:19,397,0,normal
user_182,session_1826,Desktop,11,17,0,6,0.0,129,1920x1080,Chrome,en-US,-330,landscape,Mumbai,5803.23,2025-01-11 10:19:04,422,0,normal
user_433,session_4340,Mobile,3,6,7,7,1.02,119,360x640,Firefox,en-IN,-330,landscape,Bengaluru,2636.12,2025-05-02 15:04:49,24,0,normal
user_444,session_4447,Desktop,4,8,0,8,0.0,265,1440x900,Edge,en-IN,-330,landscape,Hyderabad,3609.01,2025-05-04 07:54:38,167,0,normal
user_345,session_3459,Desktop,5,10,0,8,0.0,89,1920x1080,Firefox,en-IN,-330,landscape,Chennai,3437.29,2025-03-26 15:46:12,538,0,normal
user_353,session_3536,Desktop,10,8,0,2,0.0,38,1920x1080,Chrome,en-IN,-330,landscape,Hyderabad,10578.85,2025-03-19 19:38:30,364,0,normal
user_25,session_253,Desktop,7,5,0,15,0.0,146,1366x768,Chrome,en-IN,-330,landscape,Kolkata,2058.23,2025-03-21 16:37:44,340,0,normal
user_35,session_351,Mobile,3,16,7,20,0.73,101,360x640,Edge,en-IN,-330,portrait,Mumbai,2638.84,2025-04-10 22:45:46,102,0,normal
user_275,session_2759,Mobile,4,9,6,8,0.25,50,360x640,Edge,en-US,-330,portrait,Mumbai,4512.9,2025-02-21 12:23:39,20,0,normal
user_455,session_4553,Desktop,1,10,0,7,0.0,251,1920x1080,Firefox,en-US,-330,landscape,Ahmedabad,4469.56,2025-02-28 17:10:01,298,0,normal
user_45,session_458,Desktop,2,11,0,20,0.0,156,1920x1080,Edge,hi-IN,-330,landscape,Pune,6925.38,2025-05-25 08:15:47,310,0,normal
user_584,session_5845,Mobile,4,0,4,0,0.95,81,414x896,Edge,en-IN,-330,portrait,Mumbai,2482.61,2025-05-29 10:09:47,46,0,normal
user_47,session_480,Desktop,5,10,0,6,0.0,59,1366x768,Firefox,en-IN,-330,landscape,Hyderabad,4156.48,2025-05-03 06:27:16,381,0,normal
user_111,session_1115,Desktop,4,4,0,4,0.0,38,1440x900,Edge,en-IN,-330,landscape,Ahmedabad,605.7,2025-04-21 13:54:56,56,0,normal
user_79,session_799,Desktop,5,10,0,5,0.0,258,1920x1080,Safari,en-IN,-330,landscape,Delhi,6689.45,2025-04-28 07:57:51,113,0,normal
user_422,session_4222,Mobile,2,2,2,0,0.61,167,390x844,Safari,en-US,-330,landscape,Delhi,290.09,2025-04-08 13:25:13,32,0,normal
user_267,session_2674,Mobile,4,6,4,26,0.23,191,390x844,Safari,en-IN,-330,portrait,Delhi,1248.84,2025-04-27 15:12:42,10,0,normal
user_309,session_3096,Mobile,3,15,5,10,0.24,78,360x640,Chrome,en-IN,-330,landscape,Mumbai,1935.25,2025-04-23 12:51:11,15,0,normal
user_2,session_27,Mobile,4,9,2,9,1.01,259,414x896,Safari,en-IN,-330,landscape,Mumbai,3751.5,2025-01-13 12:40:15,20,0,normal
user_307,session_3076,Desktop,7,9,0,7,0.0,109,1440x900,Firefox,en-US,-330,landscape,Bengaluru,4750.15,2025-03-13 18:31:36,509,0,normal
user_275,session_2751,Mobile,3,10,3,13,1.74,81,360x640,Edge,en-US,-330,landscape,Mumbai,6822.64,2025-02-18 12:17:27,71,0,normal
user_327,session_3271,Desktop,8,12,0,8,0.0,41,1440x900,Safari,en-IN,-330,landscape,Bengaluru,8563.85,2025-04-23 13:07:46,0,0,normal
user_174,session_1748,Desktop,6,1,0,15,0.0,51,1920x1080,Chrome,en-US,-330,landscape,Mumbai,2928.73,2025-03-03 17:43:35,230,0,normal
user_128,session_1288,Desktop,6,11,0,8,0.0,153,1366x768,Firefox,en-US,-330,landscape,Pune,3495.82,2025-03-10 15:32:37,627,0,normal
user_128,session_1282,Desktop,8,9,0,14,0.0,178,1366x768,Firefox,en-US,-330,landscape,Pune,2020.07,2025-04-26 12:55:55,264,0,normal
user_493,session_4935,Desktop,5,6,0,23,0.0,81,1440x900,Chrome,en-IN,-330,landscape,Mumbai,2003.23,2025-05-21 07:06:53,429,0,normal
user_261,session_2620,Mobile,6,6,6,9,0.48,201,414x896,Safari,en-US,-330,portrait,Ahmedabad,2455.49,2025-01-19 18:47:44,48,0,normal
user_206,session_2064,Desktop,2,7,0,11,0.0,268,1920x1080,Chrome,en-US,-330,landscape,Kolkata,6994.35,2025-05-08 10:22:23,437,0,normal
user_219,session_2192,Desktop,6,2,0,15,0.0,49,1440x900,Chrome,en-IN,-330,landscape,Chennai,3807.96,2025-04-27 18:22:23,232,0,normal
user_464,session_4650,Tablet,4,10,5,13,0.79,137,768x1024,Chrome,en-IN,-330,landscape,Chennai,3266.06,2025-01-19 11:39:24,79,0,normal
user_515,session_5155,Mobile,5,2,6,20,0.54,66,390x844,Safari,en-IN,-330,portrait,Chennai,3938.93,2025-01-19 15:30:54,26,0,normal
user_471,session_4718,Desktop,1,6,0,12,0.0,166,1440x900,Chrome,en-IN,-330,landscape,Ahmedabad,1873.51,2025-03-03 06:03:26,116,0,normal
user_195,session_1952,Desktop,7,0,0,13,0.0,111,1920x1080,Firefox,hi-IN,-330,landscape,Chennai,4895.13,2025-01-01 23:09:52,291,0,normal
user_457,session_4579,Mobile,9,15,4,15,0.49,165,360x640,Safari,hi-IN,-330,portrait,Delhi,4223.19,2025-03-02 20:47:50,40,0,normal
user_291,session_2918,Mobile,4,3,1,11,0.0,108,360x640,Chrome,en-IN,-330,portrait,Mumbai,2001.93,2025-03-29 07:06:00,38,0,normal
user_493,session_4936,Desktop,6,4,0,4,0.0,53,1440x900,Chrome,en-IN,-330,landscape,Mumbai,1971.06,2025-05-08 10:12:34,144,0,normal
user_60,session_608,Mobile,1,0,5,9,0.77,78,360x640,Chrome,en-IN,-330,landscape,Mumbai,6013.07,2025-04-15 16:10:21,11,0,normal
user_409,session_4094,Desktop,0,4,0,6,0.0,182,1440x900,Safari,en-IN,-330,landscape,Pune,3448.98,2025-01-28 15:03:25,371,0,normal
user_480,session_4804,Desktop,3,3,0,15,0.0,100,1366x768,Safari,en-IN,-330,landscape,Pune,6045.85,2025-04-29 13:12:56,178,0,normal
user_340,session_3405,Tablet,7,8,6,11,0.59,239,810x1080,Safari,en-US,-330,portrait,Bengaluru,313.13,2025-04-30 12:15:20,29,0,normal
user_585,session_5857,Desktop,5,8,0,22,0.0,283,1920x1080,Safari,en-IN,-330,landscape,Mumbai,11449.35,2025-04-12 15:37:50,329,0,normal
user_394,session_3942,Mobile,5,10,7,21,0.0,177,360x640,Firefox,en-IN,-330,landscape,Hyderabad,869.84,2025-01-11 15:45:24,48,0,normal
user_485,session_4853,Desktop,3,1,0,20,0.0,71,1440x900,Safari,en-IN,-330,landscape,Delhi,5613.74,2025-04-19 08:39:43,200,0,normal
user_589,session_5894,Mobile,5,9,8,18,0.6,146,360x640,Firefox,en-IN,-330,portrait,Chennai,2480.51,2025-05-01 17:48:10,2,0,normal
user_450,session_4507,Mobile,9,9,7,6,0.57,170,360x640,Firefox,en-IN,-330,landscape,Chennai,2134.95,2025-04-29 11:23:39,45,0,normal
user_20,session_204,Desktop,7,5,0,19,0.0,92,1920x1080,Edge,en-IN,-330,landscape,Chennai,7510.49,2025-05-26 11:22:58,572,0,normal
user_33,session_340,Mobile,4,6,7,8,1.18,258,390x844,Edge,en-IN,-330,landscape,Delhi,3218.57,2025-02-18 15:03:44,67,0,normal
user_83,session_838,Tablet,10,12,2,15,0.6,223,768x1024,Edge,en-US,-330,portrait,Kolkata,4570.84,2025-05-22 14:14:01,28,0,normal
user_435,session_4360,Mobile,6,7,6,12,0.03,147,414x896,Firefox,en-IN,-330,portrait,Hyderabad,9533.35,2025-02-17 19:26:23,56,0,normal
user_38,session_388,Desktop,11,6,0,15,0.0,65,1920x1080,Safari,en-IN,-330,landscape,Mumbai,1520.79,2025-03-19 13:53:15,441,0,normal
user_415,session_4153,Desktop,5,5,0,13,0.0,240,1366x768,Edge,en-IN,-330,landscape,Pune,5088.94,2025-05-20 16:55:28,343,0,normal
user_482,session_4823,Desktop,7,0,0,4,0.0,49,1920x1080,Firefox,en-US,-330,landscape,Kolkata,2745.21,2025-04-09 15:26:49,316,0,normal
user_257,session_2577,Mobile,10,3,4,24,0.77,224,390x844,Firefox,en-IN,-330,portrait,Pune,8245.5,2025-05-25 04:48:45,70,0,normal
user_378,session_3784,Desktop,4,5,0,13,0.0,109,1920x1080,Safari,en-IN,-330,landscape,Ahmedabad,3975.63,2025-03-11 19:01:37,195,0,normal
user_302,session_3024,Desktop,0,8,0,18,0.0,115,1440x900,Firefox,en-IN,-330,landscape,Hyderabad,6582.53,2025-04-03 16:53:22,489,0,normal
user_342,session_3427,Desktop,1,4,0,0,0.0,47,1440x900,Edge,en-IN,-330,landscape,Chennai,5645.61,2025-05-27 18:51:38,338,0,normal
user_338,session_3384,Desktop,5,9,0,19,0.0,108,1920x1080,Safari,en-IN,-330,landscape,Chennai,2182.44,2025-02-15 10:36:51,565,0,normal
user_466,session_4666,Desktop,5,6,0,14,0.0,83,1440x900,Edge,en-IN,-330,landscape,Bengaluru,5232.31,2025-02-01 11:55:02,322,0,normal
user_223,session_2234,Mobile,7,6,9,3,0.25,372,414x896,Edge,en-US,-330,landscape,Kolkata,1164.21,2025-04-02 16:33:59,0,0,normal
user_165,session_1651,Tablet,4,3,6,23,0.94,234,810x1080,Edge,en-IN,-330,landscape,Pune,3627.76,2025-03-23 18:27:48,31,0,normal
user_324,session_3248,Mobile,4,8,1,16,0.89,176,390x844,Edge,en-IN,-330,portrait,Kolkata,855.37,2025-01-01 11:55:17,23,0,normal
user_490,session_4907,Desktop,7,6,0,15,0.0,112,1366x768,Firefox,en-US,-330,landscape,Delhi,156.86,2025-03-22 12:55:09,160,0,normal
user_67,session_678,Desktop,10,14,0,17,0.0,250,1920x1080,Firefox,en-US,-330,landscape,Kolkata,1424.43,2025-02-07 17:03:58,114,0,normal
user_386,session_3862,Mobile,3,4,3,12,0.31,120,390x844,Safari,en-IN,-330,portrait,Pune,9880.84,2025-02-28 10:35:53,43,0,normal
user_153,session_1540,Desktop,3,2,0,14,0.0,323,1920x1080,Safari,en-IN,-330,landscape,Hyderabad,873.38,2025-05-20 13:21:39,234,0,normal
user_191,session_1917,Desktop,6,7,0,23,0.0,126,1366x768,Chrome,en-IN,-330,landscape,Mumbai,2706.63,2025-04-06 14:02:53,163,0,normal
user_6,session_62,Mobile,7,4,9,16,0.23,117,390x844,Safari,en-US,-330,landscape,Hyderabad,7849.89,2025-04-08 13:56:51,19,0,normal
user_365,session_3660,Desktop,5,0,0,16,0.0,213,1920x1080,Edge,en-IN,-330,landscape,Bengaluru,1483.65,2025-05-28 18:12:01,81,0,normal
user_413,session_4138,Mobile,7,9,1,3,0.33,76,414x896,Safari,en-IN,-330,landscape,Delhi,9202.58,2025-04-04 10:12:28,30,0,normal
user_435,session_4358,Mobile,7,9,3,15,0.03,153,414x896,Firefox,en-IN,-330,portrait,Hyderabad,9243.53,2025-03-31 18:05:36,75,0,normal
user_148,session_1481,Desktop,9,13,0,19,0.0,64,1440x900,Chrome,hi-IN,-330,landscape,Mumbai,6545.68,2025-04-18 13:02:13,447,0,normal
user_79,session_791,Desktop,2,8,0,10,0.0,159,1920x1080,Safari,en-IN,-330,landscape,Delhi,7900.47,2025-05-26 10:24:41,223,0,normal
user_167,session_1671,Mobile,4,12,7,8,0.37,123,390x844,Chrome,en-IN,-330,portrait,Pune,7026.08,2025-05-30 16:09:13,19,0,normal
user_320,session_3209,Desktop,7,10,0,25,0.0,119,1440x900,Chrome,en-IN,-330,landscape,Chennai,4891.19,2025-01-27 09:53:31,0,0,normal
user_543,session_5435,Desktop,8,9,0,18,0.0,55,1366x768,Edge,en-IN,-330,landscape,Mumbai,2573.81,2025-05-06 08:47:48,291,0,normal
user_311,session_3117,Desktop,9,1,0,13,0.0,122,1440x900,Safari,en-IN,-330,landscape,Delhi,2977.69,2025-04-19 11:42:52,187,0,normal
user_494,session_4948,Mobile,11,7,5,15,1.56,47,390x844,Edge,en-IN,-330,landscape,Hyderabad,273.81,2025-04-26 12:03:40,36,0,normal
user_423,session_4236,Desktop,3,16,0,21,0.0,55,1440x900,Chrome,en-US,-330,landscape,Hyderabad,2373.18,2025-02-14 06:59:01,579,0,normal
user_534,session_5342,Desktop,10,2,0,6,0.0,114,1366x768,Firefox,en-IN,-330,landscape,Chennai,5512.49,2025-02-06 14:30:17,276,0,normal
user_374,session_3750,Mobile,5,4,3,27,0.22,64,390x844,Firefox,en-IN,-330,portrait,Ahmedabad,7809.94,2025-03-03 15:07:31,50,0,normal
user_439,session_4400,Mobile,9,13,6,13,0.49,121,390x844,Safari,en-IN,-330,landscape,Ahmedabad,3418.57,2025-03-02 20:05:01,66,0,normal
user_259,session_2597,Desktop,8,8,0,10,0.0,65,1366x768,Edge,en-IN,-330,landscape,Delhi,2547.62,2025-02-17 16:45:59,431,0,normal
user_400,session_4005,Desktop,3,4,0,3,0.0,70,1366x768,Firefox,en-IN,-330,landscape,Hyderabad,5518.36,2025-01-11 13:43:32,291,0,normal
user_209,session_2094,Desktop,11,6,0,10,0.0,189,1440x900,Firefox,en-IN,-330,landscape,Hyderabad,4437.74,2025-03-06 20:50:59,207,0,normal
user_73,session_734,Desktop,8,9,0,8,0.0,228,1920x1080,Firefox,en-IN,-330,landscape,Chennai,2082.5,2025-03-10 14:57:53,403,0,normal
user_369,session_3691,Mobile,7,6,21,20,0.5,115,360x640,Firefox,en-US,-330,portrait,Kolkata,7390.67,2025-04-20 15:48:18,66,0,normal
user_454,session_4550,Mobile,5,3,2,11,0.53,195,360x640,Chrome,hi-IN,-330,portrait,Pune,630.39,2025-01-06 13:03:44,69,0,normal
user_395,session_3957,Mobile,5,6,6,12,0.89,27,360x640,Chrome,en-IN,-330,portrait,Ahmedabad,3428.14,2025-05-12 16:32:03,50,0,normal
user_508,session_5090,Desktop,0,3,0,2,0.0,103,1366x768,Edge,en-US,-330,landscape,Bengaluru,5519.91,2025-05-05 11:16:19,344,0,normal
user_184,session_1841,Desktop,10,0,0,17,0.0,185,1440x900,Firefox,en-IN,-330,landscape,Bengaluru,6455.79,2025-01-08 20:36:37,443,0,normal
user_285,session_2852,Mobile,5,13,0,5,1.17,35,390x844,Safari,hi-IN,-330,landscape,Pune,8000.0,2025-02-14 01:08:19,30,1,odd_hour_drain
user_52,session_528,Desktop,6,8,0,21,0.0,93,1440x900,Edge,en-IN,-330,landscape,Ahmedabad,10757.56,2025-02-19 22:38:47,213,0,normal
user_330,session_3304,Tablet,5,10,1,15,0.37,107,768x1024,Chrome,hi-IN,-330,portrait,Chennai,408.03,2025-03-14 21:27:39,22,0,normal
user_565,session_5660,Desktop,5,10,0,9,0.0,96,1440x900,Edge,en-US,-330,landscape,Pune,2529.75,2025-02-22 07:36:34,130,0,normal
user_250,session_2510,Mobile,5,7,6,14,0.73,144,360x640,Safari,en-IN,-330,portrait,Delhi,7447.82,2025-01-19 11:15:34,39,0,normal
user_222,session_2229,Desktop,2,10,0,8,0.0,121,1920x1080,Chrome,en-IN,-330,landscape,Bengaluru,2330.84,2025-04-27 23:44:32,378,0,normal
user_209,session_2095,Desktop,2,6,0,10,0.0,166,1440x900,Firefox,en-IN,-330,landscape,Hyderabad,2433.27,2025-04-01 21:06:01,244,0,normal
user_433,session_4336,Mobile,3,12,7,19,0.59,170,360x640,Firefox,en-IN,-330,landscape,Bengaluru,2489.56,2025-05-29 10:36:31,60,0,normal
user_80,session_804,Mobile,0,4,0,15,0.23,168,414x896,Safari,en-IN,-330,portrait,Delhi,9111.19,2025-04-08 17:45:06,11,0,normal
user_85,session_858,Tablet,4,8,3,11,1.21,58,768x1024,Edge,en-IN,-330,portrait,Mumbai,5016.52,2025-02-20 09:39:56,46,0,normal
user_347,session_3471,Tablet,7,10,8,17,0.7,64,810x1080,Edge,en-IN,-330,landscape,Pune,11621.45,2025-01-19 14:15:28,77,0,normal
user_241,session_2419,Desktop,13,8,0,13,0.0,124,1440x900,Firefox,en-IN,-330,landscape,Chennai,5562.18,2025-02-23 15:53:06,301,0,normal
user_275,session_2755,Mobile,3,0,0,17,0.17,96,360x640,Edge,en-US,-330,landscape,Mumbai,5706.44,2025-03-18 12:49:10,70,0,normal
user_467,session_4680,Mobile,4,5,2,14,0.74,155,390x844,Edge,en-IN,-330,landscape,Mumbai,8954.43,2025-01-01 14:09:00,76,0,normal
user_164,session_1644,Desktop,4,11,0,15,0.0,207,1440x900,Firefox,en-IN,-330,landscape,Kolkata,4703.67,2025-04-30 10:01:59,340,0,normal
user_21,session_220,Desktop,6,8,0,24,0.0,78,1920x1080,Safari,en-IN,-330,landscape,Pune,7063.69,2025-02-09 10:25:35,270,0,normal
user_517,session_5175,Desktop,6,6,0,15,0.0,122,1366x768,Safari,en-IN,-330,landscape,Kolkata,5124.14,2025-04-17 10:42:47,294,0,normal
user_128,session_1289,Desktop,9,8,0,25,0.0,189,1366x768,Firefox,en-US,-330,landscape,Pune,4623.45,2025-04-08 13:03:17,167,0,normal
user_111,session_1116,Desktop,4,3,0,17,0.0,55,1440x900,Edge,en-IN,-330,landscape,Ahmedabad,603.17,2025-04-29 12:40:57,242,0,normal
user_58,session_583,Desktop,10,4,0,15,0.0,121,1366x768,Safari,en-US,-330,landscape,Delhi,4029.52,2025-05-01 17:42:16,478,0,normal
user_316,session_3162,Desktop,3,12,0,10,0.0,62,1920x1080,Safari,hi-IN,-330,landscape,Bengaluru,3808.28,2025-01-30 08:11:18,295,0,normal
user_4,session_44,Desktop,3,15,0,22,0.0,179,1440x900,Chrome,en-IN,-330,landscape,Hyderabad,1921.08,2025-05-25 18:18:06,413,0,normal
user_577,session_5772,Desktop,6,9,0,3,0.0,198,1920x1080,Edge,en-US,-330,landscape,Chennai,2522.05,2025-05-08 10:41:20,212,0,normal
user_245,session_2452,Desktop,5,11,0,11,0.0,90,1920x1080,Chrome,en-IN,-330,landscape,Pune,8369.32,2025-05-23 16:22:46,236,0,normal
user_594,session_5950,Desktop,13,6,0,17,0.0,66,1366x768,Firefox,en-IN,-330,landscape,Delhi,2646.2,2025-04-20 23:50:24,230,0,normal
user_152,session_1521,Desktop,5,17,0,16,0.0,124,1920x1080,Edge,en-IN,-330,landscape,Mumbai,10326.44,2025-05-20 21:52:12,386,0,normal
user_312,session_3129,Desktop,3,5,0,15,0.0,281,1920x1080,Firefox,en-IN,-330,landscape,Hyderabad,750.64,2025-03-19 16:01:38,299,0,normal
user_213,session_2132,Desktop,1,9,0,14,0.0,117,1366x768,Chrome,en-IN,-330,landscape,Hyderabad,5841.6,2025-03-05 18:25:55,126,0,normal
user_174,session_1745,Desktop,6,12,0,10,0.0,99,1920x1080,Chrome,en-US,-330,landscape,Mumbai,3839.8,2025-04-03 19:31:24,339,0,normal
user_578,session_5790,Desktop,7,6,0,18,0.0,216,1920x1080,Edge,en-IN,-330,landscape,Delhi,3046.38,2025-05-27 16:31:19,445,0,normal
user_122,session_1225,Desktop,9,9,0,5,0.0,242,1366x768,Chrome,en-IN,-330,landscape,Chennai,8718.32,2025-04-20 05:12:03,40,0,normal
user_279,session_2800,Mobile,3,2,5,10,0.0,151,390x844,Safari,en-US,-330,portrait,Kolkata,3462.12,2025-03-26 20:11:55,39,0,normal
user_107,session_1072,Mobile,4,5,3,13,0.8,140,390x844,Chrome,en-IN,-330,portrait,Kolkata,1800.9,2025-03-04 04:47:18,29,0,normal
user_71,session_719,Tablet,8,10,0,9,0.1,223,810x1080,Firefox,en-IN,-330,landscape,Bengaluru,9864.41,2025-03-17 16:06:31,67,0,normal
user_435,session_4357,Mobile,11,10,8,12,0.07,41,414x896,Firefox,en-IN,-330,portrait,Hyderabad,10617.23,2025-04-28 22:33:57,10,0,normal
user_196,session_1962,Desktop,2,10,0,15,0.0,53,1440x900,Safari,en-IN,-330,landscape,Ahmedabad,1264.13,2025-04-24 08:23:12,387,0,normal
user_67,session_671,Desktop,6,1,0,14,0.0,170,1920x1080,Firefox,en-US,-330,landscape,Kolkata,2272.39,2025-02-07 12:50:35,407,0,normal
user_389,session_3894,Mobile,5,0,0,0,0.17,90,390x844,Firefox,en-IN,-330,landscape,Kolkata,9401.0,2025-02-21 22:44:39,45,0,normal
user_310,session_3103,Desktop,3,0,0,4,0.0,152,1920x1080,Safari,en-IN,-330,landscape,Hyderabad,1594.85,2025-02-07 15:36:05,208,0,normal
user_204,session_2046,Desktop,2,9,0,21,0.0,83,1366x768,Firefox,en-IN,-330,landscape,Hyderabad,5177.34,2025-02-11 08:37:54,461,0,normal
user_479,session_4798,Desktop,2,9,0,3,0.0,157,1366x768,Safari,en-IN,-330,landscape,Hyderabad,2822.72,2025-02-22 19:20:18,106,0,normal
user_595,session_5954,Mobile,10,1,10,22,0.12,99,414x896,Firefox,en-IN,-330,landscape,Chennai,974.62,2025-04-27 19:05:13,5,0,normal
user_89,session_898,Desktop,0,8,0,1,0.0,44,1440x900,Firefox,en-IN,-330,landscape,Chennai,2794.59,2025-05-22 14:55:15,162,0,normal
user_125,session_1259,Mobile,5,5,3,20,0.51,163,360x640,Safari,en-US,-330,portrait,Delhi,9747.12,2025-04-12 11:44:10,44,0,normal
user_285,session_2856,Mobile,6,4,5,11,0.47,112,390x844,Safari,hi-IN,-330,landscape,Pune,1242.7,2025-03-10 18:25:51,49,0,normal
user_9,session_96,Desktop,13,9,0,9,0.0,139,1440x900,Safari,en-IN,-330,landscape,Hyderabad,2713.81,2025-02-06 19:18:33,369,0,normal
user_302,session_3022,Desktop,5,13,0,21,0.0,115,1440x900,Firefox,en-IN,-330,landscape,Hyderabad,2706.66,2025-03-22 20:08:29,182,0,normal
user_327,session_3277,Desktop,0,0,0,9,0.0,66,1440x900,Safari,en-IN,-330,landscape,Bengaluru,11386.25,2025-05-05 22:00:26,460,0,normal
user_84,session_843,Desktop,5,14,0,17,0.0,100,1920x1080,Chrome,en-US,-330,landscape,Mumbai,1982.49,2025-01-19 14:33:27,70,0,normal
user_403,session_4035,Mobile,11,2,7,17,0.59,223,390x844,Edge,en-IN,-330,portrait,Ahmedabad,4009.56,2025-01-04 18:30:31,34,0,normal
user_270,session_2706,Mobile,1,6,7,26,0.55,136,360x640,Chrome,hi-IN,-330,landscape,Delhi,1601.96,2025-05-29 17:07:46,25,0,normal
user_497,session_4976,Desktop,2,0,0,3,0.0,74,1440x900,Chrome,en-IN,-330,landscape,Kolkata,11149.69,2025-03-16 14:43:22,237,0,normal
user_261,session_2619,Mobile,8,10,5,11,0.38,255,414x896,Safari,en-US,-330,portrait,Ahmedabad,2508.85,2025-01-23 15:29:27,45,0,normal
user_341,session_3419,Tablet,7,5,5,17,0.19,82,768x1024,Firefox,en-IN,-330,portrait,Ahmedabad,3883.4,2025-03-19 13:24:41,29,0,normal
user_463,session_4632,Desktop,3,15,0,13,0.0,196,1920x1080,Safari,en-US,-330,landscape,Ahmedabad,6229.33,2025-01-11 16:51:01,249,0,normal
user_515,session_5152,Mobile,5,1,5,9,0.0,65,390x844,Safari,en-IN,-330,landscape,Chennai,2770.16,2025-04-15 22:38:23,73,0,normal
user_32,session_323,Desktop,4,10,0,5,0.0,330,1920x1080,Firefox,en-IN,-330,landscape,Pune,1042.79,2025-03-30 20:06:52,296,0,normal
user_435,session_4356,Mobile,10,8,6,10,0.29,120,414x896,Firefox,en-IN,-330,portrait,Hyderabad,4750.04,2025-01-06 20:15:23,43,0,normal
user_213,session_2133,Desktop,10,1,0,6,0.0,278,1366x768,Chrome,en-IN,-330,landscape,Hyderabad,9672.02,2025-04-26 14:55:12,157,0,normal
user_372,session_3728,Desktop,8,5,0,21,0.0,279,1366x768,Edge,en-IN,-330,landscape,Mumbai,7346.91,2025-02-26 08:44:25,355,0,normal
user_33,session_335,Mobile,7,12,6,17,0.05,195,390x844,Edge,en-IN,-330,portrait,Delhi,1766.26,2025-01-09 14:18:53,52,0,normal
user_264,session_2645,Desktop,0,11,0,15,0.0,116,1920x1080,Firefox,en-IN,-330,landscape,Ahmedabad,6097.26,2025-02-12 19:06:04,44,0,normal
user_33,session_333,Mobile,5,9,0,20,0.81,211,390x844,Edge,en-IN,-330,landscape,Delhi,3100.82,2025-01-26 11:34:46,33,0,normal
user_83,session_834,Tablet,4,13,9,10,0.37,287,768x1024,Edge,en-US,-330,portrait,Kolkata,3328.12,2025-04-13 16:04:12,39,0,normal
user_253,session_2535,Desktop,12,10,0,11,0.0,248,1920x1080,Chrome,en-US,-330,landscape,Bengaluru,2415.2,2025-03-06 12:27:26,253,0,normal
user_216,session_2168,Desktop,10,6,0,17,0.0,68,1440x900,Safari,hi-IN,-330,landscape,Delhi,7165.17,2025-03-04 05:31:25,448,0,normal
user_225,session_2252,Desktop,4,8,0,10,0.0,102,1440x900,Chrome,en-IN,-330,landscape,Hyderabad,6338.76,2025-05-15 09:04:02,564,0,normal
user_188,session_1887,Mobile,4,7,8,16,0.94,183,390x844,Firefox,en-IN,-330,landscape,Pune,7569.47,2025-05-17 21:09:21,39,0,normal
user_216,session_2167,Desktop,4,11,0,11,0.0,96,1440x900,Safari,hi-IN,-330,landscape,Delhi,10124.88,2025-04-06 12:17:17,395,0,normal
user_73,session_732,Desktop,4,8,0,16,0.0,296,1920x1080,Firefox,en-IN,-330,landscape,Chennai,3397.79,2025-02-10 14:51:24,234,0,normal
user_169,session_1696,Desktop,9,6,0,22,0.0,194,1366x768,Safari,en-IN,-330,landscape,Mumbai,1416.19,2025-02-12 15:50:16,199,0,normal
user_29,session_292,Desktop,9,15,0,21,0.0,107,1920x1080,Chrome,en-IN,-330,landscape,Ahmedabad,2299.7,2025-02-14 08:39:17,564,0,normal
user_18,session_185,Mobile,7,14,7,21,0.83,166,414x896,Safari,en-IN,-330,landscape,Delhi,3399.06,2025-04-24 14:00:39,68,0,normal
user_472,session_4727,Mobile,1,13,6,23,0.8,117,360x640,Safari,en-IN,-330,portrait,Kolkata,8918.91,2025-05-08 18:42:34,56,0,normal
user_476,session_4764,Mobile,4,8,0,3,0.0,65,360x640,Safari,en-IN,-330,landscape,Hyderabad,18605.57,2025-05-13 10:42:03,234,1,account_takeover
user_321,session_3212,Desktop,4,8,0,13,0.0,85,1920x1080,Safari,en-IN,-330,landscape,Hyderabad,5519.1,2025-05-01 15:03:30,326,0,normal
user_53,session_534,Mobile,3,8,0,4,0.13,166,414x896,Edge,en-IN,-330,landscape,Ahmedabad,6283.43,2025-05-27 16:19:07,47,0,normal
user_283,session_2836,Desktop,4,3,0,10,0.0,207,1366x768,Chrome,en-IN,-330,landscape,Kolkata,2974.96,2025-01-31 10:41:42,296,0,normal
user_271,session_2716,Desktop,12,10,0,12,0.0,41,1920x1080,Chrome,en-IN,-330,landscape,Mumbai,758.03,2025-01-18 15:30:01,423,0,normal
user_389,session_3899,Mobile,3,0,3,12,0.13,119,390x844,Firefox,en-IN,-330,portrait,Kolkata,8673.3,2025-04-14 15:17:49,66,0,normal
user_316,session_3169,Desktop,0,6,0,5,0.0,86,1920x1080,Safari,hi-IN,-330,landscape,Bengaluru,9872.73,2025-04-29 13:12:06,86,0,normal
user_65,session_658,Desktop,8,10,0,19,0.0,93,1920x1080,Edge,en-US,-330,landscape,Kolkata,771.76,2025-04-26 23:40:14,203,0,normal
user_125,session_1256,Mobile,4,4,6,24,0.47,189,360x640,Safari,en-US,-330,landscape,Delhi,6842.27,2025-04-06 06:24:14,58,0,normal
user_272,session_2723,Desktop,8,9,0,21,0.0,127,1440x900,Edge,en-IN,-330,landscape,Mumbai,5689.37,2025-05-29 12:39:35,325,0,normal
user_273,session_2733,Desktop,11,16,0,14,0.0,87,1366x768,Edge,en-IN,-330,landscape,Hyderabad,2005.07,2025-04-01 18:25:49,276,0,normal
user_248,session_2482,Mobile,2,5,4,3,0.67,37,414x896,Safari,en-US,-330,portrait,Pune,24746.94,2025-03-09 02:37:56,43,1,odd_hour_drain
user_508,session_5088,Desktop,8,1,0,8,0.0,97,1366x768,Edge,en-US,-330,landscape,Bengaluru,2797.73,2025-05-24 08:30:36,272,0,normal
user_89,session_899,Desktop,3,9,0,12,0.0,39,1440x900,Firefox,en-IN,-330,landscape,Chennai,9839.7,2025-05-11 14:27:05,380,0,normal
user_42,session_429,Mobile,0,6,5,25,0.56,239,414x896,Firefox,en-IN,-330,landscape,Pune,10325.54,2025-01-04 15:00:09,0,0,normal
user_544,session_5449,Desktop,3,8,0,6,0.0,163,1366x768,Firefox,en-IN,-330,landscape,Delhi,8545.6,2025-01-08 13:39:17,431,0,normal
user_199,session_1993,Desktop,0,10,0,15,0.0,49,1440x900,Chrome,en-IN,-330,landscape,Chennai,3053.89,2025-03-05 11:04:05,513,0,normal
user_200,session_2005,Desktop,5,10,0,7,0.0,275,1366x768,Firefox,en-US,-330,landscape,Kolkata,2375.87,2025-05-26 11:36:23,356,0,normal
user_143,session_1437,Desktop,3,15,0,14,0.0,215,1440x900,Edge,en-IN,-330,landscape,Bengaluru,1981.56,2025-03-25 11:24:33,565,0,normal
user_542,session_5430,Desktop,3,6,0,6,0.0,74,1366x768,Firefox,en-IN,-330,landscape,Hyderabad,5270.09,2025-01-26 12:12:12,35,0,normal
user_122,session_1223,Desktop,4,1,0,0,0.0,199,1366x768,Chrome,en-IN,-330,landscape,Chennai,6219.95,2025-04-23 04:31:06,422,0,normal
user_288,session_2888,Tablet,7,10,8,26,0.84,68,768x1024,Edge,hi-IN,-330,landscape,Kolkata,431.58,2025-01-08 21:15:36,6,0,normal
user_233,session_2338,Desktop,5,8,0,23,0.0,72,1366x768,Firefox,hi-IN,-330,landscape,Mumbai,4770.26,2025-05-05 23:09:21,127,0,normal
user_351,session_3516,Desktop,7,9,0,23,0.0,78,1440x900,Firefox,en-IN,-330,landscape,Hyderabad,7537.19,2025-05-11 18:34:55,595,0,normal
user_451,session_4520,Mobile,12,4,6,14,1.14,119,414x896,Firefox,en-IN,-330,landscape,Ahmedabad,552.52,2025-02-19 18:25:25,69,0,normal
user_591,session_5911,Mobile,6,13,7,21,1.06,135,390x844,Chrome,hi-IN,-330,portrait,Kolkata,7246.32,2025-02-09 21:38:41,40,0,normal
user_471,session_4714,Desktop,2,7,0,8,0.0,69,1440x900,Chrome,en-IN,-330,landscape,Ahmedabad,2041.85,2025-02-23 07:07:12,259,0,normal
user_284,session_2848,Desktop,3,3,0,12,0.0,83,1440x900,Firefox,en-IN,-330,landscape,Bengaluru,5930.07,2025-01-02 17:17:36,189,0,normal
user_433,session_4337,Mobile,5,8,6,15,0.95,118,360x640,Firefox,en-IN,-330,landscape,Bengaluru,409.34,2025-01-22 07:13:23,57,0,normal
user_338,session_3387,Desktop,12,8,0,16,0.0,96,1920x1080,Safari,en-IN,-330,landscape,Chennai,2010.63,2025-03-04 12:07:42,216,0,normal
user_172,session_1722,Desktop,10,8,0,32,0.0,219,1440x900,Edge,en-IN,-330,landscape,Chennai,3798.83,2025-03-30 07:16:34,378,0,normal
user_240,session_2405,Tablet,6,7,3,22,0.73,124,768x1024,Firefox,en-US,-330,portrait,Pune,787.36,2025-03-01 19:38:10,33,0,normal
user_181,session_1819,Desktop,3,8,0,16,0.0,224,1366x768,Safari,en-IN,-330,landscape,Delhi,678.0,2025-04-02 13:18:08,286,0,normal
user_541,session_5419,Desktop,10,16,0,26,0.0,146,1366x768,Chrome,en-US,-330,landscape,Kolkata,618.35,2025-01-24 13:45:31,310,0,normal
user_267,session_2677,Mobile,0,4,11,13,0.03,125,390x844,Safari,en-IN,-330,portrait,Delhi,1772.19,2025-05-06 15:53:01,61,0,normal
user_495,session_4956,Desktop,10,0,0,19,0.0,104,1440x900,Chrome,en-IN,-330,landscape,Bengaluru,6530.87,2025-04-08 19:43:03,243,0,normal
user_361,session_3613,Mobile,8,8,4,17,0.67,31,360x640,Chrome,en-IN,-330,portrait,Mumbai,1226.94,2025-03-01 20:04:51,41,0,normal
user_372,session_3729,Desktop,1,10,0,1,0.0,113,1366x768,Edge,en-IN,-330,landscape,Mumbai,8501.63,2025-04-03 09:34:57,434,0,normal
user_290,session_2906,Desktop,7,5,0,16,0.0,16,1440x900,Chrome,en-IN,-330,landscape,Kolkata,3951.86,2025-04-16 20:38:07,479,0,normal
user_141,session_1411,Desktop,1,9,0,11,0.0,72,1366x768,Edge,en-IN,-330,landscape,Bengaluru,3623.47,2025-05-02 13:53:42,390,0,normal
user_434,session_4343,Mobile,10,4,4,8,1.02,39,414x896,Chrome,hi-IN,-330,portrait,Ahmedabad,523.83,2025-03-22 19:18:30,44,0,normal
user_400,session_4003,Desktop,2,7,0,4,0.0,59,1366x768,Firefox,en-IN,-330,landscape,Hyderabad,4774.21,2025-05-13 13:19:18,277,0,normal
user_571,session_5714,Tablet,4,10,3,9,0.65,220,810x1080,Firefox,en-US,-330,landscape,Pune,8310.02,2025-01-09 21:09:56,46,0,normal
user_216,session_2165,Desktop,6,8,0,26,0.0,49,1440x900,Safari,hi-IN,-330,landscape,Delhi,2473.1,2025-02-06 07:16:43,382,0,normal
user_183,session_1832,Tablet,8,11,0,10,0.0,282,768x1024,Safari,en-US,-330,landscape,Pune,4326.27,2025-03-19 20:48:32,399,1,account_takeover
user_112,session_1127,Desktop,9,8,0,9,0.0,172,1920x1080,Firefox,en-IN,-330,landscape,Mumbai,1010.57,2025-01-30 09:49:09,83,0,normal
user_437,session_4372,Desktop,8,1,0,13,0.0,120,1920x1080,Firefox,en-IN,-330,landscape,Chennai,4032.42,2025-05-10 18:30:57,184,0,normal
user_563,session_5638,Desktop,2,5,0,11,0.0,213,1366x768,Edge,en-US,-330,landscape,Ahmedabad,4387.62,2025-05-17 09:50:40,220,0,normal
user_592,session_5923,Desktop,3,3,0,18,0.0,252,1920x1080,Safari,en-IN,-330,landscape,Kolkata,3732.25,2025-01-04 13:09:54,131,0,normal
user_378,session_3781,Desktop,5,16,0,19,0.0,142,1920x1080,Safari,en-IN,-330,landscape,Ahmedabad,5855.55,2025-03-06 19:47:56,280,0,normal
user_30,session_305,Desktop,5,10,0,10,0.0,268,1440x900,Firefox,en-US,-330,landscape,Mumbai,10996.83,2025-04-04 04:08:52,271,0,normal
user_189,session_1898,Desktop,3,5,0,32,0.0,122,1440x900,Safari,en-IN,-330,landscape,Delhi,1390.16,2025-03-22 11:06:21,445,0,normal
user_129,session_1293,Desktop,4,10,0,13,0.0,254,1366x768,Edge,en-US,-330,landscape,Mumbai,947.54,2025-01-30 13:41:58,344,0,normal
user_7,session_71,Desktop,1,11,0,4,0.0,76,1366x768,Edge,en-IN,-330,landscape,Bengaluru,266.22,2025-03-17 17:11:32,194,0,normal
user_414,session_4145,Desktop,2,9,0,7,0.0,299,1920x1080,Edge,hi-IN,-330,landscape,Chennai,627.59,2025-02-19 23:00:25,458,0,normal
user_130,session_1306,Mobile,5,8,6,23,0.62,72,414x896,Safari,en-IN,-330,portrait,Chennai,1926.71,2025-02-12 14:59:42,49,0,normal
user_278,session_2781,Desktop,4,4,0,10,0.0,229,1920x1080,Safari,en-IN,-330,landscape,Ahmedabad,2659.13,2025-01-04 08:02:45,172,0,normal
user_525,session_5252,Desktop,4,19,0,17,0.0,226,1920x1080,Safari,en-IN,-330,landscape,Bengaluru,781.49,2025-04-26 09:56:27,338,0,normal
user_422,session_4225,Mobile,3,10,7,8,0.6,141,390x844,Safari,en-US,-330,portrait,Delhi,494.34,2025-02-20 08:53:20,33,0,normal
user_166,session_1666,Desktop,10,11,0,17,0.0,252,1366x768,Chrome,hi-IN,-330,landscape,Ahmedabad,10019.45,2025-05-20 18:51:42,513,0,normal
user_134,session_1341,Desktop,7,18,0,14,0.0,124,1920x1080,Edge,en-IN,-330,landscape,Pune,3182.25,2025-04-01 18:19:48,472,0,normal
user_83,session_832,Tablet,7,9,3,12,1.25,211,768x1024,Edge,en-US,-330,portrait,Kolkata,6371.4,2025-02-05 18:23:18,23,0,normal
user_257,session_2572,Mobile,9,16,12,20,0.79,138,390x844,Firefox,en-IN,-330,portrait,Pune,7408.62,2025-01-15 10:09:38,1,0,normal
user_145,session_1457,Desktop,6,5,0,26,0.0,234,1366x768,Chrome,en-IN,-330,landscape,Chennai,7395.18,2025-01-14 17:38:03,467,0,normal
user_320,session_3208,Desktop,9,7,0,28,0.0,108,1440x900,Chrome,en-IN,-330,landscape,Chennai,3362.54,2025-03-05 09:17:46,68,0,normal
user_324,session_3247,Mobile,12,5,7,13,1.25,197,390x844,Edge,en-IN,-330,portrait,Kolkata,473.77,2025-01-11 09:02:26,51,0,normal
user_23,session_239,Mobile,2,13,4,4,0.0,101,414x896,Chrome,en-IN,-330,landscape,Ahmedabad,3511.28,2025-05-15 10:53:38,33,0,normal
user_9,session_93,Desktop,8,10,0,10,0.0,210,1440x900,Safari,en-IN,-330,landscape,Hyderabad,3097.15,2025-04-14 13:04:21,163,0,normal
user_570,session_5710,Desktop,3,9,0,11,0.0,179,1440x900,Safari,en-IN,-330,landscape,Pune,5610.24,2025-03-02 13:52:49,357,0,normal
user_294,session_2945,Desktop,6,8,0,17,0.0,167,1440x900,Edge,en-IN,-330,landscape,Hyderabad,5617.2,2025-01-31 08:29:51,306,0,normal
user_251,session_2520,Mobile,7,11,5,6,0.86,140,414x896,Firefox,hi-IN,-330,landscape,Hyderabad,6931.73,2025-04-17 08:58:45,49,0,normal
user_277,session_2772,Mobile,11,12,9,16,0.18,160,414x896,Edge,en-IN,-330,landscape,Delhi,422.71,2025-04-26 20:19:42,26,0,normal
user_260,session_2604,Mobile,6,6,5,13,0.62,29,390x844,Edge,en-IN,-330,landscape,Pune,2261.38,2025-04-11 16:21:13,59,0,normal
user_530,session_5307,Desktop,10,15,0,10,0.0,46,1920x1080,Firefox,en-US,-330,landscape,Bengaluru,3725.2,2025-03-28 09:48:23,367,0,normal
user_343,session_3440,Desktop,6,11,0,27,0.0,156,1920x1080,Firefox,en-IN,-330,landscape,Hyderabad,2495.38,2025-04-20 20:11:45,588,0,normal
user_100,session_1002,Desktop,4,9,0,20,0.0,163,1366x768,Edge,en-IN,-330,landscape,Bengaluru,6710.45,2025-01-17 15:27:04,486,0,normal
user_204,session_2043,Desktop,9,12,0,20,0.0,78,1366x768,Firefox,en-IN,-330,landscape,Hyderabad,3119.25,2025-01-18 12:09:44,390,0,normal
user_517,session_5179,Desktop,1,0,0,5,0.0,156,1366x768,Safari,en-IN,-330,landscape,Kolkata,5614.92,2025-05-27 13:35:19,200,0,normal
user_342,session_3429,Desktop,3,5,0,10,0.0,224,1440x900,Edge,en-IN,-330,landscape,Chennai,4723.14,2025-04-17 19:43:24,206,0,normal
user_261,session_2616,Mobile,4,7,8,17,0.47,304,414x896,Safari,en-US,-330,landscape,Ahmedabad,4746.75,2025-01-10 16:40:15,8,0,normal
user_150,session_1505,Mobile,0,9,5,16,0.0,189,360x640,Safari,en-IN,-330,portrait,Kolkata,7812.57,2025-05-11 16:55:54,34,0,normal
user_95,session_958,Desktop,10,10,0,16,0.0,162,1366x768,Safari,en-US,-330,landscape,Mumbai,3268.78,2025-05-01 23:26:57,403,0,normal
user_380,session_3802,Desktop,2,13,0,10,0.0,125,1366x768,Edge,en-US,-330,landscape,Bengaluru,1218.39,2025-03-11 16:10:35,450,0,normal
user_531,session_5313,Desktop,13,6,0,5,0.0,221,1366x768,Chrome,hi-IN,-330,landscape,Mumbai,5648.13,2025-02-03 16:06:14,421,0,normal
user_476,session_4762,Desktop,3,2,0,14,0.0,75,1366x768,Chrome,en-IN,-330,landscape,Bengaluru,7366.2,2025-04-18 12:49:25,588,0,normal
user_153,session_1533,Desktop,3,3,0,4,0.0,194,1920x1080,Safari,en-IN,-330,landscape,Hyderabad,564.24,2025-04-22 13:13:06,495,0,normal
user_230,session_2303,Mobile,8,6,2,8,0.41,119,360x640,Edge,en-IN,-330,landscape,Bengaluru,11727.49,2025-01-16 10:31:31,15,0,normal
user_41,session_412,Desktop,5,1,0,5,0.0,44,1920x1080,Safari,en-IN,-330,landscape,Mumbai,695.79,2025-02-24 15:26:00,247,0,normal
user_140,session_1406,Mobile,6,9,6,16,0.59,121,360x640,Edge,hi-IN,-330,landscape,Mumbai,410.71,2025-01-21 23:25:35,43,0,normal
user_334,session_3348,Desktop,2,6,0,18,0.0,112,1440x900,Firefox,en-IN,-330,landscape,Pune,8657.12,2025-05-20 11:58:57,0,0,normal
user_575,session_5759,Mobile,2,7,5,8,0.64,103,360x640,Edge,en-IN,-330,landscape,Chennai,5688.19,2025-01-03 12:24:03,32,0,normal
user_178,session_1789,Desktop,3,9,0,18,0.0,194,1920x1080,Safari,en-US,-330,landscape,Mumbai,1112.93,2025-05-29 09:42:35,156,0,normal
user_288,session_2882,Tablet,2,2,6,6,0.19,34,768x1024,Edge,hi-IN,-330,portrait,Kolkata,2631.85,2025-03-19 17:55:35,37,0,normal
user_305,session_3051,Desktop,6,8,0,15,0.0,111,1440x900,Firefox,hi-IN,-330,landscape,Kolkata,12185.47,2025-01-21 05:54:23,300,0,normal
user_208,session_2088,Desktop,3,11,0,10,0.0,219,1366x768,Safari,en-US,-330,landscape,Mumbai,5488.91,2025-04-25 06:50:28,371,0,normal
user_103,session_1035,Desktop,6,5,0,20,0.0,232,1920x1080,Chrome,hi-IN,-330,landscape,Kolkata,3638.65,2025-04-23 15:53:48,438,0,normal
user_526,session_5264,Mobile,5,13,4,16,0.52,64,360x640,Edge,en-IN,-330,portrait,Bengaluru,4240.52,2025-03-21 18:07:59,21,0,normal
user_588,session_5886,Desktop,3,6,0,3,0.0,87,1440x900,Chrome,en-US,-330,landscape,Bengaluru,7682.64,2025-05-18 15:28:38,280,0,normal
user_522,session_5221,Desktop,2,5,0,10,0.0,52,1920x1080,Firefox,hi-IN,-330,landscape,Pune,8029.61,2025-04-09 08:10:12,309,0,normal
user_93,session_932,Mobile,9,5,11,0,0.32,294,390x844,Safari,en-IN,-330,landscape,Pune,7488.0,2025-02-18 17:10:23,52,0,normal
user_547,session_5472,Desktop,5,3,0,22,0.0,135,1920x1080,Firefox,en-IN,-330,landscape,Ahmedabad,3923.3,2025-05-07 15:10:51,492,0,normal
user_332,session_3329,Desktop,0,14,0,12,0.0,343,1366x768,Chrome,en-IN,-330,landscape,Chennai,7039.6,2025-01-15 15:05:40,252,0,normal
user_63,session_634,Mobile,0,9,4,18,0.17,238,360x640,Chrome,en-IN,-330,landscape,Hyderabad,2411.84,2025-04-13 11:02:38,47,0,normal
user_174,session_1742,Desktop,5,13,0,16,0.0,49,1920x1080,Chrome,en-US,-330,landscape,Mumbai,2224.09,2025-02-19 17:13:06,317,0,normal
user_49,session_499,Tablet,0,5,1,12,0.42,144,810x1080,Firefox,en-IN,-330,landscape,Ahmedabad,6705.37,2025-02-25 14:25:00,61,0,normal
user_93,session_938,Mobile,8,10,3,10,0.15,130,390x844,Safari,en-IN,-330,portrait,Pune,5237.31,2025-03-11 09:44:50,54,0,normal
user_41,session_416,Desktop,4,5,0,8,0.0,56,1920x1080,Safari,en-IN,-330,landscape,Mumbai,705.01,2025-01-27 16:00:26,269,0,normal
user_232,session_2329,Desktop,4,3,0,15,0.0,30,1440x900,Firefox,en-IN,-330,landscape,Chennai,8377.43,2025-04-10 09:24:33,453,0,normal
user_327,session_3280,Desktop,6,6,0,17,0.0,55,1440x900,Safari,en-IN,-330,landscape,Bengaluru,4874.81,2025-04-28 20:42:59,305,0,normal
user_358,session_3587,Desktop,4,8,0,20,0.0,145,1920x1080,Firefox,en-IN,-330,landscape,Pune,868.14,2025-05-21 14:30:58,314,0,normal
user_436,session_4368,Mobile,6,9,2,7,0.79,141,414x896,Firefox,en-IN,-330,landscape,Chennai,2878.83,2025-03-23 11:16:44,34,0,normal
user_491,session_4913,Mobile,5,9,4,6,0.0,130,360x640,Safari,en-IN,-330,landscape,Hyderabad,799.9,2025-02-14 18:37:46,4,0,normal
user_75,session_758,Mobile,1,9,1,13,1.03,165,414x896,Safari,en-US,-330,portrait,Kolkata,1901.55,2025-04-14 14:44:58,43,0,normal
user_161,session_1617,Mobile,7,5,0,22,0.57,118,360x640,Edge,en-IN,-330,landscape,Pune,794.78,2025-04-25 21:27:46,7,0,normal
user_104,session_1042,Tablet,0,9,4,10,0.47,124,768x1024,Safari,en-IN,-330,landscape,Mumbai,264.76,2025-03-11 13:42:34,62,0,normal
user_363,session_3632,Mobile,2,7,3,28,1.06,243,390x844,Edge,en-IN,-330,landscape,Mumbai,7810.1,2025-03-29 12:26:53,26,0,normal
user_465,session_4654,Mobile,8,12,8,15,0.4,52,390x844,Chrome,en-IN,-330,landscape,Bengaluru,4742.26,2025-03-10 09:35:09,26,0,normal
user_446,session_4465,Desktop,6,12,0,15,0.0,175,1920x1080,Safari,hi-IN,-330,landscape,Bengaluru,6279.88,2025-04-08 08:13:15,241,0,normal
user_246,session_2463,Desktop,10,3,0,19,0.0,141,1366x768,Edge,en-IN,-330,landscape,Bengaluru,3904.0,2025-02-24 19:22:17,400,0,normal
user_59,session_597,Desktop,1,0,0,13,0.0,284,1366x768,Firefox,en-US,-330,landscape,Ahmedabad,6677.95,2025-01-29 20:48:01,110,0,normal
user_404,session_4044,Mobile,6,0,0,21,0.74,182,414x896,Safari,en-IN,-330,portrait,Hyderabad,4026.78,2025-02-19 09:29:51,55,0,normal
user_276,session_2764,Tablet,4,10,2,13,1.18,131,768x1024,Safari,en-IN,-330,portrait,Delhi,3754.2,2025-05-19 15:24:35,17,0,normal
user_106,session_1069,Desktop,4,5,0,9,0.0,168,1366x768,Safari,en-US,-330,landscape,Chennai,4367.14,2025-04-18 12:45:04,74,0,normal
user_219,session_2196,Desktop,11,12,0,14,0.0,69,1440x900,Chrome,en-IN,-330,landscape,Chennai,4031.69,2025-05-30 16:02:18,507,0,normal
user_303,session_3040,Desktop,8,4,0,21,0.0,142,1440x900,Edge,en-US,-330,landscape,Ahmedabad,2307.87,2025-02-08 07:08:31,69,0,normal
user_560,session_5605,Desktop,7,1,0,20,0.0,133,1366x768,Chrome,en-US,-330,landscape,Hyderabad,3478.67,2025-01-27 08:39:14,149,0,normal
user_322,session_3228,Desktop,5,11,0,9,0.0,212,1920x1080,Edge,en-IN,-330,landscape,Hyderabad,2347.38,2025-05-12 08:15:00,257,0,normal
user_65,session_653,Desktop,10,11,0,20,0.0,76,1920x1080,Edge,en-US,-330,landscape,Kolkata,765.04,2025-03-25 20:30:30,381,0,normal
user_462,session_4625,Mobile,0,10,0,5,1.15,103,360x640,Chrome,en-US,-330,landscape,Hyderabad,4245.68,2025-03-17 15:44:42,41,0,normal
user_533,session_5332,Mobile,8,4,11,18,0.32,125,360x640,Chrome,en-IN,-330,portrait,Kolkata,3353.28,2025-03-05 15:23:29,46,0,normal
user_516,session_5168,Desktop,2,16,0,17,0.0,74,1920x1080,Safari,en-IN,-330,landscape,Ahmedabad,4150.17,2025-02-01 13:14:41,227,0,normal
user_271,session_2717,Desktop,12,8,0,13,0.0,62,1920x1080,Chrome,en-IN,-330,landscape,Mumbai,1041.11,2025-03-16 10:40:04,186,0,normal
user_485,session_4854,Desktop,4,4,0,18,0.0,54,1440x900,Safari,en-IN,-330,landscape,Delhi,3725.82,2025-02-16 07:06:20,225,0,normal
user_590,session_5902,Desktop,2,14,0,17,0.0,99,1366x768,Firefox,en-IN,-330,landscape,Pune,5312.63,2025-05-20 11:18:12,241,0,normal
user_269,session_2700,Desktop,10,6,0,16,0.0,276,1440x900,Chrome,en-IN,-330,landscape,Hyderabad,3382.54,2025-04-09 07:09:40,367,0,normal
user_454,session_4546,Mobile,5,8,9,1,0.0,249,360x640,Chrome,hi-IN,-330,portrait,Pune,207.66,2025-04-20 14:16:24,74,0,normal
user_7,session_76,Desktop,5,6,0,6,0.0,62,1366x768,Edge,en-IN,-330,landscape,Bengaluru,201.47,2025-03-22 18:39:32,254,0,normal
user_366,session_3667,Mobile,7,9,1,9,0.52,92,390x844,Edge,en-IN,-330,landscape,Chennai,4641.73,2025-02-08 11:51:18,54,0,normal
user_592,session_5925,Desktop,7,8,0,15,0.0,204,1920x1080,Safari,en-IN,-330,landscape,Kolkata,4753.91,2025-03-16 11:54:55,303,0,normal
user_292,session_2930,Desktop,7,8,0,15,0.0,70,1920x1080,Chrome,en-IN,-330,landscape,Pune,2042.6,2025-01-29 06:50:22,216,0,normal
user_552,session_5529,Mobile,7,6,2,14,0.81,213,414x896,Safari,en-US,-330,landscape,Mumbai,309.77,2025-01-23 09:25:10,65,0,normal
user_595,session_5956,Mobile,6,6,4,15,1.04,46,414x896,Firefox,en-IN,-330,portrait,Chennai,1919.68,2025-05-02 17:54:54,27,0,normal
user_380,session_3804,Desktop,2,5,0,13,0.0,150,1366x768,Edge,en-US,-330,landscape,Bengaluru,1741.08,2025-02-09 12:38:57,147,0,normal
user_502,session_5026,Desktop,3,2,0,14,0.0,148,1366x768,Safari,en-IN,-330,landscape,Chennai,1325.67,2025-03-15 14:37:40,420,0,normal
user_528,session_5283,Tablet,8,7,4,5,0.54,103,768x1024,Chrome,en-IN,-330,portrait,Delhi,167.56,2025-04-25 14:37:26,39,0,normal
user_248,session_2485,Mobile,5,2,2,16,0.72,218,414x896,Safari,en-US,-330,portrait,Pune,9450.4,2025-03-16 09:12:55,0,0,normal
user_479,session_4792,Desktop,7,9,0,13,0.0,194,1366x768,Safari,en-IN,-330,landscape,Hyderabad,2023.57,2025-02-16 18:54:21,360,0,normal
user_101,session_1011,Desktop,8,11,0,14,0.0,112,1440x900,Firefox,en-IN,-330,landscape,Kolkata,2341.36,2025-05-07 11:03:30,344,0,normal
user_102,session_1030,Desktop,10,13,0,28,0.0,140,1366x768,Safari,en-US,-330,landscape,Chennai,4170.8,2025-03-06 19:39:28,317,0,normal
user_284,session_2843,Desktop,7,9,0,17,0.0,142,1440x900,Firefox,en-IN,-330,landscape,Bengaluru,6078.07,2025-04-26 17:05:54,186,0,normal
user_82,session_829,Mobile,3,15,2,5,0.5,267,414x896,Chrome,en-IN,-330,landscape,Pune,4822.52,2025-01-19 15:08:10,36,0,normal
user_270,session_2707,Mobile,6,11,1,16,0.33,158,360x640,Chrome,hi-IN,-330,portrait,Delhi,1938.59,2025-03-26 20:44:07,14,0,normal
user_187,session_1877,Desktop,4,11,0,2,0.0,25,1920x1080,Safari,en-IN,-330,landscape,Kolkata,1629.44,2025-02-07 17:31:10,177,0,normal
user_9,session_97,Desktop,8,11,0,9,0.0,198,1440x900,Safari,en-IN,-330,landscape,Hyderabad,5641.16,2025-01-29 16:55:10,282,0,normal
user_337,session_3379,Mobile,4,14,6,20,1.32,173,390x844,Safari,en-IN,-330,portrait,Hyderabad,329.84,2025-04-14 13:41:04,45,0,normal
user_459,session_4598,Desktop,7,1,0,9,0.0,142,1920x1080,Firefox,en-IN,-330,landscape,Delhi,2386.6,2025-03-04 21:10:08,411,0,normal
user_459,session_4596,Desktop,9,8,0,12,0.0,106,1920x1080,Firefox,en-IN,-330,landscape,Delhi,3111.46,2025-02-11 17:41:18,282,0,normal
user_484,session_4842,Mobile,5,11,6,0,0.98,40,360x640,Firefox,en-US,-330,landscape,Bengaluru,2446.99,2025-05-04 10:42:11,47,0,normal
user_120,session_1201,Desktop,12,12,0,16,0.0,51,1920x1080,Edge,en-IN,-330,landscape,Ahmedabad,10126.64,2025-03-20 15:21:24,553,0,normal
user_62,session_622,Desktop,9,3,0,10,0.0,54,1440x900,Edge,en-US,-330,landscape,Hyderabad,3955.41,2025-04-19 12:41:35,328,0,normal
user_545,session_5454,Desktop,7,8,0,8,0.0,142,1440x900,Chrome,en-IN,-330,landscape,Bengaluru,1315.45,2025-05-02 13:04:20,388,0,normal
user_141,session_1413,Desktop,5,7,0,32,0.0,60,1366x768,Edge,en-IN,-330,landscape,Bengaluru,5498.45,2025-04-02 08:29:57,332,0,normal
user_56,session_567,Mobile,4,1,2,10,0.82,177,390x844,Safari,en-US,-330,landscape,Delhi,5642.97,2025-05-02 19:38:55,41,0,normal
user_54,session_544,Mobile,6,1,0,10,0.0,161,414x896,Edge,en-IN,-330,landscape,Pune,17182.12,2025-01-30 13:01:44,382,1,account_takeover
user_133,session_1335,Tablet,3,4,8,15,0.0,60,810x1080,Firefox,en-US,-330,portrait,Pune,4256.94,2025-05-18 16:02:05,2,0,normal
user_429,session_4300,Desktop,5,12,0,25,0.0,227,1440x900,Firefox,en-IN,-330,landscape,Pune,12061.68,2025-04-06 14:09:30,423,0,normal
user_5,session_52,Desktop,6,7,0,3,0.0,58,1366x768,Chrome,en-IN,-330,landscape,Chennai,1876.71,2025-04-30 13:24:07,467,0,normal
user_504,session_5047,Desktop,9,7,0,10,0.0,77,1440x900,Firefox,en-IN,-330,landscape,Ahmedabad,2063.01,2025-01-12 08:20:54,589,0,normal
user_206,session_2068,Desktop,9,10,0,10,0.0,206,1920x1080,Chrome,en-US,-330,landscape,Kolkata,3757.12,2025-03-06 11:38:12,222,0,normal
user_387,session_3873,Desktop,6,11,0,17,0.0,113,1920x1080,Chrome,en-IN,-330,landscape,Delhi,6417.94,2025-03-21 22:23:06,351,0,normal
user_155,session_1559,Mobile,3,6,6,11,0.58,126,390x844,Firefox,en-IN,-330,portrait,Chennai,10395.47,2025-04-25 18:43:49,16,0,normal
user_74,session_746,Desktop,7,1,0,8,0.0,166,1366x768,Firefox,en-IN,-330,landscape,Ahmedabad,2346.85,2025-01-16 12:02:11,205,0,normal
user_452,session_4526,Desktop,7,14,0,22,0.0,125,1440x900,Chrome,hi-IN,-330,landscape,Pune,2568.74,2025-03-16 11:41:13,230,0,normal
user_467,session_4672,Mobile,10,1,2,19,0.34,162,390x844,Edge,en-IN,-330,portrait,Mumbai,11750.48,2025-02-19 12:54:31,21,0,normal
user_146,session_1468,Desktop,3,9,0,10,0.0,14,1440x900,Firefox,en-IN,-330,landscape,Bengaluru,10173.75,2025-03-02 10:37:57,389,0,normal
user_446,session_4463,Desktop,9,11,0,17,0.0,85,1920x1080,Safari,hi-IN,-330,landscape,Bengaluru,5380.32,2025-04-23 09:31:42,396,0,normal
user_19,session_196,Desktop,0,12,0,10,0.0,64,1920x1080,Chrome,en-IN,-330,landscape,Chennai,6828.51,2025-03-22 13:33:16,457,0,normal
user_340,session_3401,Tablet,6,11,4,14,0.64,186,810x1080,Safari,en-US,-330,portrait,Bengaluru,1318.74,2025-02-25 13:22:39,36,0,normal
user_426,session_4268,Tablet,8,12,1,15,1.01,103,768x1024,Chrome,en-US,-330,portrait,Delhi,3826.48,2025-02-28 18:18:27,21,0,normal
user_377,session_3780,Mobile,10,5,8,11,0.56,119,414x896,Chrome,en-US,-330,portrait,Hyderabad,4904.55,2025-05-19 15:05:40,48,0,normal
user_80,session_803,Mobile,3,6,4,13,0.46,157,414x896,Safari,en-IN,-330,portrait,Delhi,8169.98,2025-01-03 15:29:33,49,0,normal
user_161,session_1619,Mobile,2,7,4,7,0.74,67,360x640,Edge,en-IN,-330,landscape,Pune,2338.51,2025-01-15 19:56:34,39,0,normal
user_518,session_5187,Mobile,4,9,3,17,1.02,247,414x896,Chrome,en-IN,-330,landscape,Mumbai,1285.8,2025-05-04 21:46:25,18,0,normal
user_443,session_4438,Desktop,6,9,0,9,0.0,130,1440x900,Chrome,en-IN,-330,landscape,Mumbai,3319.31,2025-04-23 20:59:55,182,0,normal
user_62,session_621,Desktop,9,13,0,15,0.0,55,1440x900,Edge,en-US,-330,landscape,Hyderabad,6032.94,2025-03-16 06:14:38,427,0,normal
user_533,session_5340,Mobile,11,11,7,30,1.1,167,360x640,Chrome,en-IN,-330,portrait,Kolkata,2169.9,2025-04-06 13:14:05,18,0,normal
user_414,session_4149,Desktop,8,0,0,10,0.0,173,1920x1080,Edge,hi-IN,-330,landscape,Chennai,489.82,2025-01-20 14:39:46,277,0,normal
user_362,session_3627,Desktop,4,10,0,18,0.0,175,1366x768,Safari,en-US,-330,landscape,Ahmedabad,1332.53,2025-02-18 13:04:39,371,0,normal
user_411,session_4113,Desktop,3,10,0,10,0.0,169,1440x900,Safari,en-IN,-330,landscape,Chennai,7759.58,2025-05-10 11:33:49,207,0,normal
user_340,session_3407,Tablet,3,0,5,16,0.26,47,810x1080,Safari,en-US,-330,landscape,Bengaluru,545.52,2025-03-09 17:31:47,8,0,normal
user_338,session_3385,Desktop,6,12,0,14,0.0,54,1920x1080,Safari,en-IN,-330,landscape,Chennai,1191.5,2025-01-16 09:47:35,447,0,normal
user_64,session_645,Desktop,9,14,0,16,0.0,340,1366x768,Edge,en-IN,-330,landscape,Mumbai,170.4,2025-05-09 18:43:17,478,0,normal
user_278,session_2790,Desktop,3,1,0,6,0.0,304,1920x1080,Safari,en-IN,-330,landscape,Ahmedabad,2825.08,2025-01-28 11:38:53,213,0,normal
user_543,session_5437,Desktop,1,12,0,21,0.0,43,1366x768,Edge,en-IN,-330,landscape,Mumbai,9165.4,2025-01-22 08:07:24,427,0,normal
user_178,session_1790,Desktop,6,10,0,17,0.0,187,1920x1080,Safari,en-US,-330,landscape,Mumbai,1174.4,2025-02-16 09:40:08,267,0,normal
user_106,session_1062,Desktop,6,7,0,12,0.0,320,1366x768,Safari,en-US,-330,landscape,Chennai,5279.89,2025-05-16 10:40:15,316,0,normal
user_415,session_4158,Desktop,6,10,0,4,0.0,181,1366x768,Edge,en-IN,-330,landscape,Pune,2403.24,2025-05-26 18:19:19,461,0,normal
user_459,session_4600,Desktop,8,7,0,4,0.0,72,1920x1080,Firefox,en-IN,-330,landscape,Delhi,3736.0,2025-05-12 23:16:48,213,0,normal
user_12,session_121,Mobile,4,6,7,12,0.58,128,414x896,Edge,en-IN,-330,landscape,Chennai,181.76,2025-05-09 13:55:34,0,0,normal
user_291,session_2917,Mobile,2,5,7,18,0.73,67,360x640,Chrome,en-IN,-330,landscape,Mumbai,1901.43,2025-03-07 09:24:37,36,0,normal
user_388,session_3881,Desktop,8,8,0,12,0.0,65,1366x768,Firefox,hi-IN,-330,landscape,Chennai,8895.6,2025-03-03 10:14:23,340,0,normal
user_412,session_4130,Mobile,4,9,7,7,1.05,46,360x640,Safari,en-US,-330,portrait,Kolkata,2859.61,2025-01-03 19:56:26,36,0,normal
user_481,session_4820,Desktop,7,11,0,11,0.0,134,1920x1080,Firefox,hi-IN,-330,landscape,Hyderabad,1111.31,2025-04-16 06:24:43,415,0,normal
user_319,session_3195,Desktop,7,8,0,8,0.0,46,1920x1080,Safari,hi-IN,-330,landscape,Kolkata,561.42,2025-03-24 11:13:17,247,0,normal
user_123,session_1231,Mobile,0,0,2,9,0.59,93,390x844,Edge,en-US,-330,portrait,Bengaluru,1710.94,2025-01-18 15:12:57,53,0,normal
user_276,session_2761,Tablet,0,4,4,11,0.65,129,768x1024,Safari,en-IN,-330,portrait,Delhi,1699.79,2025-03-01 11:58:05,9,0,normal
user_553,session_5538,Tablet,1,5,2,15,0.0,309,768x1024,Firefox,en-US,-330,landscape,Pune,1038.15,2025-05-24 13:53:28,59,0,normal
user_557,session_5575,Desktop,9,5,0,13,0.0,107,1366x768,Firefox,en-US,-330,landscape,Chennai,5248.21,2025-03-28 09:26:31,353,0,normal
user_595,session_5953,Mobile,3,15,12,2,0.74,129,414x896,Firefox,en-IN,-330,portrait,Chennai,1227.24,2025-01-02 22:03:13,28,0,normal
user_330,session_3307,Tablet,0,1,0,4,0.8,83,768x1024,Chrome,hi-IN,-330,landscape,Chennai,624.19,2025-01-26 14:25:01,66,0,normal
user_13,session_135,Desktop,2,9,0,12,0.0,53,1920x1080,Edge,en-IN,-330,landscape,Hyderabad,1909.08,2025-05-23 21:15:05,297,0,normal
user_348,session_3484,Desktop,2,13,0,14,0.0,36,1920x1080,Chrome,en-IN,-330,landscape,Mumbai,8366.92,2025-04-06 09:41:45,140,0,normal
user_257,session_2580,Mobile,7,1,2,19,0.0,198,390x844,Firefox,en-IN,-330,portrait,Pune,3244.16,2025-03-31 04:55:30,52,0,normal
user_284,session_2841,Desktop,2,4,0,12,0.0,100,1440x900,Firefox,en-IN,-330,landscape,Bengaluru,4795.38,2025-03-17 16:08:23,271,0,normal
user_379,session_3793,Desktop,3,9,0,17,0.0,197,1920x1080,Chrome,en-US,-330,landscape,Hyderabad,2986.7,2025-02-28 16:41:13,31,0,normal
user_571,session_5717,Tablet,8,7,3,14,0.79,283,810x1080,Firefox,en-US,-330,portrait,Pune,7352.77,2025-05-10 16:41:29,38,0,normal
user_221,session_2219,Desktop,4,0,0,4,0.0,91,1366x768,Firefox,hi-IN,-330,landscape,Ahmedabad,1150.72,2025-03-04 10:50:34,353,0,normal
user_51,session_512,Mobile,4,11,13,17,0.85,152,390x844,Firefox,en-IN,-330,landscape,Pune,7241.72,2025-03-30 20:20:01,28,0,normal
user_598,session_5985,Mobile,12,12,7,18,0.84,132,390x844,Edge,en-IN,-330,portrait,Kolkata,3717.3,2025-05-27 08:22:27,18,0,normal
user_6,session_63,Mobile,8,10,3,10,0.18,199,390x844,Safari,en-US,-330,portrait,Hyderabad,7198.88,2025-02-13 20:33:26,5,0,normal
user_155,session_1554,Mobile,4,7,6,7,0.0,163,390x844,Firefox,en-IN,-330,landscape,Chennai,10555.35,2025-05-29 16:17:29,46,0,normal
user_377,session_3771,Mobile,3,2,1,16,0.4,180,414x896,Chrome,en-US,-330,landscape,Hyderabad,4238.24,2025-01-21 16:58:33,53,0,normal
user_521,session_5217,Tablet,3,2,4,16,1.06,98,810x1080,Firefox,en-IN,-330,landscape,Chennai,1929.98,2025-02-27 18:06:31,50,0,normal
user_558,session_5589,Mobile,10,9,8,24,0.45,193,390x844,Firefox,en-IN,-330,portrait,Delhi,1995.74,2025-02-26 08:28:48,7,0,normal
user_171,session_1719,Mobile,4,0,2,13,0.8,60,360x640,Edge,hi-IN,-330,landscape,Ahmedabad,7332.07,2025-02-10 15:26:30,18,0,normal
user_286,session_2861,Desktop,5,7,0,13,0.0,65,1440x900,Firefox,hi-IN,-330,landscape,Mumbai,8411.48,2025-04-18 18:30:35,353,0,normal
user_437,session_4371,Desktop,2,8,0,12,0.0,101,1920x1080,Firefox,en-IN,-330,landscape,Chennai,2214.3,2025-04-02 16:05:07,294,0,normal
user_209,session_2096,Desktop,3,15,0,15,0.0,34,1440x900,Firefox,en-IN,-330,landscape,Hyderabad,3734.15,2025-03-24 21:36:16,147,0,normal
user_67,session_680,Desktop,8,11,0,26,0.0,190,1920x1080,Firefox,en-US,-330,landscape,Kolkata,1295.38,2025-03-28 19:27:46,607,0,normal
user_368,session_3687,Desktop,8,4,0,8,0.0,106,1440x900,Chrome,en-IN,-330,landscape,Delhi,1159.03,2025-05-02 22:54:34,367,0,normal
user_121,session_1212,Desktop,6,4,0,10,0.0,89,1440x900,Firefox,en-IN,-330,landscape,Pune,4071.12,2025-05-25 15:58:42,124,0,normal
user_12,session_123,Mobile,5,6,5,16,0.17,51,414x896,Edge,en-IN,-330,portrait,Chennai,407.38,2025-02-06 18:44:33,99,0,normal
user_264,session_2642,Desktop,0,2,0,10,0.0,107,1920x1080,Firefox,en-IN,-330,landscape,Ahmedabad,4129.71,2025-03-19 21:50:20,291,0,normal
user_308,session_3086,Tablet,6,12,4,20,0.61,137,768x1024,Firefox,en-IN,-330,landscape,Bengaluru,1653.68,2025-01-17 20:28:11,7,0,normal
user_407,session_4078,Mobile,9,10,4,28,0.66,290,360x640,Edge,en-IN,-330,landscape,Pune,4087.99,2025-01-15 06:18:43,22,0,normal
user_491,session_4918,Mobile,7,6,0,13,0.7,106,360x640,Safari,en-IN,-330,portrait,Hyderabad,1452.39,2025-01-08 21:08:17,11,0,normal
user_317,session_3177,Desktop,4,14,0,26,0.0,191,1920x1080,Edge,en-IN,-330,landscape,Kolkata,3499.35,2025-01-07 17:17:21,314,0,normal
user_121,session_1211,Desktop,2,9,0,22,0.0,104,1440x900,Firefox,en-IN,-330,landscape,Pune,3135.83,2025-03-20 13:49:41,82,0,normal
user_56,session_568,Mobile,9,6,1,12,0.47,230,390x844,Safari,en-US,-330,landscape,Delhi,4934.1,2025-01-26 18:33:10,46,0,normal
user_342,session_3430,Desktop,5,10,0,10,0.0,199,1440x900,Edge,en-IN,-330,landscape,Chennai,4650.99,2025-01-05 17:04:23,103,0,normal
user_54,session_549,Desktop,1,10,0,23,0.0,239,1920x1080,Firefox,en-IN,-330,landscape,Chennai,8095.75,2025-05-19 11:21:21,498,0,normal
user_86,session_865,Desktop,3,11,0,13,0.0,170,1920x1080,Chrome,en-IN,-330,landscape,Pune,3917.82,2025-01-02 19:40:52,266,0,normal
user_453,session_4540,Desktop,8,8,0,19,0.0,173,1920x1080,Chrome,en-US,-330,landscape,Bengaluru,2120.7,2025-01-06 08:24:57,514,0,normal
user_139,session_1393,Tablet,6,14,7,13,0.32,99,768x1024,Chrome,en-IN,-330,portrait,Hyderabad,2965.5,2025-03-03 22:23:31,25,0,normal
user_572,session_5726,Tablet,9,8,4,20,0.93,83,810x1080,Safari,en-IN,-330,portrait,Kolkata,6224.02,2025-01-19 11:57:02,14,0,normal
user_240,session_2403,Tablet,6,1,8,18,0.92,96,768x1024,Firefox,en-US,-330,portrait,Pune,817.54,2025-05-17 20:00:07,0,0,normal
user_398,session_3985,Desktop,7,11,0,4,0.0,59,1920x1080,Safari,en-IN,-330,landscape,Pune,1137.94,2025-03-14 20:14:41,336,0,normal
user_205,session_2058,Tablet,1,12,7,17,1.38,80,768x1024,Chrome,en-US,-330,landscape,Ahmedabad,7425.75,2025-01-09 21:12:44,20,0,normal
user_477,session_4771,Desktop,5,11,0,9,0.0,230,1920x1080,Chrome,en-US,-330,landscape,Ahmedabad,2201.71,2025-05-10 12:47:45,149,0,normal
user_72,session_721,Desktop,0,0,0,4,0.0,235,1440x900,Firefox,en-IN,-330,landscape,Ahmedabad,672.49,2025-04-14 10:29:51,82,0,normal
user_383,session_3838,Tablet,6,8,6,15,1.09,159,768x1024,Chrome,en-IN,-330,portrait,Chennai,4875.35,2025-03-29 18:12:15,21,0,normal
user_288,session_2883,Tablet,11,5,0,18,0.83,31,768x1024,Edge,hi-IN,-330,landscape,Kolkata,968.56,2025-04-20 22:19:26,41,0,normal
user_69,session_691,Mobile,2,0,0,8,0.46,208,414x896,Chrome,en-US,-330,portrait,Mumbai,1448.87,2025-02-07 11:40:10,13,0,normal
user_60,session_603,Mobile,1,1,6,6,1.31,61,360x640,Chrome,en-IN,-330,landscape,Mumbai,4774.58,2025-05-17 19:03:18,0,0,normal
user_221,session_2216,Desktop,4,13,0,8,0.0,84,1366x768,Firefox,hi-IN,-330,landscape,Ahmedabad,2117.24,2025-01-16 09:30:12,48,0,normal
user_496,session_4968,Desktop,1,8,0,19,0.0,132,1366x768,Edge,en-IN,-330,landscape,Chennai,3881.4,2025-01-20 09:05:55,357,0,normal
user_537,session_5376,Desktop,8,11,0,17,0.0,58,1440x900,Edge,en-IN,-330,landscape,Pune,6125.94,2025-03-28 14:30:28,404,0,normal
user_501,session_5016,Tablet,0,11,0,7,0.0,26,768x1024,Firefox,en-IN,-330,landscape,Chennai,1622.99,2025-03-07 06:30:17,638,1,account_takeover
user_557,session_5578,Desktop,5,9,0,25,0.0,265,1366x768,Firefox,en-US,-330,landscape,Chennai,9062.08,2025-02-19 09:01:40,322,0,normal
user_50,session_504,Mobile,6,8,4,12,0.35,53,360x640,Edge,en-IN,-330,landscape,Pune,2576.53,2025-04-05 16:02:15,73,0,normal
user_450,session_4503,Mobile,4,0,0,26,0.03,137,360x640,Firefox,en-IN,-330,landscape,Chennai,1436.11,2025-01-06 09:22:27,40,0,normal
user_31,session_319,Desktop,4,4,0,6,0.0,103,1366x768,Safari,en-IN,-330,landscape,Delhi,6954.17,2025-02-14 12:24:21,388,0,normal
user_587,session_5879,Desktop,7,4,0,24,0.0,248,1440x900,Chrome,en-IN,-330,landscape,Bengaluru,4042.45,2025-05-25 18:27:51,378,0,normal
user_551,session_5514,Desktop,4,6,0,16,0.0,224,1366x768,Firefox,hi-IN,-330,landscape,Hyderabad,3187.99,2025-02-19 16:05:57,168,0,normal
user_27,session_275,Desktop,5,12,0,15,0.0,107,1920x1080,Edge,en-US,-330,landscape,Ahmedabad,5353.96,2025-03-31 04:14:54,413,0,normal
user_515,session_5156,Mobile,5,2,6,3,0.63,62,390x844,Safari,en-IN,-330,landscape,Chennai,486.63,2025-03-09 14:49:50,57,0,normal
user_362,session_3621,Desktop,8,2,0,8,0.0,283,1366x768,Safari,en-US,-330,landscape,Ahmedabad,680.11,2025-01-10 15:24:28,135,0,normal
user_136,session_1362,Desktop,6,7,0,12,0.0,115,1440x900,Safari,en-IN,-330,landscape,Pune,2985.58,2025-02-03 11:56:32,285,0,normal
user_419,session_4196,Desktop,5,3,0,12,0.0,87,1440x900,Safari,en-US,-330,landscape,Hyderabad,11910.79,2025-05-09 12:31:39,414,0,normal
user_152,session_1527,Desktop,7,15,0,23,0.0,165,1920x1080,Edge,en-IN,-330,landscape,Mumbai,8801.58,2025-01-12 18:25:07,322,0,normal
user_236,session_2367,Desktop,4,12,0,8,0.0,60,1440x900,Safari,en-US,-330,landscape,Kolkata,4256.35,2025-05-09 19:43:22,263,0,normal
user_337,session_3376,Mobile,9,13,6,20,0.03,159,390x844,Safari,en-IN,-330,landscape,Hyderabad,1000.43,2025-04-11 11:40:03,80,0,normal
user_416,session_4161,Mobile,7,9,1,9,1.27,107,360x640,Safari,en-US,-330,portrait,Bengaluru,6776.09,2025-03-22 09:25:37,39,0,normal
user_229,session_2292,Desktop,6,3,0,18,0.0,166,1440x900,Firefox,en-US,-330,landscape,Mumbai,2718.96,2025-01-19 13:29:10,417,0,normal
user_328,session_3289,Tablet,6,8,4,8,0.73,41,768x1024,Edge,en-IN,-330,portrait,Pune,5780.08,2025-05-25 10:00:38,39,0,normal
user_387,session_3876,Desktop,3,4,0,6,0.0,91,1920x1080,Chrome,en-IN,-330,landscape,Delhi,2498.31,2025-02-27 19:09:35,263,0,normal
user_355,session_3559,Mobile,5,5,12,21,0.39,55,414x896,Firefox,hi-IN,-330,landscape,Ahmedabad,1070.29,2025-05-05 19:26:22,61,0,normal
user_515,session_5158,Mobile,5,8,3,16,0.0,78,390x844,Safari,en-IN,-330,landscape,Chennai,3589.37,2025-02-08 16:43:33,53,0,normal
user_94,session_946,Mobile,2,9,5,23,0.78,210,414x896,Edge,hi-IN,-330,landscape,Delhi,2194.92,2025-01-16 08:25:53,80,0,normal
user_471,session_4717,Desktop,8,12,0,9,0.0,151,1440x900,Chrome,en-IN,-330,landscape,Ahmedabad,1813.12,2025-04-05 13:43:03,240,0,normal
user_578,session_5782,Desktop,7,7,0,7,0.0,150,1920x1080,Edge,en-IN,-330,landscape,Delhi,515.64,2025-01-12 19:35:02,125,0,normal
user_29,session_296,Desktop,8,5,0,21,0.0,45,1920x1080,Chrome,en-IN,-330,landscape,Ahmedabad,803.09,2025-05-10 06:57:59,280,0,normal
user_316,session_3167,Desktop,1,0,0,0,0.0,17,1920x1080,Safari,hi-IN,-330,landscape,Bengaluru,17652.33,2025-02-08 12:09:55,214,1,copy_paste_drain
user_218,session_2183,Desktop,6,9,0,8,0.0,94,1366x768,Edge,hi-IN,-330,landscape,Chennai,3667.67,2025-01-18 15:46:28,417,0,normal
user_29,session_299,Desktop,6,10,0,12,0.0,59,1920x1080,Chrome,en-IN,-330,landscape,Ahmedabad,1634.09,2025-02-18 04:18:09,536,0,normal
user_6,session_69,Mobile,4,8,5,21,0.42,268,390x844,Safari,en-US,-330,landscape,Hyderabad,8400.75,2025-05-09 19:25:24,5,0,normal
user_439,session_4393,Mobile,5,2,2,15,0.86,134,390x844,Safari,en-IN,-330,landscape,Ahmedabad,4511.31,2025-02-08 22:29:17,32,0,normal
user_73,session_737,Desktop,4,7,0,13,0.0,26,1920x1080,Firefox,en-IN,-330,landscape,Chennai,12298.39,2025-03-30 03:20:35,273,1,odd_hour_drain
user_347,session_3476,Tablet,7,11,4,12,1.28,80,810x1080,Edge,en-IN,-330,landscape,Pune,10493.2,2025-05-06 17:46:41,55,0,normal
user_426,session_4267,Tablet,3,1,0,6,0.77,73,768x1024,Chrome,en-US,-330,landscape,Delhi,3646.95,2025-05-09 19:52:59,31,0,normal
user_298,session_2989,Mobile,5,1,4,6,0.77,79,390x844,Chrome,en-IN,-330,landscape,Pune,1965.97,2025-05-04 13:45:14,26,0,normal
user_364,session_3647,Desktop,9,8,0,6,0.0,163,1366x768,Safari,en-IN,-330,landscape,Bengaluru,1541.5,2025-01-09 14:31:19,143,0,normal
user_150,session_1504,Mobile,1,9,3,23,0.77,210,360x640,Safari,en-IN,-330,landscape,Kolkata,6091.89,2025-02-02 14:38:28,34,0,normal
user_207,session_2073,Desktop,11,17,0,16,0.0,102,1366x768,Edge,en-IN,-330,landscape,Bengaluru,7883.41,2025-02-26 05:28:29,310,0,normal
user_15,session_151,Desktop,2,3,0,10,0.0,142,1440x900,Safari,hi-IN,-330,landscape,Ahmedabad,7196.23,2025-02-04 15:58:36,0,0,normal
user_75,session_757,Mobile,5,3,9,12,0.94,239,414x896,Safari,en-US,-330,landscape,Kolkata,3108.87,2025-04-21 14:08:24,46,0,normal
user_589,session_5899,Mobile,2,14,3,12,0.31,151,360x640,Firefox,en-IN,-330,portrait,Chennai,1473.09,2025-01-19 16:33:55,55,0,normal
user_350,session_3502,Desktop,5,6,0,19,0.0,110,1920x1080,Firefox,en-IN,-330,landscape,Delhi,1955.23,2025-05-14 18:58:24,442,0,normal
user_170,session_1704,Mobile,3,7,4,26,0.85,83,414x896,Chrome,en-IN,-330,portrait,Chennai,4924.04,2025-02-06 20:51:18,45,0,normal
user_546,session_5467,Mobile,6,4,5,16,0.74,115,414x896,Edge,en-IN,-330,landscape,Bengaluru,8094.01,2025-01-08 09:19:42,59,0,normal
user_210,session_2105,Desktop,6,8,0,17,0.0,44,1366x768,Chrome,en-IN,-330,landscape,Kolkata,5427.94,2025-05-28 08:05:07,451,0,normal
user_16,session_170,Mobile,6,2,9,8,1.17,186,360x640,Firefox,en-IN,-330,landscape,Hyderabad,4621.04,2025-04-15 06:06:10,34,0,normal
user_215,session_2155,Mobile,7,14,3,28,0.0,74,414x896,Firefox,en-IN,-330,landscape,Chennai,3876.69,2025-03-24 22:45:40,19,0,normal
user_37,session_377,Mobile,11,12,7,2,0.85,207,360x640,Safari,en-IN,-330,landscape,Delhi,20498.14,2025-02-17 17:02:29,124,1,rat_fraud
user_202,session_2026,Desktop,5,8,0,10,0.0,105,1440x900,Chrome,en-IN,-330,landscape,Ahmedabad,7713.21,2025-05-01 16:32:46,258,0,normal
user_85,session_860,Tablet,6,9,0,16,0.43,73,768x1024,Edge,en-IN,-330,portrait,Mumbai,4840.71,2025-04-26 10:19:36,15,0,normal
user_268,session_2688,Desktop,5,1,0,9,0.0,289,1440x900,Edge,en-US,-330,landscape,Mumbai,4215.15,2025-04-20 15:19:33,281,0,normal
user_503,session_5036,Tablet,5,12,10,13,0.3,175,810x1080,Safari,en-IN,-330,portrait,Kolkata,6779.87,2025-01-05 17:05:09,41,0,normal
user_534,session_5349,Desktop,10,6,0,9,0.0,245,1366x768,Firefox,en-IN,-330,landscape,Chennai,5832.57,2025-01-29 13:56:16,228,0,normal
user_37,session_379,Mobile,5,9,8,14,0.27,161,360x640,Safari,en-IN,-330,landscape,Delhi,6207.13,2025-03-23 20:22:09,50,0,normal
user_478,session_4784,Mobile,9,4,10,14,0.54,68,414x896,Chrome,hi-IN,-330,landscape,Bengaluru,6587.87,2025-03-02 11:51:20,57,0,normal
user_545,session_5457,Desktop,5,7,0,13,0.0,117,1440x900,Chrome,en-IN,-330,landscape,Bengaluru,765.4,2025-03-15 12:03:42,319,0,normal
user_129,session_1295,Desktop,0,6,0,2,0.0,154,1366x768,Edge,en-US,-330,landscape,Mumbai,1226.65,2025-05-20 12:35:55,362,0,normal
user_497,session_4972,Desktop,2,6,0,4,0.0,56,1440x900,Chrome,en-IN,-330,landscape,Kolkata,9334.47,2025-02-08 12:10:30,268,0,normal
user_143,session_1433,Desktop,9,6,0,29,0.0,73,1440x900,Edge,en-IN,-330,landscape,Bengaluru,1491.73,2025-02-01 08:14:28,585,0,normal
user_532,session_5326,Desktop,1,3,0,0,0.0,79,1920x1080,Edge,en-IN,-330,landscape,Chennai,5355.57,2025-02-07 17:58:24,92,0,normal
user_585,session_5860,Desktop,9,14,0,10,0.0,173,1920x1080,Safari,en-IN,-330,landscape,Mumbai,5480.98,2025-04-04 16:08:07,465,0,normal
user_294,session_2943,Desktop,1,0,0,12,0.0,227,1440x900,Edge,en-IN,-330,landscape,Hyderabad,4109.14,2025-02-21 08:36:17,67,0,normal
user_177,session_1780,Mobile,3,5,7,2,0.98,143,390x844,Edge,en-IN,-330,portrait,Mumbai,607.26,2025-03-08 10:40:20,73,0,normal
user_338,session_3389,Desktop,7,3,0,5,0.0,118,1920x1080,Safari,en-IN,-330,landscape,Chennai,740.27,2025-03-01 12:24:08,269,0,normal
user_516,session_5163,Desktop,9,7,0,21,0.0,85,1920x1080,Safari,en-IN,-330,landscape,Ahmedabad,1957.66,2025-03-25 08:20:49,439,0,normal
user_513,session_5136,Desktop,10,8,0,14,0.0,116,1920x1080,Safari,en-US,-330,landscape,Kolkata,2573.21,2025-05-29 17:11:00,217,0,normal
user_354,session_3544,Mobile,7,6,2,9,1.3,318,360x640,Safari,en-IN,-330,landscape,Pune,4815.13,2025-02-06 16:22:10,65,0,normal
user_84,session_842,Desktop,3,5,0,6,0.0,241,1920x1080,Chrome,en-US,-330,landscape,Mumbai,1546.52,2025-01-08 15:27:32,107,0,normal
user_257,session_2573,Mobile,11,5,4,8,0.95,257,390x844,Firefox,en-IN,-330,landscape,Pune,1762.33,2025-01-25 07:40:30,76,0,normal
user_118,session_1190,Desktop,6,8,0,7,0.0,96,1920x1080,Chrome,en-IN,-330,landscape,Chennai,5560.61,2025-03-07 10:56:25,344,0,normal
user_17,session_176,Desktop,5,9,0,19,0.0,43,1366x768,Firefox,en-IN,-330,landscape,Bengaluru,8507.91,2025-01-31 17:18:42,403,0,normal
user_477,session_4776,Desktop,7,0,0,15,0.0,113,1920x1080,Chrome,en-US,-330,landscape,Ahmedabad,3273.21,2025-04-24 10:43:05,539,0,normal
user_92,session_928,Tablet,7,14,6,17,0.0,226,810x1080,Firefox,en-IN,-330,portrait,Ahmedabad,11092.65,2025-01-09 17:14:07,9,0,normal
user_325,session_3259,Mobile,4,0,0,13,0.91,128,414x896,Safari,hi-IN,-330,portrait,Mumbai,603.09,2025-04-15 13:16:52,29,0,normal
user_4,session_46,Desktop,6,4,0,16,0.0,134,1440x900,Chrome,en-IN,-330,landscape,Hyderabad,1755.81,2025-04-21 11:01:36,168,0,normal
user_126,session_1261,Desktop,10,12,0,23,0.0,221,1366x768,Chrome,en-IN,-330,landscape,Delhi,503.4,2025-03-26 13:14:12,374,0,normal
user_109,session_1097,Desktop,11,3,0,7,0.0,196,1366x768,Edge,en-IN,-330,landscape,Ahmedabad,6284.05,2025-01-12 10:49:26,297,0,normal
user_144,session_1444,Tablet,5,2,1,8,1.03,93,768x1024,Chrome,en-US,-330,landscape,Hyderabad,995.29,2025-04-02 11:09:17,68,0,normal
user_210,session_2108,Desktop,4,4,0,12,0.0,89,1366x768,Chrome,en-IN,-330,landscape,Kolkata,6939.1,2025-01-20 11:19:20,338,0,normal
user_500,session_5004,Tablet,4,12,5,11,0.62,90,810x1080,Firefox,en-IN,-330,landscape,Ahmedabad,1182.75,2025-04-27 14:10:23,48,0,normal
user_118,session_1188,Desktop,4,12,0,15,0.0,45,1920x1080,Chrome,en-IN,-330,landscape,Chennai,7368.3,2025-05-15 11:23:47,325,0,normal
user_509,session_5094,Desktop,6,3,0,10,0.0,123,1920x1080,Chrome,hi-IN,-330,landscape,Ahmedabad,2170.83,2025-04-04 13:27:12,381,0,normal
user_378,session_3788,Desktop,8,13,0,13,0.0,68,1920x1080,Safari,en-IN,-330,landscape,Ahmedabad,8242.64,2025-03-05 20:23:30,427,0,normal
user_103,session_1031,Desktop,7,5,0,10,0.0,127,1920x1080,Chrome,hi-IN,-330,landscape,Kolkata,4093.1,2025-03-17 21:00:05,258,0,normal
user_481,session_4818,Desktop,16,3,0,17,0.0,168,1920x1080,Firefox,hi-IN,-330,landscape,Hyderabad,415.21,2025-04-21 09:13:16,452,0,normal
user_30,session_301,Desktop,5,5,0,9,0.0,359,1440x900,Firefox,en-US,-330,landscape,Mumbai,9295.8,2025-04-16 11:53:10,120,0,normal
user_252,session_2524,Desktop,4,8,0,6,0.0,121,1366x768,Firefox,en-US,-330,landscape,Ahmedabad,1309.52,2025-05-06 16:09:00,254,0,normal
user_147,session_1473,Mobile,6,3,6,17,0.31,162,390x844,Safari,en-IN,-330,landscape,Kolkata,4739.89,2025-02-20 14:44:26,53,0,normal
user_28,session_284,Desktop,9,6,0,12,0.0,210,1440x900,Safari,en-US,-330,landscape,Bengaluru,7627.09,2025-03-02 13:05:58,131,0,normal
user_438,session_4383,Desktop,6,10,0,14,0.0,21,1920x1080,Edge,en-IN,-330,landscape,Kolkata,2453.31,2025-05-21 15:22:30,357,0,normal
user_248,session_2481,Mobile,6,0,2,13,0.15,160,414x896,Safari,en-US,-330,landscape,Pune,1362.35,2025-05-27 10:33:09,44,0,normal
user_475,session_4756,Desktop,7,4,0,9,0.0,330,1920x1080,Edge,en-US,-330,landscape,Ahmedabad,5986.86,2025-05-25 10:31:08,193,0,normal
user_334,session_3347,Desktop,5,10,0,15,0.0,171,1440x900,Firefox,en-IN,-330,landscape,Pune,7149.31,2025-02-10 10:14:14,196,0,normal
user_181,session_1814,Desktop,3,6,0,16,0.0,226,1366x768,Safari,en-IN,-330,landscape,Delhi,958.63,2025-05-10 15:22:30,413,0,normal
user_388,session_3888,Desktop,5,9,0,21,0.0,45,1366x768,Firefox,hi-IN,-330,landscape,Chennai,7666.17,2025-02-08 08:14:21,579,0,normal
user_431,session_4314,Desktop,6,9,0,16,0.0,49,1366x768,Safari,en-IN,-330,landscape,Kolkata,2530.58,2025-04-13 06:41:44,254,0,normal
user_414,session_4142,Desktop,2,8,0,12,0.0,167,1920x1080,Edge,hi-IN,-330,landscape,Chennai,389.37,2025-02-08 18:34:25,429,0,normal
user_506,session_5062,Desktop,7,15,0,14,0.0,107,1440x900,Safari,en-US,-330,landscape,Hyderabad,7621.0,2025-03-15 13:17:36,317,0,normal
user_482,session_4828,Desktop,7,5,0,3,0.0,61,1920x1080,Firefox,en-US,-330,landscape,Kolkata,5719.64,2025-02-25 16:37:29,140,0,normal
user_293,session_2933,Desktop,11,14,0,16,0.0,213,1920x1080,Firefox,en-IN,-330,landscape,Chennai,254.63,2025-03-08 14:57:02,502,0,normal
user_211,session_2120,Desktop,10,11,0,15,0.0,44,1920x1080,Chrome,hi-IN,-330,landscape,Pune,7846.6,2025-04-13 11:07:47,352,0,normal
user_565,session_5658,Desktop,7,12,0,10,0.0,188,1440x900,Edge,en-US,-330,landscape,Pune,2080.04,2025-02-15 12:33:33,475,0,normal
user_481,session_4815,Desktop,2,9,0,17,0.0,95,1920x1080,Firefox,hi-IN,-330,landscape,Hyderabad,696.49,2025-03-11 04:11:13,370,0,normal
user_380,session_3808,Desktop,9,1,0,7,0.0,158,1366x768,Edge,en-US,-330,landscape,Bengaluru,1914.32,2025-01-04 14:04:55,355,0,normal
user_570,session_5706,Desktop,12,11,0,6,0.0,236,1440x900,Safari,en-IN,-330,landscape,Pune,7872.23,2025-02-12 16:54:42,243,0,normal
user_577,session_5775,Desktop,0,4,0,15,0.0,87,1920x1080,Edge,en-US,-330,landscape,Chennai,2260.74,2025-03-03 15:00:37,442,0,normal
user_233,session_2331,Desktop,1,6,0,7,0.0,32,1366x768,Firefox,hi-IN,-330,landscape,Mumbai,2566.71,2025-04-11 19:31:23,208,0,normal
user_202,session_2030,Desktop,3,0,0,11,0.0,75,1440x900,Chrome,en-IN,-330,landscape,Ahmedabad,5466.66,2025-04-30 15:35:03,377,0,normal
user_546,session_5465,Mobile,5,3,5,19,1.16,129,414x896,Edge,en-IN,-330,landscape,Bengaluru,5825.65,2025-03-14 10:05:57,43,0,normal
user_25,session_258,Desktop,7,12,0,8,0.0,245,1366x768,Chrome,en-IN,-330,landscape,Kolkata,2619.37,2025-01-04 14:49:16,338,0,normal
user_50,session_508,Mobile,2,8,1,10,0.41,53,360x640,Edge,en-IN,-330,portrait,Pune,1600.68,2025-02-21 21:36:57,76,0,normal
user_194,session_1943,Desktop,9,13,0,18,0.0,286,1920x1080,Safari,hi-IN,-330,landscape,Mumbai,8889.15,2025-04-28 17:11:27,487,0,normal
user_9,session_100,Desktop,9,5,0,13,0.0,212,1440x900,Safari,en-IN,-330,landscape,Hyderabad,3752.91,2025-03-22 19:52:19,336,0,normal
user_295,session_2956,Mobile,11,11,3,4,0.35,79,414x896,Edge,en-IN,-330,portrait,Ahmedabad,3118.69,2025-05-04 18:08:22,5,0,normal
user_74,session_745,Desktop,3,10,0,13,0.0,107,1366x768,Firefox,en-IN,-330,landscape,Ahmedabad,1789.07,2025-04-19 10:13:04,311,0,normal
user_457,session_4571,Mobile,6,5,7,25,0.0,208,360x640,Safari,hi-IN,-330,portrait,Delhi,7494.51,2025-04-25 17:44:08,17,0,normal
user_555,session_5553,Desktop,7,7,0,13,0.0,52,1920x1080,Safari,en-IN,-330,landscape,Delhi,6344.62,2025-03-26 15:02:57,401,0,normal
user_137,session_1376,Tablet,7,9,8,15,0.35,156,810x1080,Firefox,en-IN,-330,portrait,Delhi,1591.58,2025-05-05 16:09:32,44,0,normal
user_386,session_3867,Mobile,5,1,3,18,0.76,167,390x844,Safari,en-IN,-330,landscape,Pune,7674.26,2025-03-19 07:33:08,46,0,normal
user_381,session_3820,Desktop,4,9,0,5,0.0,218,1920x1080,Chrome,hi-IN,-330,landscape,Bengaluru,665.93,2025-01-19 10:54:45,217,0,normal
user_368,session_3683,Desktop,2,3,0,5,0.0,69,1440x900,Chrome,en-IN,-330,landscape,Delhi,1917.91,2025-01-10 17:59:44,348,0,normal
user_195,session_1955,Desktop,5,11,0,12,0.0,162,1920x1080,Firefox,hi-IN,-330,landscape,Chennai,4549.85,2025-03-24 17:20:39,404,0,normal
user_474,session_4747,Desktop,6,10,0,8,0.0,237,1920x1080,Firefox,en-US,-330,landscape,Pune,2969.7,2025-01-31 17:13:21,113,0,normal
user_115,session_1158,Mobile,3,9,0,11,1.18,140,360x640,Safari,en-IN,-330,landscape,Pune,3727.19,2025-03-31 11:43:04,34,0,normal
user_436,session_4369,Mobile,36,0,5,0,0.75,9,414x896,Firefox,en-IN,-330,landscape,Chennai,5513.38,2025-04-11 14:09:24,32,1,bot_script
user_336,session_3366,Desktop,2,2,0,5,0.0,113,1440x900,Chrome,en-US,-330,landscape,Bengaluru,1082.25,2025-03-29 14:07:52,357,0,normal
user_490,session_4906,Desktop,5,8,0,17,0.0,114,1366x768,Firefox,en-US,-330,landscape,Delhi,539.95,2025-02-11 12:44:06,317,0,normal
user_143,session_1438,Desktop,7,9,0,19,0.0,276,1440x900,Edge,en-IN,-330,landscape,Bengaluru,2458.37,2025-05-15 12:09:30,522,0,normal
user_36,session_367,Tablet,3,12,2,18,0.17,66,810x1080,Edge,en-IN,-330,landscape,Hyderabad,5986.35,2025-02-24 18:41:24,52,0,normal
user_481,session_4814,Desktop,7,14,0,22,0.0,92,1920x1080,Firefox,hi-IN,-330,landscape,Hyderabad,759.57,2025-01-10 05:57:05,273,0,normal
user_294,session_2942,Desktop,0,0,0,9,0.0,237,1440x900,Edge,en-IN,-330,landscape,Hyderabad,7886.72,2025-02-02 09:23:25,261,0,normal
user_40,session_403,Desktop,7,12,0,14,0.0,121,1920x1080,Edge,en-IN,-330,landscape,Ahmedabad,3036.94,2025-04-12 12:38:22,275,0,normal
user_464,session_4645,Tablet,4,11,6,18,0.63,103,768x1024,Chrome,en-IN,-330,portrait,Chennai,4434.44,2025-04-11 06:35:23,16,0,normal
user_565,session_5655,Desktop,6,9,0,7,0.0,142,1440x900,Edge,en-US,-330,landscape,Pune,2044.84,2025-01-19 12:25:39,327,0,normal
user_94,session_950,Mobile,8,10,6,15,0.53,267,414x896,Edge,hi-IN,-330,portrait,Delhi,3989.93,2025-05-05 11:07:36,41,0,normal
user_278,session_2782,Desktop,5,5,0,8,0.0,292,1920x1080,Safari,en-IN,-330,landscape,Ahmedabad,2641.9,2025-05-01 10:56:21,330,0,normal
user_1,session_20,Mobile,7,9,1,11,0.53,120,390x844,Firefox,en-IN,-330,landscape,Delhi,4187.29,2025-04-06 13:43:08,37,0,normal
user_22,session_230,Mobile,3,7,1,20,0.0,308,414x896,Safari,en-IN,-330,portrait,Ahmedabad,323.92,2025-04-19 14:55:13,81,0,normal
user_418,session_4188,Tablet,5,6,7,9,0.34,131,768x1024,Chrome,en-IN,-330,portrait,Kolkata,3769.02,2025-04-18 13:04:09,14,0,normal
user_66,session_669,Mobile,6,8,4,6,1.16,95,390x844,Edge,en-US,-330,landscape,Pune,1537.26,2025-03-13 20:06:17,26,0,normal
user_21,session_219,Desktop,3,8,0,0,0.0,149,1920x1080,Safari,en-IN,-330,landscape,Pune,7610.9,2025-03-15 07:44:34,168,0,normal
user_500,session_5008,Tablet,3,8,2,2,0.0,87,810x1080,Firefox,en-IN,-330,portrait,Ahmedabad,1115.51,2025-03-25 19:29:27,41,0,normal
user_402,session_4025,Mobile,10,8,5,30,0.39,74,360x640,Safari,en-IN,-330,landscape,Bengaluru,5770.7,2025-05-02 11:37:44,41,0,normal
user_357,session_3572,Desktop,3,10,0,21,0.0,31,1366x768,Chrome,en-IN,-330,landscape,Chennai,1482.41,2025-01-06 07:09:48,209,0,normal
user_251,session_2514,Mobile,2,13,4,14,0.07,183,414x896,Firefox,hi-IN,-330,landscape,Hyderabad,6679.72,2025-02-25 08:24:38,23,0,normal
user_439,session_4391,Mobile,5,15,1,11,0.53,57,390x844,Safari,en-IN,-330,portrait,Ahmedabad,2591.86,2025-05-26 17:52:58,77,0,normal
user_58,session_586,Desktop,8,12,0,20,0.0,132,1366x768,Safari,en-US,-330,landscape,Delhi,2908.03,2025-01-17 11:57:50,629,0,normal
user_191,session_1913,Desktop,2,5,0,12,0.0,87,1366x768,Chrome,en-IN,-330,landscape,Mumbai,2094.73,2025-01-22 12:07:03,454,0,normal
user_537,session_5378,Desktop,9,14,0,21,0.0,71,1440x900,Edge,en-IN,-330,landscape,Pune,5571.96,2025-01-03 12:44:32,243,0,normal
user_443,session_4432,Desktop,7,2,0,17,0.0,109,1440x900,Chrome,en-IN,-330,landscape,Mumbai,2072.42,2025-01-04 13:57:24,333,0,normal
user_434,session_4348,Mobile,6,6,9,10,0.41,90,414x896,Chrome,hi-IN,-330,portrait,Ahmedabad,1495.54,2025-05-08 19:44:52,77,0,normal
user_382,session_3830,Desktop,8,9,0,15,0.0,119,1920x1080,Edge,en-IN,-330,landscape,Pune,8244.52,2025-02-26 18:15:31,442,0,normal
user_347,session_3480,Tablet,9,9,8,12,1.19,150,810x1080,Edge,en-IN,-330,portrait,Pune,9736.07,2025-01-31 15:44:51,50,0,normal
user_457,session_4578,Mobile,7,9,1,5,0.93,107,360x640,Safari,hi-IN,-330,landscape,Delhi,6631.47,2025-04-10 19:44:26,35,0,normal
user_77,session_778,Mobile,11,7,3,14,0.41,106,414x896,Chrome,en-IN,-330,landscape,Ahmedabad,2436.29,2025-01-01 21:10:13,14,0,normal
user_231,session_2315,Desktop,2,15,0,8,0.0,71,1366x768,Firefox,en-US,-330,landscape,Chennai,3578.59,2025-03-10 13:28:34,348,0,normal
user_101,session_1019,Desktop,10,3,0,14,0.0,106,1440x900,Firefox,en-IN,-330,landscape,Kolkata,1863.01,2025-05-29 09:07:34,454,0,normal
user_160,session_1607,Desktop,7,3,0,13,0.0,203,1920x1080,Firefox,en-IN,-330,landscape,Hyderabad,2239.62,2025-05-27 15:58:10,128,0,normal
user_250,session_2506,Mobile,13,5,6,0,0.96,160,360x640,Safari,en-IN,-330,landscape,Delhi,22682.34,2025-05-10 06:43:07,154,1,rat_fraud
user_280,session_2808,Tablet,3,13,6,20,0.47,43,810x1080,Safari,en-IN,-330,portrait,Hyderabad,6398.08,2025-03-24 14:26:51,60,0,normal
user_458,session_4589,Mobile,8,8,3,6,1.03,238,360x640,Firefox,en-US,-330,portrait,Delhi,3637.76,2025-05-18 14:41:28,23,0,normal
user_321,session_3214,Desktop,7,10,0,17,0.0,151,1920x1080,Safari,en-IN,-330,landscape,Hyderabad,3269.66,2025-05-12 13:51:49,283,0,normal
user_149,session_1492,Desktop,1,12,0,5,0.0,64,1920x1080,Chrome,en-IN,-330,landscape,Bengaluru,3754.57,2025-05-03 09:40:45,340,0,normal
user_498,session_4985,Desktop,6,5,0,6,0.0,106,1920x1080,Safari,en-IN,-330,landscape,Hyderabad,1124.5,2025-03-16 16:10:41,140,0,normal
user_524,session_5248,Desktop,10,12,0,11,0.0,280,1440x900,Safari,en-IN,-330,landscape,Hyderabad,3447.4,2025-03-04 09:25:01,331,0,normal
user_434,session_4341,Mobile,5,11,3,20,0.0,44,414x896,Chrome,hi-IN,-330,portrait,Ahmedabad,2126.8,2025-03-04 21:16:49,4,0,normal
user_366,session_3661,Mobile,6,1,5,13,1.23,67,390x844,Edge,en-IN,-330,landscape,Chennai,7254.49,2025-05-08 11:18:48,37,0,normal
user_448,session_4488,Desktop,1,4,0,22,0.0,81,1920x1080,Firefox,en-IN,-330,landscape,Bengaluru,410.73,2025-03-24 08:30:53,113,0,normal
user_287,session_2878,Tablet,2,2,2,24,0.66,219,810x1080,Safari,en-IN,-330,landscape,Delhi,5560.16,2025-05-23 19:34:30,35,0,normal
user_159,session_1594,Desktop,5,1,0,13,0.0,108,1440x900,Chrome,en-IN,-330,landscape,Hyderabad,1238.37,2025-05-05 18:16:15,367,0,normal
user_51,session_518,Mobile,0,9,0,2,1.47,195,390x844,Firefox,en-IN,-330,portrait,Pune,9301.31,2025-03-23 19:18:29,29,0,normal
user_32,session_322,Desktop,3,10,0,4,0.0,271,1920x1080,Firefox,en-IN,-330,landscape,Pune,6550.83,2025-05-02 17:00:54,164,0,normal
user_526,session_5265,Mobile,5,9,2,0,0.65,103,360x640,Edge,en-IN,-330,landscape,Bengaluru,2391.18,2025-03-26 15:21:20,61,0,normal
user_563,session_5636,Desktop,4,9,0,14,0.0,235,1366x768,Edge,en-US,-330,landscape,Ahmedabad,4564.37,2025-03-14 10:31:13,572,0,normal
user_409,session_4100,Desktop,6,5,0,21,0.0,163,1440x900,Safari,en-IN,-330,landscape,Pune,5402.12,2025-04-27 23:28:28,140,0,normal
user_368,session_3690,Desktop,6,7,0,1,0.0,120,1440x900,Chrome,en-IN,-330,landscape,Delhi,1303.2,2025-02-03 15:05:04,420,0,normal
user_21,session_218,Desktop,0,7,0,26,0.0,166,1920x1080,Safari,en-IN,-330,landscape,Pune,2656.71,2025-01-02 15:30:52,457,0,normal
user_265,session_2656,Mobile,10,15,9,16,0.18,56,360x640,Firefox,en-IN,-330,landscape,Chennai,288.34,2025-03-30 10:27:49,11,0,normal
user_238,session_2389,Mobile,5,3,7,16,0.93,200,360x640,Safari,en-IN,-330,landscape,Bengaluru,2651.88,2025-02-13 09:36:02,81,0,normal
user_36,session_361,Tablet,4,5,5,6,0.43,94,810x1080,Edge,en-IN,-330,landscape,Hyderabad,6748.0,2025-02-20 13:20:44,17,0,normal
user_437,session_4376,Desktop,4,13,0,15,0.0,104,1920x1080,Firefox,en-IN,-330,landscape,Chennai,2540.18,2025-03-31 18:32:23,520,0,normal
user_333,session_3337,Desktop,7,8,0,15,0.0,33,1440x900,Edge,en-IN,-330,landscape,Ahmedabad,1784.25,2025-05-21 17:23:08,285,0,normal
user_301,session_3011,Desktop,4,5,0,19,0.0,203,1366x768,Chrome,en-IN,-330,landscape,Pune,5175.05,2025-04-11 20:24:28,445,0,normal
user_231,session_2319,Desktop,2,10,0,18,0.0,62,1366x768,Firefox,en-US,-330,landscape,Chennai,5849.28,2025-05-08 13:44:10,217,0,normal
user_105,session_1053,Desktop,0,15,0,19,0.0,171,1920x1080,Edge,en-IN,-330,landscape,Hyderabad,7601.26,2025-01-06 16:35:32,197,0,normal
user_514,session_5141,Mobile,4,2,5,14,0.33,148,414x896,Chrome,en-IN,-330,landscape,Hyderabad,4750.78,2025-02-28 13:40:31,0,0,normal
user_75,session_760,Mobile,1,10,5,20,0.52,181,414x896,Safari,en-US,-330,portrait,Kolkata,3629.97,2025-03-04 15:45:25,52,0,normal
user_466,session_4668,Desktop,0,6,0,4,0.0,55,1440x900,Edge,en-IN,-330,landscape,Bengaluru,10893.05,2025-02-12 07:54:08,91,0,normal
user_527,session_5278,Desktop,10,3,0,11,0.0,107,1920x1080,Edge,hi-IN,-330,landscape,Ahmedabad,3515.85,2025-01-24 13:57:06,333,0,normal
user_599,session_5996,Tablet,6,6,0,19,0.47,124,810x1080,Edge,en-IN,-330,portrait,Kolkata,2125.17,2025-02-24 09:08:36,44,0,normal
user_142,session_1427,Desktop,10,10,0,9,0.0,213,1440x900,Chrome,en-IN,-330,landscape,Chennai,7483.95,2025-05-06 10:49:40,245,0,normal
user_440,session_4408,Desktop,5,9,0,10,0.0,288,1366x768,Firefox,en-IN,-330,landscape,Kolkata,4764.76,2025-01-18 08:53:12,337,0,normal
user_369,session_3698,Mobile,4,3,7,22,1.08,179,360x640,Firefox,en-US,-330,landscape,Kolkata,5611.31,2025-02-25 17:31:04,29,0,normal
user_21,session_215,Desktop,5,13,0,23,0.0,52,1920x1080,Safari,en-IN,-330,landscape,Pune,12675.64,2025-04-23 10:12:58,340,0,normal
user_161,session_1615,Mobile,4,0,0,24,0.68,141,360x640,Edge,en-IN,-330,portrait,Pune,2320.95,2025-04-24 19:43:33,41,0,normal
user_467,session_4676,Mobile,6,7,3,13,0.29,188,390x844,Edge,en-IN,-330,landscape,Mumbai,9703.2,2025-05-15 18:58:56,38,0,normal
user_171,session_1718,Desktop,0,11,2,0,0.0,77,1920x1080,Safari,hi-IN,-330,portrait,Bengaluru,15611.98,2025-05-20 20:15:12,36,1,account_takeover
user_274,session_2742,Mobile,7,11,6,19,0.34,185,390x844,Safari,en-IN,-330,landscape,Pune,4240.97,2025-01-03 10:57:14,26,0,normal
user_205,session_2054,Tablet,1,10,3,32,1.28,116,768x1024,Chrome,en-US,-330,portrait,Ahmedabad,9029.44,2025-04-12 19:27:44,67,0,normal
user_299,session_2999,Mobile,8,10,6,6,0.3,361,414x896,Firefox,en-IN,-330,landscape,Ahmedabad,4460.25,2025-04-13 11:09:40,25,0,normal
user_198,session_1984,Desktop,1,8,0,22,0.0,80,1920x1080,Safari,en-IN,-330,landscape,Chennai,3801.23,2025-01-25 11:44:59,423,0,normal
user_170,session_1703,Mobile,1,2,9,2,1.34,295,414x896,Chrome,en-IN,-330,portrait,Chennai,3462.84,2025-02-07 22:50:59,39,0,normal
user_310,session_3102,Desktop,6,16,0,9,0.0,50,1920x1080,Safari,en-IN,-330,landscape,Hyderabad,1134.11,2025-01-09 18:02:59,201,0,normal
user_303,session_3035,Desktop,3,9,0,19,0.0,158,1440x900,Edge,en-US,-330,landscape,Ahmedabad,1786.77,2025-03-26 07:26:50,407,0,normal
user_532,session_5328,Desktop,2,4,0,15,0.0,177,1920x1080,Edge,en-IN,-330,landscape,Chennai,10466.89,2025-02-27 16:58:18,268,0,normal
user_19,session_197,Desktop,5,6,0,9,0.0,106,1920x1080,Chrome,en-IN,-330,landscape,Chennai,6967.87,2025-05-06 16:28:15,222,0,normal
user_72,session_726,Desktop,6,7,0,18,0.0,171,1440x900,Firefox,en-IN,-330,landscape,Ahmedabad,2027.51,2025-01-02 13:41:01,230,0,normal
user_391,session_3919,Desktop,13,9,0,8,0.0,98,1440x900,Edge,en-IN,-330,landscape,Delhi,1756.01,2025-01-04 21:37:50,439,0,normal
user_151,session_1513,Mobile,3,17,11,12,0.6,245,390x844,Safari,en-IN,-330,landscape,Chennai,518.74,2025-03-18 22:50:48,50,0,normal
user_262,session_2624,Mobile,0,8,6,12,1.38,171,414x896,Safari,hi-IN,-330,landscape,Delhi,3392.92,2025-05-04 09:52:56,16,0,normal
user_453,session_4539,Desktop,11,9,0,22,0.0,294,1920x1080,Chrome,en-US,-330,landscape,Bengaluru,939.28,2025-02-14 04:45:39,537,0,normal
user_469,session_4696,Desktop,12,10,0,10,0.0,191,1440x900,Chrome,en-IN,-330,landscape,Ahmedabad,2428.81,2025-03-09 19:06:38,374,0,normal
user_105,session_1057,Desktop,5,13,0,20,0.0,122,1920x1080,Edge,en-IN,-330,landscape,Hyderabad,6825.94,2025-04-02 12:05:05,399,0,normal
user_499,session_4994,Desktop,8,3,0,11,0.0,216,1366x768,Edge,en-IN,-330,landscape,Kolkata,6783.06,2025-01-28 14:42:31,316,0,normal
user_88,session_888,Desktop,5,18,0,21,0.0,196,1440x900,Edge,en-US,-330,landscape,Bengaluru,7387.25,2025-04-03 17:57:47,250,0,normal
user_269,session_2699,Desktop,12,8,0,12,0.0,59,1440x900,Chrome,en-IN,-330,landscape,Hyderabad,4426.66,2025-04-18 08:19:49,291,0,normal
user_109,session_1093,Desktop,6,8,0,20,0.0,147,1366x768,Edge,en-IN,-330,landscape,Ahmedabad,8989.98,2025-04-21 14:57:50,288,0,normal
user_509,session_5098,Desktop,2,2,0,5,0.0,167,1920x1080,Chrome,hi-IN,-330,landscape,Ahmedabad,712.28,2025-03-22 12:57:05,338,0,normal
user_412,session_4126,Mobile,11,2,0,21,1.21,37,360x640,Safari,en-US,-330,landscape,Kolkata,1861.0,2025-04-23 20:28:44,19,0,normal
user_56,session_569,Mobile,3,8,4,1,0.81,213,390x844,Safari,en-US,-330,landscape,Delhi,7518.72,2025-04-15 16:10:29,41,0,normal
user_51,session_517,Mobile,4,4,0,11,0.19,157,390x844,Firefox,en-IN,-330,portrait,Pune,5366.86,2025-02-15 19:50:37,23,0,normal
user_362,session_3629,Desktop,3,11,0,12,0.0,232,1366x768,Safari,en-US,-330,landscape,Ahmedabad,1251.77,2025-04-04 10:47:21,406,0,normal
user_482,session_4830,Desktop,5,1,0,2,0.0,59,1920x1080,Firefox,en-US,-330,landscape,Kolkata,20.0,2025-03-16 23:56:15,53,0,normal
user_214,session_2150,Mobile,0,4,3,7,0.4,278,390x844,Chrome,en-IN,-330,landscape,Mumbai,7303.62,2025-01-13 17:35:24,27,0,normal
user_13,session_140,Desktop,5,5,0,14,0.0,66,1920x1080,Edge,en-IN,-330,landscape,Hyderabad,1230.67,2025-01-14 13:00:01,531,0,normal
user_582,session_5830,Desktop,0,2,0,13,0.0,247,1440x900,Firefox,hi-IN,-330,landscape,Delhi,10647.83,2025-02-01 19:02:30,307,0,normal
user_527,session_5275,Desktop,5,9,0,23,0.0,167,1920x1080,Edge,hi-IN,-330,landscape,Ahmedabad,3139.8,2025-01-25 12:16:58,237,0,normal
user_228,session_2285,Mobile,5,12,8,8,0.0,50,360x640,Chrome,en-IN,-330,landscape,Kolkata,2508.33,2025-03-20 08:20:26,41,0,normal
user_501,session_5011,Desktop,9,7,0,9,0.0,49,1366x768,Safari,en-IN,-330,landscape,Kolkata,726.97,2025-03-16 12:20:25,115,0,normal
user_114,session_1150,Desktop,8,6,0,18,0.0,39,1440x900,Edge,en-IN,-330,landscape,Mumbai,5113.89,2025-02-23 18:47:28,394,0,normal
user_404,session_4049,Mobile,2,12,0,17,0.33,266,414x896,Safari,en-IN,-330,landscape,Hyderabad,6414.74,2025-02-22 12:37:44,27,0,normal
user_249,session_2499,Desktop,8,5,0,10,0.0,153,1440x900,Chrome,en-IN,-330,landscape,Delhi,4396.05,2025-01-28 22:13:25,238,0,normal
user_227,session_2274,Desktop,4,12,0,13,0.0,139,1440x900,Safari,en-IN,-330,landscape,Ahmedabad,1506.57,2025-04-22 14:14:29,319,0,normal
user_252,session_2527,Desktop,9,11,0,22,0.0,36,1366x768,Firefox,en-US,-330,landscape,Ahmedabad,1819.31,2025-05-18 11:12:31,232,0,normal
user_46,session_464,Mobile,1,17,6,12,0.88,236,414x896,Edge,en-IN,-330,landscape,Pune,5557.9,2025-03-08 18:43:57,59,0,normal
user_330,session_3308,Tablet,4,1,7,13,0.04,61,768x1024,Chrome,hi-IN,-330,landscape,Chennai,368.22,2025-04-10 18:32:42,63,0,normal
user_313,session_3133,Mobile,10,12,0,12,0.07,165,414x896,Edge,en-IN,-330,landscape,Ahmedabad,3266.61,2025-01-06 23:28:04,32,0,normal
user_498,session_4986,Desktop,8,2,0,18,0.0,172,1920x1080,Safari,en-IN,-330,landscape,Hyderabad,2363.63,2025-05-05 20:07:19,358,0,normal
user_59,session_595,Desktop,2,3,0,15,0.0,180,1366x768,Firefox,en-US,-330,landscape,Ahmedabad,12214.42,2025-05-27 16:26:15,172,0,normal
user_308,session_3081,Tablet,8,11,4,16,0.54,104,768x1024,Firefox,en-IN,-330,portrait,Bengaluru,848.78,2025-02-15 23:14:43,53,0,normal
user_180,session_1808,Desktop,8,11,0,30,0.0,256,1440x900,Firefox,en-IN,-330,landscape,Bengaluru,3984.74,2025-02-15 17:22:00,346,0,normal
user_513,session_5137,Desktop,9,0,0,27,0.0,109,1920x1080,Safari,en-US,-330,landscape,Kolkata,1970.99,2025-01-06 23:54:18,200,0,normal
user_45,session_451,Desktop,4,6,0,17,0.0,77,1920x1080,Edge,hi-IN,-330,landscape,Pune,5968.98,2025-02-04 09:34:33,330,0,normal
user_304,session_3044,Desktop,1,9,0,26,0.0,222,1440x900,Edge,en-US,-330,landscape,Mumbai,7085.47,2025-04-13 08:45:33,235,0,normal
user_582,session_5827,Desktop,4,6,0,16,0.0,129,1440x900,Firefox,hi-IN,-330,landscape,Delhi,4683.32,2025-04-23 20:19:37,220,0,normal
user_51,session_519,Mobile,2,6,2,15,0.63,136,390x844,Firefox,en-IN,-330,landscape,Pune,4057.37,2025-03-08 16:02:16,1,0,normal
user_252,session_2523,Desktop,0,9,0,13,0.0,49,1366x768,Firefox,en-US,-330,landscape,Ahmedabad,2083.27,2025-03-21 07:58:12,258,0,normal
user_31,session_313,Desktop,9,8,0,16,0.0,77,1366x768,Safari,en-IN,-330,landscape,Delhi,4632.4,2025-04-03 12:29:23,285,0,normal
user_588,session_5888,Desktop,4,3,0,4,0.0,80,1440x900,Chrome,en-US,-330,landscape,Bengaluru,9083.57,2025-04-09 19:17:58,149,0,normal
user_448,session_4484,Desktop,8,10,0,10,0.0,121,1920x1080,Firefox,en-IN,-330,landscape,Bengaluru,558.81,2025-01-06 09:38:32,463,0,normal
user_264,session_2648,Desktop,4,9,0,0,0.0,169,1920x1080,Firefox,en-IN,-330,landscape,Ahmedabad,4778.82,2025-01-14 17:39:23,278,0,normal
user_343,session_3438,Desktop,0,15,0,15,0.0,195,1920x1080,Firefox,en-IN,-330,landscape,Hyderabad,7840.94,2025-02-07 16:21:42,368,0,normal
user_117,session_1175,Desktop,4,9,0,8,0.0,276,1440x900,Firefox,en-IN,-330,landscape,Mumbai,2096.53,2025-05-21 11:25:35,169,0,normal
user_353,session_3533,Desktop,6,11,0,20,0.0,31,1920x1080,Chrome,en-IN,-330,landscape,Hyderabad,5982.81,2025-04-04 21:27:57,263,0,normal
user_45,session_452,Desktop,8,12,0,13,0.0,215,1920x1080,Edge,hi-IN,-330,landscape,Pune,8833.76,2025-05-23 12:16:23,347,0,normal
user_503,session_5038,Tablet,6,14,0,20,0.53,167,810x1080,Safari,en-IN,-330,landscape,Kolkata,4086.29,2025-02-09 15:40:15,30,0,normal
user_342,session_3425,Desktop,3,6,0,12,0.0,156,1440x900,Edge,en-IN,-330,landscape,Chennai,5077.24,2025-03-09 18:53:35,162,0,normal
user_111,session_1113,Desktop,3,9,0,12,0.0,62,1440x900,Edge,en-IN,-330,landscape,Ahmedabad,1008.36,2025-01-04 08:17:02,228,0,normal
user_484,session_4845,Mobile,3,9,2,7,0.24,71,360x640,Firefox,en-US,-330,portrait,Bengaluru,3885.53,2025-03-09 13:48:32,21,0,normal
user_157,session_1579,Mobile,3,9,6,8,1.45,140,414x896,Safari,en-IN,-330,portrait,Ahmedabad,10130.98,2025-01-23 21:55:01,7,0,normal
user_89,session_891,Desktop,5,11,0,18,0.0,44,1440x900,Firefox,en-IN,-330,landscape,Chennai,11803.57,2025-05-12 13:05:29,472,0,normal
user_161,session_1616,Mobile,6,6,5,15,0.53,135,360x640,Edge,en-IN,-330,portrait,Pune,3563.53,2025-05-23 20:57:42,36,0,normal
user_434,session_4349,Mobile,0,13,6,15,0.62,54,414x896,Chrome,hi-IN,-330,portrait,Ahmedabad,1283.33,2025-03-22 23:29:59,51,0,normal
user_397,session_3980,Mobile,4,5,11,18,0.4,57,390x844,Safari,en-IN,-330,landscape,Mumbai,1726.57,2025-04-25 11:45:55,61,0,normal
user_568,session_5681,Desktop,0,11,0,9,0.0,18,1366x768,Firefox,en-US,-330,landscape,Ahmedabad,8000.0,2025-02-25 04:09:14,308,1,odd_hour_drain
user_583,session_5840,Desktop,11,7,0,11,0.0,51,1440x900,Firefox,en-IN,-330,landscape,Bengaluru,3497.14,2025-05-05 20:23:46,349,0,normal
user_292,session_2926,Desktop,9,6,0,21,0.0,19,1920x1080,Chrome,en-IN,-330,landscape,Pune,4196.12,2025-03-05 12:43:12,222,0,normal
user_126,session_1264,Desktop,7,10,0,16,0.0,222,1366x768,Chrome,en-IN,-330,landscape,Delhi,44.86,2025-03-13 16:41:42,173,0,normal
user_561,session_5616,Desktop,2,5,0,17,0.0,66,1366x768,Safari,en-US,-330,landscape,Delhi,3113.45,2025-04-09 17:09:42,17,0,normal
user_99,session_1000,Mobile,4,8,4,13,0.71,159,360x640,Chrome,en-IN,-330,portrait,Pune,582.36,2025-02-14 23:25:05,52,0,normal
user_376,session_3762,Desktop,9,12,0,13,0.0,133,1366x768,Firefox,en-IN,-330,landscape,Chennai,4852.55,2025-02-05 14:11:44,411,0,normal
user_135,session_1360,Mobile,4,12,7,11,1.13,69,414x896,Firefox,en-IN,-330,portrait,Kolkata,3781.57,2025-01-22 07:39:19,51,0,normal
user_599,session_5995,Mobile,2,0,2,13,1.38,111,414x896,Safari,en-IN,-330,landscape,Mumbai,4616.17,2025-03-25 04:39:57,8,1,account_takeover
user_147,session_1477,Mobile,4,4,4,22,0.07,80,390x844,Safari,en-IN,-330,landscape,Kolkata,2593.18,2025-03-17 14:41:43,38,0,normal
user_19,session_193,Desktop,3,6,0,1,0.0,57,1920x1080,Chrome,en-IN,-330,landscape,Chennai,2905.82,2025-02-19 17:01:10,89,0,normal
user_469,session_4693,Desktop,4,9,0,19,0.0,136,1440x900,Chrome,en-IN,-330,landscape,Ahmedabad,7012.86,2025-04-10 20:41:02,302,0,normal
user_539,session_5399,Mobile,7,12,5,16,0.99,241,360x640,Chrome,en-IN,-330,landscape,Kolkata,3787.89,2025-05-02 14:22:05,19,0,normal
user_279,session_2793,Mobile,9,1,5,13,0.37,161,390x844,Safari,en-US,-330,portrait,Kolkata,6891.45,2025-01-18 19:36:01,28,0,normal
user_500,session_5002,Tablet,9,3,4,9,0.96,78,810x1080,Firefox,en-IN,-330,landscape,Ahmedabad,1192.47,2025-01-23 11:17:00,34,0,normal
user_240,session_2408,Tablet,6,9,11,26,1.04,150,768x1024,Firefox,en-US,-330,portrait,Pune,1083.31,2025-05-25 22:04:38,54,0,normal
user_505,session_5058,Desktop,9,8,0,13,0.0,174,1920x1080,Chrome,en-IN,-330,landscape,Delhi,1182.71,2025-01-30 13:32:59,386,0,normal
user_187,session_1875,Desktop,5,9,0,10,0.0,56,1920x1080,Safari,en-IN,-330,landscape,Kolkata,1190.79,2025-02-18 20:26:12,377,0,normal
user_530,session_5301,Desktop,11,1,0,11,0.0,59,1920x1080,Firefox,en-US,-330,landscape,Bengaluru,3145.3,2025-04-28 11:37:54,291,0,normal
user_133,session_1339,Tablet,4,9,6,15,0.96,59,810x1080,Firefox,en-US,-330,landscape,Pune,7652.07,2025-04-17 16:03:49,52,0,normal
user_347,session_3478,Tablet,6,12,0,20,0.49,111,810x1080,Edge,en-IN,-330,portrait,Pune,13208.48,2025-05-10 14:23:24,28,0,normal
user_484,session_4843,Mobile,5,8,4,6,0.29,88,360x640,Firefox,en-US,-330,landscape,Bengaluru,2482.42,2025-05-11 09:43:24,31,0,normal
user_387,session_3872,Desktop,7,5,0,9,0.0,96,1920x1080,Chrome,en-IN,-330,landscape,Delhi,6900.47,2025-05-03 17:02:17,204,0,normal
user_280,session_2806,Tablet,8,9,2,20,0.56,45,810x1080,Safari,en-IN,-330,landscape,Hyderabad,5704.92,2025-05-04 15:52:35,63,0,normal
user_589,session_5900,Mobile,2,9,8,9,0.85,53,360x640,Firefox,en-IN,-330,landscape,Chennai,3156.04,2025-03-12 18:52:37,22,0,normal
user_129,session_1294,Desktop,6,6,0,18,0.0,186,1366x768,Edge,en-US,-330,landscape,Mumbai,1071.2,2025-02-25 15:52:42,365,0,normal
user_528,session_5286,Tablet,6,12,3,9,0.93,127,768x1024,Chrome,en-IN,-330,landscape,Delhi,185.64,2025-01-07 19:45:56,30,0,normal
user_451,session_4513,Mobile,6,11,2,6,0.22,112,414x896,Firefox,en-IN,-330,portrait,Ahmedabad,670.26,2025-02-07 15:48:56,13,0,normal
user_561,session_5618,Desktop,2,4,0,14,0.0,86,1366x768,Safari,en-US,-330,landscape,Delhi,2366.21,2025-01-26 20:40:23,277,0,normal
user_351,session_3520,Desktop,6,17,0,23,0.0,57,1440x900,Firefox,en-IN,-330,landscape,Hyderabad,5248.06,2025-02-05 15:23:23,353,0,normal
user_266,session_2665,Desktop,6,8,0,10,0.0,158,1440x900,Edge,en-IN,-330,landscape,Bengaluru,1618.54,2025-02-19 21:22:21,420,0,normal
user_190,session_1908,Desktop,4,2,0,2,0.0,162,1440x900,Chrome,en-IN,-330,landscape,Kolkata,20.0,2025-04-05 08:08:47,240,0,normal
user_375,session_3759,Desktop,10,9,0,21,0.0,83,1440x900,Firefox,hi-IN,-330,landscape,Pune,3672.99,2025-02-09 16:27:40,236,0,normal
user_415,session_4154,Desktop,5,9,0,11,0.0,76,1366x768,Edge,en-IN,-330,landscape,Pune,7580.32,2025-02-21 13:40:04,336,0,normal
user_36,session_369,Tablet,0,1,1,11,0.59,206,810x1080,Edge,en-IN,-330,portrait,Hyderabad,7396.53,2025-01-26 17:08:12,0,0,normal
user_193,session_1938,Mobile,10,13,5,25,0.3,169,414x896,Edge,en-US,-330,portrait,Pune,520.21,2025-04-25 17:49:31,21,0,normal
user_357,session_3574,Desktop,10,14,0,16,0.0,86,1366x768,Chrome,en-IN,-330,landscape,Chennai,1011.27,2025-01-29 13:07:17,492,0,normal
user_115,session_1152,Mobile,6,6,10,18,0.73,158,360x640,Safari,en-IN,-330,portrait,Pune,4950.73,2025-01-31 08:43:28,56,0,normal
user_492,session_4922,Desktop,7,13,0,20,0.0,198,1440x900,Edge,en-US,-330,landscape,Bengaluru,8901.82,2025-04-12 20:13:16,487,0,normal
user_401,session_4013,Desktop,5,8,0,12,0.0,231,1920x1080,Edge,en-IN,-330,landscape,Hyderabad,5066.47,2025-04-06 11:12:06,308,0,normal
user_235,session_2352,Desktop,7,5,0,23,0.0,40,1440x900,Safari,en-IN,-330,landscape,Bengaluru,3164.13,2025-01-01 16:26:10,437,0,normal
user_405,session_4052,Mobile,7,12,1,0,0.31,88,414x896,Firefox,en-IN,-330,portrait,Kolkata,7918.94,2025-01-15 13:58:32,14,0,normal
user_566,session_5661,Desktop,6,12,0,19,0.0,31,1920x1080,Firefox,en-IN,-330,landscape,Ahmedabad,1405.05,2025-05-30 10:40:05,300,0,normal
user_355,session_3556,Mobile,6,10,6,21,0.06,62,414x896,Firefox,hi-IN,-330,landscape,Ahmedabad,2222.56,2025-02-09 18:04:47,40,0,normal
user_187,session_1873,Desktop,2,9,0,3,0.0,69,1920x1080,Safari,en-IN,-330,landscape,Kolkata,2959.29,2025-04-12 19:22:57,149,0,normal
user_590,session_5903,Desktop,10,3,0,15,0.0,115,1366x768,Firefox,en-IN,-330,landscape,Pune,20.0,2025-01-04 14:43:37,118,0,normal
user_19,session_192,Desktop,0,1,0,4,0.0,132,1920x1080,Chrome,en-IN,-330,landscape,Chennai,6283.41,2025-05-12 16:24:49,216,0,normal
user_244,session_2441,Desktop,10,8,0,18,0.0,314,1366x768,Firefox,en-IN,-330,landscape,Delhi,4228.34,2025-01-20 12:18:49,208,0,normal
user_10,session_109,Mobile,1,2,9,15,0.23,291,360x640,Firefox,en-IN,-330,landscape,Kolkata,2781.51,2025-02-02 05:10:17,31,0,normal
user_17,session_175,Desktop,1,14,0,21,0.0,94,1366x768,Firefox,en-IN,-330,landscape,Bengaluru,7365.64,2025-04-11 10:28:09,500,0,normal
user_316,session_3170,Desktop,2,4,0,14,0.0,101,1920x1080,Safari,hi-IN,-330,landscape,Bengaluru,6278.63,2025-03-05 13:24:44,218,0,normal
user_335,session_3353,Desktop,5,14,0,15,0.0,329,1440x900,Firefox,en-US,-330,landscape,Ahmedabad,700.88,2025-05-22 15:18:31,283,0,normal
user_383,session_3835,Tablet,8,11,10,11,0.47,249,768x1024,Chrome,en-IN,-330,landscape,Chennai,6153.47,2025-03-26 19:55:06,31,0,normal
user_159,session_1599,Desktop,7,4,0,18,0.0,94,1440x900,Chrome,en-IN,-330,landscape,Hyderabad,1520.16,2025-01-10 16:52:31,283,0,normal
user_136,session_1361,Desktop,8,6,0,0,0.0,106,1440x900,Safari,en-IN,-330,landscape,Pune,1872.28,2025-05-28 13:34:55,292,0,normal
user_210,session_2104,Desktop,4,0,0,15,0.0,107,1366x768,Chrome,en-IN,-330,landscape,Kolkata,6655.85,2025-03-11 13:19:42,381,0,normal
user_521,session_5220,Tablet,5,13,7,20,0.83,54,810x1080,Firefox,en-IN,-330,portrait,Chennai,9438.05,2025-03-17 21:18:35,42,0,normal
user_584,session_5841,Mobile,3,6,7,11,0.19,58,414x896,Edge,en-IN,-330,landscape,Mumbai,2809.03,2025-02-13 12:49:06,50,0,normal
user_504,session_5044,Desktop,3,8,0,7,0.0,309,1440x900,Firefox,en-IN,-330,landscape,Ahmedabad,2535.65,2025-05-24 08:14:58,379,0,normal
user_358,session_3581,Desktop,2,2,0,11,0.0,85,1920x1080,Firefox,en-IN,-330,landscape,Pune,1194.08,2025-03-01 14:39:45,290,0,normal
user_116,session_1165,Mobile,1,10,7,8,1.08,94,414x896,Chrome,en-IN,-330,landscape,Delhi,2320.22,2025-04-13 22:47:52,45,0,normal
user_367,session_3679,Tablet,5,5,8,17,0.84,79,768x1024,Safari,en-US,-330,portrait,Mumbai,8146.82,2025-05-13 07:44:20,38,0,normal
user_528,session_5285,Tablet,0,2,6,17,1.04,65,768x1024,Chrome,en-IN,-330,portrait,Delhi,239.04,2025-01-25 15:41:36,48,0,normal
user_166,session_1662,Desktop,6,13,0,15,0.0,301,1366x768,Chrome,hi-IN,-330,landscape,Ahmedabad,11039.37,2025-03-13 23:56:01,417,0,normal
user_50,session_509,Mobile,3,10,7,3,0.03,77,360x640,Edge,en-IN,-330,landscape,Pune,2581.01,2025-03-27 07:57:46,81,0,normal
user_16,session_167,Mobile,6,8,2,9,0.47,75,360x640,Firefox,en-IN,-330,landscape,Hyderabad,3764.76,2025-02-06 11:58:48,1,0,normal
user_278,session_2788,Desktop,9,8,0,21,0.0,215,1920x1080,Safari,en-IN,-330,landscape,Ahmedabad,2367.11,2025-05-22 08:22:28,244,0,normal
user_552,session_5522,Mobile,5,19,8,22,0.58,137,414x896,Safari,en-US,-330,landscape,Mumbai,1056.96,2025-02-12 15:02:26,48,0,normal
user_225,session_2255,Desktop,5,4,0,4,0.0,120,1440x900,Chrome,en-IN,-330,landscape,Hyderabad,6340.3,2025-03-12 14:04:53,306,0,normal
user_396,session_3962,Desktop,2,0,0,0,0.0,18,1920x1080,Firefox,en-IN,-330,landscape,Pune,5000.0,2025-01-02 18:59:53,279,1,copy_paste_drain
user_10,session_104,Mobile,3,7,0,20,0.63,316,360x640,Firefox,en-IN,-330,landscape,Kolkata,867.78,2025-02-23 07:22:17,81,0,normal
user_241,session_2413,Desktop,7,14,0,16,0.0,132,1440x900,Firefox,en-IN,-330,landscape,Chennai,5108.68,2025-04-30 17:13:12,289,0,normal
user_492,session_4926,Desktop,8,11,0,22,0.0,162,1440x900,Edge,en-US,-330,landscape,Bengaluru,5788.26,2025-02-07 21:51:50,555,0,normal
user_488,session_4882,Mobile,8,17,3,17,0.24,152,414x896,Edge,en-IN,-330,portrait,Bengaluru,297.51,2025-05-20 07:28:29,39,0,normal
user_175,session_1753,Desktop,10,4,0,11,0.0,166,1440x900,Safari,en-IN,-330,landscape,Hyderabad,7698.83,2025-03-24 07:02:34,379,0,normal
user_535,session_5355,Tablet,8,9,2,26,0.29,152,810x1080,Safari,en-IN,-330,portrait,Kolkata,5233.8,2025-01-24 11:16:35,42,0,normal
user_510,session_5104,Desktop,5,2,0,6,0.0,121,1920x1080,Firefox,en-IN,-330,landscape,Mumbai,3741.86,2025-04-05 09:14:24,12,0,normal
user_165,session_1659,Tablet,1,13,6,9,0.99,142,810x1080,Edge,en-IN,-330,portrait,Pune,5231.29,2025-02-27 18:04:49,43,0,normal
user_15,session_153,Desktop,1,7,0,14,0.0,153,1440x900,Safari,hi-IN,-330,landscape,Ahmedabad,7793.15,2025-01-09 14:06:42,306,0,normal
user_258,session_2587,Desktop,10,9,0,26,0.0,111,1920x1080,Edge,en-IN,-330,landscape,Ahmedabad,1989.34,2025-01-07 13:45:49,519,0,normal
user_158,session_1584,Desktop,1,14,0,27,0.0,123,1366x768,Firefox,en-IN,-330,landscape,Ahmedabad,5198.03,2025-01-16 17:23:19,138,0,normal
user_217,session_2178,Tablet,13,9,4,30,0.11,84,810x1080,Firefox,hi-IN,-330,portrait,Pune,4270.81,2025-05-11 10:33:26,48,0,normal
user_596,session_5970,Tablet,9,1,0,10,1.09,117,810x1080,Safari,en-IN,-330,portrait,Delhi,5344.5,2025-05-18 15:07:39,68,0,normal
user_488,session_4890,Mobile,4,11,2,24,0.21,236,414x896,Edge,en-IN,-330,portrait,Bengaluru,295.86,2025-03-19 12:20:50,18,0,normal
user_211,session_2115,Desktop,10,11,0,6,0.0,55,1920x1080,Chrome,hi-IN,-330,landscape,Pune,7569.13,2025-03-30 09:39:23,294,0,normal
user_264,session_2647,Desktop,3,0,0,0,0.0,119,1920x1080,Firefox,en-IN,-330,landscape,Ahmedabad,6873.77,2025-01-13 20:44:19,53,0,normal
user_182,session_1823,Desktop,4,8,0,20,0.0,246,1920x1080,Chrome,en-US,-330,landscape,Mumbai,4298.62,2025-05-06 11:09:19,472,0,normal
user_506,session_5070,Desktop,6,5,0,13,0.0,95,1440x900,Safari,en-US,-330,landscape,Hyderabad,8573.13,2025-05-21 15:33:14,272,0,normal
user_312,session_3127,Desktop,4,11,0,2,0.0,166,1920x1080,Firefox,en-IN,-330,landscape,Hyderabad,1116.11,2025-02-21 13:05:28,299,0,normal
user_30,session_310,Desktop,4,1,0,16,0.0,156,1440x900,Firefox,en-US,-330,landscape,Mumbai,3298.64,2025-01-31 09:16:32,285,0,normal
user_579,session_5792,Desktop,11,0,0,22,0.0,149,1920x1080,Safari,en-IN,-330,landscape,Pune,5005.94,2025-03-08 08:45:42,50,0,normal
user_243,session_2432,Mobile,11,0,3,5,0.99,99,390x844,Chrome,en-IN,-330,portrait,Bengaluru,6122.26,2025-04-10 14:12:10,12,0,normal
user_257,session_2571,Mobile,6,7,8,16,1.37,237,390x844,Firefox,en-IN,-330,portrait,Pune,6327.66,2025-04-21 13:00:34,48,0,normal
user_49,session_496,Tablet,3,7,7,19,0.77,173,810x1080,Firefox,en-IN,-330,portrait,Ahmedabad,9326.85,2025-04-18 19:29:54,65,0,normal
user_20,session_206,Desktop,4,4,0,13,0.0,121,1920x1080,Edge,en-IN,-330,landscape,Chennai,6277.62,2025-04-01 16:08:03,448,0,normal
user_143,session_1435,Desktop,7,4,0,21,0.0,105,1440x900,Edge,en-IN,-330,landscape,Bengaluru,1625.49,2025-01-17 08:29:17,260,0,normal
user_113,session_1136,Mobile,6,11,8,21,0.6,105,414x896,Safari,en-IN,-330,landscape,Delhi,28.15,2025-02-01 13:08:48,34,0,normal
user_86,session_869,Desktop,4,8,0,16,0.0,100,1920x1080,Chrome,en-IN,-330,landscape,Pune,5010.5,2025-05-20 20:48:55,68,0,normal
user_30,session_306,Desktop,8,11,0,11,0.0,263,1440x900,Firefox,en-US,-330,landscape,Mumbai,10144.07,2025-02-23 09:36:18,370,0,normal
user_184,session_1850,Desktop,6,8,0,16,0.0,257,1440x900,Firefox,en-IN,-330,landscape,Bengaluru,6984.17,2025-04-14 20:02:51,215,0,normal
user_223,session_2237,Mobile,4,6,3,18,0.55,328,414x896,Edge,en-US,-330,landscape,Kolkata,732.85,2025-04-03 17:58:08,20,0,normal
user_198,session_1989,Desktop,6,12,0,11,0.0,45,1920x1080,Safari,en-IN,-330,landscape,Chennai,1547.35,2025-05-22 16:23:17,350,0,normal
user_596,session_5968,Tablet,5,5,5,14,0.0,188,810x1080,Safari,en-IN,-330,landscape,Delhi,4745.01,2025-03-31 23:46:39,59,0,normal
user_153,session_1535,Desktop,10,9,0,8,0.0,308,1920x1080,Safari,en-IN,-330,landscape,Hyderabad,862.57,2025-04-24 21:58:46,106,0,normal
user_84,session_844,Desktop,4,7,0,10,0.0,220,1920x1080,Chrome,en-US,-330,landscape,Mumbai,948.27,2025-04-30 15:18:42,267,0,normal
user_198,session_1988,Desktop,8,7,0,30,0.0,86,1920x1080,Safari,en-IN,-330,landscape,Chennai,3037.9,2025-04-12 14:54:28,345,0,normal
user_559,session_5596,Mobile,9,14,9,6,1.19,91,414x896,Safari,en-US,-330,portrait,Mumbai,3269.19,2025-05-13 08:22:55,50,0,normal
user_384,session_3842,Mobile,3,9,2,6,0.36,153,414x896,Chrome,en-US,-330,portrait,Hyderabad,7298.43,2025-01-07 14:03:08,10,0,normal
user_253,session_2537,Desktop,7,7,0,10,0.0,363,1920x1080,Chrome,en-US,-330,landscape,Bengaluru,2844.03,2025-05-12 13:13:55,292,0,normal
user_528,session_5281,Tablet,3,5,6,20,0.23,96,768x1024,Chrome,en-IN,-330,landscape,Delhi,325.94,2025-05-28 13:21:53,51,0,normal
user_153,session_1539,Desktop,4,0,0,14,0.0,265,1920x1080,Safari,en-IN,-330,landscape,Hyderabad,762.68,2025-01-25 17:24:25,105,0,normal
user_21,session_212,Desktop,5,8,0,9,0.0,127,1920x1080,Safari,en-IN,-330,landscape,Pune,11334.42,2025-05-29 14:39:42,350,0,normal
user_195,session_1958,Desktop,7,9,0,4,0.0,129,1920x1080,Firefox,hi-IN,-330,landscape,Chennai,6955.32,2025-04-03 21:28:41,315,0,normal
user_372,session_3722,Desktop,6,6,0,23,0.0,175,1366x768,Edge,en-IN,-330,landscape,Mumbai,3131.91,2025-02-28 07:16:27,370,0,normal
user_470,session_4705,Desktop,5,2,0,21,0.0,79,1440x900,Firefox,en-IN,-330,landscape,Pune,3970.06,2025-05-28 15:18:26,228,0,normal
user_270,session_2708,Mobile,7,4,5,14,0.66,255,360x640,Chrome,hi-IN,-330,landscape,Delhi,748.46,2025-01-01 19:04:56,28,0,normal
user_134,session_1350,Desktop,5,15,0,8,0.0,89,1920x1080,Edge,en-IN,-330,landscape,Pune,2131.74,2025-04-07 15:46:54,328,0,normal
user_430,session_4309,Mobile,5,4,4,12,1.21,152,414x896,Firefox,en-IN,-330,portrait,Kolkata,6070.92,2025-05-30 16:17:23,51,0,normal
user_458,session_4588,Mobile,9,15,5,15,0.43,187,360x640,Firefox,en-US,-330,landscape,Delhi,3974.56,2025-04-01 13:23:00,9,0,normal
user_68,session_681,Mobile,9,11,3,15,0.26,206,360x640,Chrome,en-IN,-330,landscape,Mumbai,693.7,2025-01-30 17:28:32,30,0,normal
user_18,session_181,Mobile,7,17,6,10,0.41,117,414x896,Safari,en-IN,-330,portrait,Delhi,1763.17,2025-01-02 14:06:59,48,0,normal
user_375,session_3758,Desktop,6,5,0,11,0.0,103,1440x900,Firefox,hi-IN,-330,landscape,Pune,5563.52,2025-04-29 13:04:36,446,0,normal
user_222,session_2227,Desktop,3,10,0,8,0.0,160,1920x1080,Chrome,en-IN,-330,landscape,Bengaluru,1572.46,2025-03-22 18:26:27,266,0,normal
user_329,session_3291,Mobile,6,18,5,31,0.34,97,390x844,Safari,en-IN,-330,landscape,Ahmedabad,1964.83,2025-01-06 10:59:39,23,0,normal
user_27,session_279,Desktop,1,0,0,14,0.0,256,1920x1080,Edge,en-US,-330,landscape,Ahmedabad,6575.21,2025-01-01 11:31:23,204,0,normal
user_28,session_290,Desktop,3,8,0,4,0.0,202,1440x900,Safari,en-US,-330,landscape,Bengaluru,6268.62,2025-05-06 14:20:51,374,0,normal
user_472,session_4729,Mobile,7,10,9,25,0.56,190,360x640,Safari,en-IN,-330,portrait,Kolkata,2882.84,2025-01-27 20:48:33,0,0,normal
user_99,session_994,Mobile,8,7,5,12,0.3,188,360x640,Chrome,en-IN,-330,landscape,Pune,343.42,2025-02-06 16:18:41,38,0,normal
user_509,session_5091,Desktop,8,4,0,20,0.0,185,1920x1080,Chrome,hi-IN,-330,landscape,Ahmedabad,2122.31,2025-02-16 16:15:42,377,0,normal
user_503,session_5039,Tablet,10,6,7,19,1.27,217,810x1080,Safari,en-IN,-330,landscape,Kolkata,5121.33,2025-05-14 16:45:28,41,0,normal
user_471,session_4713,Desktop,6,1,0,18,0.0,189,1440x900,Chrome,en-IN,-330,landscape,Ahmedabad,1386.92,2025-02-01 08:59:54,203,0,normal
user_480,session_4807,Desktop,0,5,0,17,0.0,194,1366x768,Safari,en-IN,-330,landscape,Pune,3999.9,2025-04-03 14:50:09,134,0,normal
user_27,session_271,Desktop,6,6,0,20,0.0,229,1920x1080,Edge,en-US,-330,landscape,Ahmedabad,8395.61,2025-02-12 08:09:47,362,0,normal
user_230,session_2305,Mobile,6,7,7,20,0.02,132,360x640,Edge,en-IN,-330,landscape,Bengaluru,4469.33,2025-01-22 14:29:33,28,0,normal
user_489,session_4896,Desktop,1,7,0,3,0.0,156,1440x900,Firefox,en-IN,-330,landscape,Ahmedabad,535.47,2025-05-09 21:24:40,85,0,normal
user_583,session_5833,Desktop,5,6,0,18,0.0,71,1440x900,Firefox,en-IN,-330,landscape,Bengaluru,6488.81,2025-01-05 15:51:58,466,0,normal
user_580,session_5806,Tablet,3,1,8,21,0.88,98,768x1024,Edge,en-IN,-330,landscape,Hyderabad,7734.93,2025-04-18 20:16:46,38,0,normal
user_11,session_112,Mobile,2,6,7,14,1.04,125,360x640,Chrome,en-IN,-330,landscape,Delhi,3991.38,2025-04-08 13:17:44,42,0,normal
user_139,session_1392,Tablet,4,6,0,12,0.51,89,768x1024,Chrome,en-IN,-330,landscape,Hyderabad,2845.7,2025-04-11 17:38:12,44,0,normal
user_22,session_221,Mobile,5,6,4,19,0.3,243,414x896,Safari,en-IN,-330,landscape,Ahmedabad,386.21,2025-04-18 08:30:29,51,0,normal
user_520,session_5204,Desktop,8,8,0,6,0.0,242,1920x1080,Edge,hi-IN,-330,landscape,Hyderabad,6063.03,2025-05-22 18:21:07,233,0,normal
user_8,session_84,Mobile,8,11,4,12,0.56,109,390x844,Firefox,en-US,-330,portrait,Bengaluru,1255.02,2025-01-31 17:19:07,37,0,normal
user_343,session_3434,Desktop,3,5,0,5,0.0,251,1920x1080,Firefox,en-IN,-330,landscape,Hyderabad,5863.0,2025-04-27 20:29:39,97,0,normal
user_46,session_462,Mobile,9,6,8,5,0.11,277,414x896,Edge,en-IN,-330,portrait,Pune,3822.12,2025-01-29 13:41:20,12,0,normal
user_527,session_5272,Desktop,9,5,0,23,0.0,280,1920x1080,Edge,hi-IN,-330,landscape,Ahmedabad,6815.45,2025-05-04 13:04:45,355,0,normal
user_55,session_552,Desktop,6,0,0,19,0.0,76,1366x768,Chrome,hi-IN,-330,landscape,Kolkata,856.07,2025-05-14 22:30:01,210,0,normal
user_504,session_5041,Desktop,6,14,0,5,0.0,112,1440x900,Firefox,en-IN,-330,landscape,Ahmedabad,1275.66,2025-05-21 12:46:55,302,0,normal
user_469,session_4695,Desktop,10,6,0,9,0.0,233,1440x900,Chrome,en-IN,-330,landscape,Ahmedabad,5744.0,2025-05-11 15:59:11,465,0,normal
user_276,session_2766,Tablet,7,1,6,7,0.0,104,768x1024,Safari,en-IN,-330,portrait,Delhi,6097.11,2025-03-06 13:18:00,28,0,normal
user_516,session_5166,Desktop,2,13,0,20,0.0,64,1920x1080,Safari,en-IN,-330,landscape,Ahmedabad,1086.22,2025-05-11 09:17:06,531,0,normal
user_295,session_2953,Mobile,4,2,7,18,1.09,46,414x896,Edge,en-IN,-330,portrait,Ahmedabad,2410.68,2025-03-13 08:43:56,46,0,normal
user_65,session_651,Desktop,11,9,0,22,0.0,110,1920x1080,Edge,en-US,-330,landscape,Kolkata,672.75,2025-02-26 23:36:49,426,0,normal
user_70,session_709,Desktop,7,11,0,13,0.0,329,1440x900,Edge,en-IN,-330,landscape,Kolkata,1370.33,2025-04-25 14:47:25,263,0,normal
user_474,session_4744,Desktop,10,9,0,12,0.0,320,1920x1080,Firefox,en-US,-330,landscape,Pune,3833.21,2025-03-19 18:42:34,263,0,normal
user_240,session_2410,Tablet,3,5,3,13,1.01,109,768x1024,Firefox,en-US,-330,portrait,Pune,752.29,2025-01-11 20:28:02,25,0,normal
user_241,session_2415,Desktop,5,4,0,6,0.0,98,1440x900,Firefox,en-IN,-330,landscape,Chennai,5138.7,2025-01-29 17:19:44,368,0,normal
user_142,session_1425,Desktop,6,12,0,11,0.0,113,1440x900,Chrome,en-IN,-330,landscape,Chennai,6557.26,2025-02-06 11:56:39,405,0,normal
user_121,session_1217,Desktop,0,10,0,3,0.0,96,1440x900,Firefox,en-IN,-330,landscape,Pune,2873.01,2025-02-03 09:15:31,447,0,normal
user_457,session_4577,Mobile,5,8,4,22,0.76,179,360x640,Safari,hi-IN,-330,portrait,Delhi,6368.22,2025-01-06 23:03:44,46,0,normal
user_192,session_1925,Mobile,6,0,3,15,0.42,76,360x640,Edge,en-IN,-330,landscape,Pune,1290.98,2025-05-29 11:02:07,43,0,normal
user_490,session_4910,Desktop,0,7,0,16,0.0,46,1366x768,Firefox,en-US,-330,landscape,Delhi,677.18,2025-03-05 10:52:47,291,0,normal
user_268,session_2684,Desktop,11,2,0,12,0.0,271,1440x900,Edge,en-US,-330,landscape,Mumbai,5490.87,2025-03-30 09:43:25,473,0,normal
user_31,session_315,Desktop,6,8,0,11,0.0,89,1366x768,Safari,en-IN,-330,landscape,Delhi,8923.94,2025-02-24 08:29:17,69,0,normal
user_272,session_2729,Desktop,7,9,0,16,0.0,104,1440x900,Edge,en-IN,-330,landscape,Mumbai,3034.39,2025-03-17 19:07:28,171,0,normal
user_142,session_1428,Desktop,5,13,0,11,0.0,131,1440x900,Chrome,en-IN,-330,landscape,Chennai,6378.72,2025-02-21 10:51:53,438,0,normal
user_507,session_5075,Mobile,10,6,6,11,0.26,81,414x896,Edge,en-IN,-330,landscape,Chennai,4789.84,2025-04-06 11:21:23,64,0,normal
user_475,session_4754,Desktop,5,12,0,19,0.0,170,1920x1080,Edge,en-US,-330,landscape,Ahmedabad,4439.15,2025-05-25 09:40:07,333,0,normal
user_411,session_4120,Desktop,8,7,0,11,0.0,172,1440x900,Safari,en-IN,-330,landscape,Chennai,9419.82,2025-02-03 11:35:58,553,0,normal
user_386,session_3865,Mobile,3,4,5,5,0.61,204,390x844,Safari,en-IN,-330,landscape,Pune,9645.67,2025-02-10 11:43:55,28,0,normal
user_321,session_3215,Desktop,4,7,0,14,0.0,82,1920x1080,Safari,en-IN,-330,landscape,Hyderabad,3934.4,2025-05-30 17:59:54,231,0,normal
user_441,session_4415,Mobile,8,8,2,9,1.02,146,360x640,Safari,en-IN,-330,portrait,Ahmedabad,469.5,2025-04-15 18:07:49,80,0,normal
user_382,session_3828,Desktop,5,10,0,22,0.0,105,1920x1080,Edge,en-IN,-330,landscape,Pune,9211.43,2025-04-07 19:31:26,382,0,normal
user_599,session_6000,Tablet,6,0,3,8,0.39,126,810x1080,Edge,en-IN,-330,landscape,Kolkata,2878.57,2025-05-14 09:22:29,55,0,normal
user_252,session_2526,Desktop,8,16,0,15,0.0,59,1366x768,Firefox,en-US,-330,landscape,Ahmedabad,1682.84,2025-05-16 08:14:42,191,0,normal
user_68,session_685,Desktop,21,14,10,7,0.91,158,1440x900,Edge,en-IN,-330,landscape,Chennai,500.0,2025-05-12 17:02:35,42,1,account_takeover
user_439,session_4395,Mobile,1,11,5,12,0.5,178,390x844,Safari,en-IN,-330,portrait,Ahmedabad,3887.87,2025-04-12 19:02:47,33,0,normal
user_252,session_2522,Desktop,7,8,0,22,0.0,98,1366x768,Firefox,en-US,-330,landscape,Ahmedabad,1890.86,2025-02-21 08:53:36,102,0,normal
user_290,session_2909,Desktop,1,5,0,6,0.0,33,1440x900,Chrome,en-IN,-330,landscape,Kolkata,3402.72,2025-01-19 16:34:07,284,0,normal
user_238,session_2390,Mobile,2,0,1,9,1.21,172,360x640,Safari,en-IN,-330,landscape,Bengaluru,4115.49,2025-03-06 11:57:46,70,0,normal
user_32,session_327,Desktop,5,0,0,14,0.0,292,1920x1080,Firefox,en-IN,-330,landscape,Pune,8895.39,2025-05-24 13:35:54,198,0,normal
user_501,session_5014,Desktop,10,11,0,8,0.0,43,1366x768,Safari,en-IN,-330,landscape,Kolkata,532.82,2025-02-17 11:10:16,352,0,normal
user_259,session_2593,Desktop,6,13,0,13,0.0,206,1366x768,Edge,en-IN,-330,landscape,Delhi,3749.74,2025-02-20 15:34:01,457,0,normal
user_518,session_5186,Mobile,4,11,4,14,0.0,191,414x896,Chrome,en-IN,-330,portrait,Mumbai,1514.22,2025-04-16 21:40:17,56,0,normal
user_292,session_2928,Desktop,2,9,0,23,0.0,60,1920x1080,Chrome,en-IN,-330,landscape,Pune,3231.89,2025-01-07 07:18:10,187,0,normal
user_405,session_4051,Mobile,1,0,3,22,0.96,114,414x896,Firefox,en-IN,-330,portrait,Kolkata,9047.39,2025-01-21 12:12:58,21,0,normal
user_580,session_5807,Tablet,9,3,9,13,0.0,120,768x1024,Edge,en-IN,-330,portrait,Hyderabad,5488.37,2025-05-29 18:52:41,37,0,normal
user_378,session_3786,Desktop,12,8,0,23,0.0,108,1920x1080,Safari,en-IN,-330,landscape,Ahmedabad,6760.77,2025-04-07 22:17:34,478,0,normal
user_34,session_349,Desktop,8,13,0,16,0.0,154,1440x900,Firefox,hi-IN,-330,landscape,Kolkata,4257.46,2025-01-05 14:14:34,471,0,normal
user_162,session_1627,Desktop,0,2,0,9,0.0,250,1920x1080,Safari,en-IN,-330,landscape,Ahmedabad,4057.01,2025-05-07 17:31:32,361,0,normal
user_441,session_4411,Mobile,4,9,0,23,1.02,152,360x640,Safari,en-IN,-330,portrait,Ahmedabad,325.72,2025-01-27 16:15:49,50,0,normal
user_87,session_872,Mobile,5,7,6,16,1.04,102,414x896,Firefox,en-IN,-330,portrait,Mumbai,5896.33,2025-02-01 18:06:12,41,0,normal
user_335,session_3359,Desktop,3,8,0,30,0.0,222,1440x900,Firefox,en-US,-330,landscape,Ahmedabad,1384.59,2025-04-22 12:47:10,88,0,normal
user_233,session_2340,Desktop,4,8,0,14,0.0,24,1366x768,Firefox,hi-IN,-330,landscape,Mumbai,2134.75,2025-05-27 17:07:39,56,0,normal
user_470,session_4704,Desktop,6,3,0,4,0.0,118,1440x900,Firefox,en-IN,-330,landscape,Pune,4536.25,2025-02-06 15:05:13,246,0,normal
user_212,session_2122,Mobile,13,9,1,10,0.82,78,414x896,Safari,en-IN,-330,landscape,Bengaluru,8428.45,2025-04-10 05:43:45,39,0,normal
user_392,session_3928,Desktop,1,2,0,27,0.0,131,1366x768,Safari,en-IN,-330,landscape,Delhi,2480.03,2025-05-05 14:52:38,226,0,normal
user_8,session_86,Mobile,14,9,9,20,0.2,150,390x844,Firefox,en-US,-330,landscape,Bengaluru,1769.05,2025-03-19 15:34:40,47,0,normal
user_281,session_2819,Desktop,12,9,0,19,0.0,161,1920x1080,Firefox,en-IN,-330,landscape,Ahmedabad,707.23,2025-02-26 12:17:44,416,0,normal
user_187,session_1878,Desktop,6,0,0,14,0.0,72,1920x1080,Safari,en-IN,-330,landscape,Kolkata,1744.35,2025-05-09 23:24:24,87,0,normal
user_568,session_5690,Desktop,4,2,0,13,0.0,146,1366x768,Firefox,en-US,-330,landscape,Ahmedabad,443.61,2025-05-25 11:31:38,134,0,normal
user_408,session_4086,Mobile,9,0,8,16,0.01,138,414x896,Firefox,en-IN,-330,landscape,Ahmedabad,820.72,2025-04-25 17:41:31,35,0,normal
user_237,session_2376,Desktop,8,6,0,6,0.0,103,1440x900,Safari,en-IN,-330,landscape,Bengaluru,2137.07,2025-05-03 08:48:59,299,0,normal
user_49,session_495,Tablet,5,11,15,16,0.08,112,810x1080,Firefox,en-IN,-330,portrait,Ahmedabad,6042.53,2025-04-27 15:21:32,25,0,normal
user_296,session_2967,Desktop,0,4,0,0,0.0,167,1366x768,Chrome,en-IN,-330,landscape,Chennai,3980.4,2025-01-20 15:39:19,292,0,normal
user_310,session_3110,Desktop,2,4,0,8,0.0,92,1920x1080,Safari,en-IN,-330,landscape,Hyderabad,884.81,2025-04-24 18:39:49,101,0,normal
user_275,session_2760,Mobile,2,4,2,15,1.87,93,360x640,Edge,en-US,-330,portrait,Mumbai,4925.14,2025-01-14 10:10:37,39,0,normal
user_127,session_1271,Mobile,9,4,8,14,0.48,129,390x844,Chrome,en-US,-330,landscape,Delhi,3279.1,2025-04-15 17:13:29,27,0,normal
user_265,session_2655,Mobile,3,13,0,21,0.66,70,360x640,Firefox,en-IN,-330,portrait,Chennai,367.96,2025-02-02 15:39:44,47,0,normal
user_263,session_2634,Mobile,5,5,4,12,1.08,313,390x844,Firefox,hi-IN,-330,portrait,Chennai,7608.29,2025-04-03 14:51:43,25,0,normal
user_495,session_4955,Desktop,5,10,0,10,0.0,165,1440x900,Chrome,en-IN,-330,landscape,Bengaluru,8114.55,2025-03-17 12:18:29,456,0,normal
user_61,session_619,Desktop,8,7,0,9,0.0,102,1440x900,Edge,en-IN,-330,landscape,Chennai,11111.85,2025-01-18 07:30:35,302,0,normal
user_513,session_5131,Desktop,5,13,0,16,0.0,143,1920x1080,Safari,en-US,-330,landscape,Kolkata,2754.01,2025-05-14 19:20:19,0,0,normal
user_262,session_2630,Mobile,3,11,9,24,0.33,143,414x896,Safari,hi-IN,-330,landscape,Delhi,1781.76,2025-01-29 08:28:13,23,0,normal
user_282,session_2827,Desktop,12,5,0,14,0.0,122,1440x900,Chrome,en-IN,-330,landscape,Kolkata,3253.03,2025-02-05 10:28:53,217,0,normal
user_522,session_5228,Desktop,2,2,0,4,0.0,60,1920x1080,Firefox,hi-IN,-330,landscape,Pune,5278.52,2025-01-21 13:48:57,426,0,normal
user_222,session_2230,Desktop,4,7,0,17,0.0,189,1920x1080,Chrome,en-IN,-330,landscape,Bengaluru,1962.05,2025-03-25 17:23:05,225,0,normal
user_503,session_5033,Tablet,6,9,5,16,0.53,288,810x1080,Safari,en-IN,-330,landscape,Kolkata,5343.59,2025-02-08 12:42:49,29,0,normal
user_141,session_1414,Desktop,3,9,0,15,0.0,71,1366x768,Edge,en-IN,-330,landscape,Bengaluru,5903.87,2025-04-03 11:38:56,336,0,normal
user_220,session_2202,Tablet,6,3,5,18,0.27,128,810x1080,Firefox,en-IN,-330,landscape,Bengaluru,2024.47,2025-01-30 11:13:58,41,0,normal
user_496,session_4964,Desktop,5,11,0,16,0.0,117,1366x768,Edge,en-IN,-330,landscape,Chennai,2444.02,2025-03-21 12:21:57,515,0,normal
user_447,session_4478,Tablet,7,9,9,15,1.15,95,768x1024,Firefox,hi-IN,-330,portrait,Mumbai,1506.26,2025-01-08 11:42:47,24,0,normal
user_86,session_870,Desktop,3,1,0,19,0.0,161,1920x1080,Chrome,en-IN,-330,landscape,Pune,7074.28,2025-02-10 20:07:59,220,0,normal
user_200,session_2007,Desktop,7,8,0,25,0.0,180,1366x768,Firefox,en-US,-330,landscape,Kolkata,2507.78,2025-01-26 13:15:27,353,0,normal
user_414,session_4148,Desktop,3,9,0,8,0.0,266,1920x1080,Edge,hi-IN,-330,landscape,Chennai,518.46,2025-03-01 16:47:21,326,0,normal
user_35,session_357,Mobile,6,13,5,10,0.59,125,360x640,Edge,en-IN,-330,portrait,Mumbai,4711.01,2025-05-07 14:21:42,76,0,normal
user_116,session_1163,Mobile,7,10,4,12,0.16,158,414x896,Chrome,en-IN,-330,landscape,Delhi,10777.94,2025-01-08 21:09:48,62,0,normal
user_455,session_4555,Desktop,5,5,0,2,0.0,200,1920x1080,Firefox,en-US,-330,landscape,Ahmedabad,5717.32,2025-01-24 17:22:50,133,0,normal
user_240,session_2407,Tablet,6,6,2,16,1.16,158,768x1024,Firefox,en-US,-330,landscape,Pune,579.0,2025-01-27 22:27:47,24,0,normal
user_591,session_5916,Mobile,11,10,6,13,0.78,152,390x844,Chrome,hi-IN,-330,portrait,Kolkata,4901.26,2025-04-12 20:38:31,50,0,normal
user_189,session_1891,Desktop,7,11,0,13,0.0,67,1440x900,Safari,en-IN,-330,landscape,Delhi,2226.75,2025-03-30 12:30:08,498,0,normal
user_57,session_580,Desktop,3,10,0,18,0.0,69,1366x768,Edge,en-IN,-330,landscape,Bengaluru,7060.09,2025-03-06 11:40:46,366,0,normal
user_255,session_2553,Desktop,8,7,0,7,0.0,119,1920x1080,Safari,en-IN,-330,landscape,Mumbai,2274.53,2025-04-29 14:43:24,465,0,normal
user_169,session_1692,Desktop,3,3,0,7,0.0,288,1366x768,Safari,en-IN,-330,landscape,Mumbai,1429.62,2025-05-10 16:20:24,162,0,normal
user_86,session_863,Desktop,10,5,0,11,0.0,235,1920x1080,Chrome,en-IN,-330,landscape,Pune,3939.34,2025-05-18 18:43:44,225,0,normal
user_536,session_5370,Mobile,11,6,5,6,0.63,183,360x640,Firefox,en-IN,-330,landscape,Bengaluru,3203.91,2025-01-06 13:45:57,44,0,normal
user_581,session_5811,Desktop,5,13,0,5,0.0,46,1440x900,Edge,hi-IN,-330,landscape,Pune,9203.75,2025-04-25 17:51:58,482,0,normal
user_478,session_4790,Mobile,5,4,3,9,0.2,64,414x896,Chrome,hi-IN,-330,landscape,Bengaluru,5715.16,2025-03-08 13:19:38,49,0,normal
user_464,session_4646,Tablet,7,9,3,9,0.43,105,768x1024,Chrome,en-IN,-330,portrait,Chennai,1854.36,2025-04-01 10:38:48,39,0,normal
user_111,session_1117,Desktop,7,8,0,21,0.0,48,1440x900,Edge,en-IN,-330,landscape,Ahmedabad,1198.09,2025-04-19 10:23:36,399,0,normal
user_154,session_1542,Desktop,3,8,0,22,0.0,46,1366x768,Chrome,en-IN,-330,landscape,Pune,2828.44,2025-01-02 12:33:59,160,0,normal
user_379,session_3791,Desktop,9,11,0,8,0.0,97,1920x1080,Chrome,en-US,-330,landscape,Hyderabad,2738.95,2025-02-19 11:26:20,164,0,normal
user_461,session_4616,Desktop,9,8,0,14,0.0,108,1440x900,Edge,en-IN,-330,landscape,Ahmedabad,2469.77,2025-01-22 15:53:57,316,0,normal
user_551,session_5519,Desktop,8,8,0,1,0.0,108,1366x768,Firefox,hi-IN,-330,landscape,Hyderabad,3212.97,2025-04-28 18:36:30,167,0,normal
user_329,session_3296,Mobile,8,3,9,25,0.43,111,390x844,Safari,en-IN,-330,landscape,Ahmedabad,3102.39,2025-05-26 12:52:18,59,0,normal
user_529,session_5299,Mobile,5,12,4,24,0.6,48,360x640,Safari,en-IN,-330,portrait,Bengaluru,4310.76,2025-01-14 06:41:58,0,0,normal
user_531,session_5314,Desktop,8,9,0,15,0.0,195,1366x768,Chrome,hi-IN,-330,landscape,Mumbai,8700.32,2025-03-12 17:55:12,376,0,normal
user_590,session_5905,Desktop,6,7,0,15,0.0,39,1366x768,Firefox,en-IN,-330,landscape,Pune,4752.17,2025-01-18 16:25:53,396,0,normal
user_304,session_3048,Desktop,3,14,0,13,0.0,218,1440x900,Edge,en-US,-330,landscape,Mumbai,11923.05,2025-03-19 11:47:06,182,0,normal
user_572,session_5724,Tablet,9,12,8,20,1.21,57,810x1080,Safari,en-IN,-330,portrait,Kolkata,9693.04,2025-01-18 16:58:50,19,0,normal
user_243,session_2438,Mobile,16,5,6,14,0.28,68,390x844,Chrome,en-IN,-330,portrait,Bengaluru,10333.47,2025-05-15 18:50:01,40,0,normal
user_575,session_5755,Mobile,3,12,4,10,1.56,82,360x640,Edge,en-IN,-330,portrait,Chennai,3748.28,2025-03-12 16:59:46,22,0,normal
user_205,session_2053,Tablet,8,8,4,13,0.41,33,768x1024,Chrome,en-US,-330,portrait,Ahmedabad,2142.25,2025-05-30 16:35:46,51,0,normal
user_177,session_1777,Mobile,5,4,4,15,0.16,244,390x844,Edge,en-IN,-330,landscape,Mumbai,551.09,2025-05-29 17:43:28,26,0,normal
user_326,session_3270,Desktop,7,3,0,10,0.0,198,1440x900,Safari,en-IN,-330,landscape,Bengaluru,4024.89,2025-05-17 12:54:24,105,0,normal
user_430,session_4303,Mobile,8,5,9,13,0.22,141,414x896,Firefox,en-IN,-330,landscape,Kolkata,726.5,2025-02-23 17:23:45,23,0,normal
user_159,session_1593,Desktop,3,12,0,19,0.0,162,1440x900,Chrome,en-IN,-330,landscape,Hyderabad,1193.56,2025-03-13 16:05:16,235,0,normal
user_172,session_1724,Desktop,6,7,0,15,0.0,194,1440x900,Edge,en-IN,-330,landscape,Chennai,3436.6,2025-01-24 08:58:03,505,0,normal
user_469,session_4694,Desktop,8,8,0,23,0.0,170,1440x900,Chrome,en-IN,-330,landscape,Ahmedabad,4386.19,2025-02-19 16:07:02,392,0,normal
user_404,session_4042,Mobile,6,9,6,3,0.58,151,414x896,Safari,en-IN,-330,portrait,Hyderabad,6847.14,2025-01-07 07:16:10,19,0,normal
user_49,session_491,Tablet,6,11,0,4,0.64,155,810x1080,Firefox,en-IN,-330,portrait,Ahmedabad,7065.24,2025-01-22 11:01:01,68,0,normal
user_507,session_5078,Mobile,5,11,2,33,0.74,45,414x896,Edge,en-IN,-330,landscape,Chennai,2538.25,2025-01-24 11:42:37,19,0,normal
user_100,session_1007,Desktop,6,7,0,21,0.0,161,1366x768,Edge,en-IN,-330,landscape,Bengaluru,8087.68,2025-04-26 15:52:10,392,0,normal
user_314,session_3149,Mobile,2,9,6,3,1.04,98,414x896,Firefox,hi-IN,-330,portrait,Ahmedabad,3919.07,2025-04-23 20:06:15,47,0,normal
user_424,session_4249,Mobile,1,2,0,9,0.0,118,414x896,Firefox,en-IN,-330,portrait,Kolkata,1004.99,2025-02-27 16:08:57,447,1,device_spoof
user_141,session_1418,Desktop,8,15,0,15,0.0,70,1366x768,Edge,en-IN,-330,landscape,Bengaluru,5126.48,2025-04-28 09:20:39,435,0,normal
user_2,session_26,Mobile,6,2,1,17,0.32,171,414x896,Safari,en-IN,-330,portrait,Mumbai,3810.62,2025-01-05 16:44:40,59,0,normal
user_111,session_1114,Desktop,11,6,0,14,0.0,82,1440x900,Edge,en-IN,-330,landscape,Ahmedabad,1028.5,2025-01-27 10:04:18,352,0,normal
user_558,session_5586,Mobile,6,15,7,25,1.1,143,390x844,Firefox,en-IN,-330,landscape,Delhi,3586.33,2025-04-19 08:55:55,22,0,normal
user_155,session_1553,Mobile,0,6,3,18,1.18,145,390x844,Firefox,en-IN,-330,portrait,Chennai,8995.88,2025-01-18 13:32:01,45,0,normal
user_512,session_5124,Desktop,3,4,0,8,0.0,57,1440x900,Chrome,hi-IN,-330,landscape,Chennai,3740.92,2025-05-27 13:09:50,258,0,normal
user_448,session_4483,Desktop,7,6,0,20,0.0,76,1920x1080,Firefox,en-IN,-330,landscape,Bengaluru,663.0,2025-05-27 09:17:33,111,0,normal
user_43,session_434,Desktop,9,8,0,15,0.0,141,1366x768,Safari,en-IN,-330,landscape,Delhi,3238.17,2025-02-05 11:30:55,228,0,normal
user_292,session_2927,Desktop,7,9,0,20,0.0,50,1920x1080,Chrome,en-IN,-330,landscape,Pune,9548.43,2025-04-28 07:27:23,583,0,normal
user_385,session_3858,Mobile,13,6,3,20,1.0,293,390x844,Firefox,en-IN,-330,portrait,Bengaluru,6360.36,2025-05-25 13:24:31,34,0,normal
user_401,session_4016,Desktop,10,12,0,18,0.0,359,1920x1080,Edge,en-IN,-330,landscape,Hyderabad,3798.04,2025-04-06 10:36:27,363,0,normal
user_296,session_2964,Desktop,7,10,0,10,0.0,119,1366x768,Chrome,en-IN,-330,landscape,Chennai,4183.71,2025-05-19 16:01:02,190,0,normal
user_309,session_3099,Mobile,8,10,5,16,0.64,110,360x640,Chrome,en-IN,-330,landscape,Mumbai,5740.11,2025-01-03 15:31:21,35,0,normal
user_587,session_5876,Desktop,5,9,0,24,0.0,237,1440x900,Chrome,en-IN,-330,landscape,Bengaluru,6809.76,2025-02-13 14:35:58,244,0,normal
user_445,session_4457,Mobile,6,6,3,3,0.84,274,390x844,Firefox,en-IN,-330,landscape,Ahmedabad,6105.93,2025-01-08 15:54:43,18,0,normal
user_454,session_4541,Mobile,4,3,0,3,0.48,211,360x640,Chrome,hi-IN,-330,portrait,Pune,334.14,2025-03-25 13:44:05,33,0,normal
user_576,session_5769,Desktop,6,9,0,10,0.0,194,1920x1080,Firefox,en-IN,-330,landscape,Pune,1015.76,2025-01-30 21:59:23,296,0,normal
user_110,session_1103,Desktop,4,15,0,15,0.0,273,1920x1080,Firefox,en-IN,-330,landscape,Chennai,2723.55,2025-04-18 13:58:37,635,0,normal
user_506,session_5066,Desktop,5,12,0,5,0.0,58,1440x900,Safari,en-US,-330,landscape,Hyderabad,8844.49,2025-03-18 16:04:10,293,0,normal
user_451,session_4518,Mobile,6,7,8,30,0.96,155,414x896,Firefox,en-IN,-330,portrait,Ahmedabad,955.27,2025-03-08 17:35:37,50,0,normal
user_416,session_4163,Mobile,0,9,5,0,0.72,152,360x640,Safari,en-US,-330,portrait,Bengaluru,8436.64,2025-04-20 07:04:32,38,0,normal
user_19,session_195,Desktop,6,0,0,13,0.0,23,1920x1080,Chrome,en-IN,-330,landscape,Chennai,5000.92,2025-01-13 19:03:36,203,0,normal
user_61,session_616,Desktop,12,4,0,16,0.0,88,1440x900,Edge,en-IN,-330,landscape,Chennai,4145.3,2025-05-11 04:24:10,291,0,normal
user_64,session_644,Desktop,9,10,0,6,0.0,234,1366x768,Edge,en-IN,-330,landscape,Mumbai,507.53,2025-01-30 17:20:14,300,0,normal
user_430,session_4310,Mobile,4,10,1,22,0.82,84,414x896,Firefox,en-IN,-330,landscape,Kolkata,4333.73,2025-03-30 16:46:46,31,0,normal
user_315,session_3154,Desktop,1,13,0,10,0.0,50,1440x900,Edge,hi-IN,-330,landscape,Bengaluru,5577.23,2025-05-06 11:03:42,142,0,normal
user_507,session_5071,Mobile,6,11,7,30,0.25,64,414x896,Edge,en-IN,-330,landscape,Chennai,626.87,2025-04-16 07:12:19,58,0,normal
user_33,session_331,Mobile,4,0,1,21,1.13,161,390x844,Edge,en-IN,-330,landscape,Delhi,3784.68,2025-01-17 11:34:11,56,0,normal
user_382,session_3826,Desktop,8,17,0,11,0.0,133,1920x1080,Edge,en-IN,-330,landscape,Pune,5082.98,2025-01-25 14:08:32,234,0,normal
user_451,session_4516,Mobile,6,3,5,8,0.58,153,414x896,Firefox,en-IN,-330,landscape,Ahmedabad,989.93,2025-04-08 18:30:31,53,0,normal
user_311,session_3114,Desktop,7,7,0,15,0.0,171,1440x900,Safari,en-IN,-330,landscape,Delhi,3101.02,2025-02-20 10:28:03,450,0,normal
user_536,session_5366,Mobile,3,5,2,13,0.26,98,360x640,Firefox,en-IN,-330,portrait,Bengaluru,3514.22,2025-04-11 15:31:35,12,0,normal
user_48,session_484,Desktop,4,4,0,18,0.0,68,1440x900,Safari,en-IN,-330,landscape,Hyderabad,1640.9,2025-01-06 13:01:48,108,0,normal
user_519,session_5198,Desktop,6,15,0,21,0.0,294,1366x768,Firefox,en-IN,-330,landscape,Chennai,8162.89,2025-04-22 16:17:54,626,0,normal
user_267,session_2672,Mobile,6,6,5,16,0.95,183,390x844,Safari,en-IN,-330,portrait,Delhi,1715.24,2025-04-10 07:52:31,10,0,normal
user_205,session_2060,Tablet,8,6,2,14,1.04,106,768x1024,Chrome,en-US,-330,portrait,Ahmedabad,5865.93,2025-04-13 19:44:03,39,0,normal
user_467,session_4679,Mobile,4,7,1,22,0.97,141,390x844,Edge,en-IN,-330,portrait,Mumbai,5101.73,2025-04-16 12:42:15,27,0,normal
user_3,session_33,Mobile,13,14,5,16,1.05,254,390x844,Firefox,hi-IN,-330,portrait,Bengaluru,1511.59,2025-01-27 11:35:49,57,0,normal
user_66,session_665,Mobile,5,12,7,12,0.51,122,390x844,Edge,en-US,-330,landscape,Pune,2696.48,2025-05-11 15:52:14,30,0,normal
user_515,session_5160,Mobile,11,10,8,1,0.84,28,390x844,Safari,en-IN,-330,landscape,Chennai,1680.06,2025-02-08 19:20:46,31,0,normal
user_418,session_4183,Tablet,8,7,8,24,0.82,99,768x1024,Chrome,en-IN,-330,portrait,Kolkata,3114.23,2025-04-22 18:39:20,60,0,normal
user_144,session_1445,Tablet,5,7,4,5,1.02,112,768x1024,Chrome,en-US,-330,landscape,Hyderabad,2424.76,2025-01-20 08:46:55,42,0,normal
user_239,session_2400,Desktop,7,5,0,15,0.0,151,1920x1080,Firefox,hi-IN,-330,landscape,Pune,7049.66,2025-03-18 09:34:48,559,0,normal
user_244,session_2442,Desktop,5,7,0,17,0.0,249,1366x768,Firefox,en-IN,-330,landscape,Delhi,6527.99,2025-03-21 07:41:57,278,0,normal
user_585,session_5853,Desktop,1,0,0,0,0.0,8,1920x1080,Safari,en-IN,-330,landscape,Mumbai,13651.58,2025-02-26 16:45:05,594,1,copy_paste_drain
user_170,session_1706,Mobile,7,15,5,14,1.06,92,414x896,Chrome,en-IN,-330,landscape,Chennai,3449.76,2025-05-26 21:53:13,36,0,normal
user_598,session_5983,Mobile,8,9,8,19,0.62,146,390x844,Edge,en-IN,-330,landscape,Kolkata,5134.98,2025-03-14 07:23:43,30,0,normal
user_285,session_2851,Mobile,4,9,5,8,0.98,99,390x844,Safari,hi-IN,-330,portrait,Pune,1540.34,2025-02-05 20:02:08,20,0,normal
user_550,session_5502,Desktop,1,5,0,6,0.0,42,1920x1080,Edge,en-IN,-330,landscape,Hyderabad,10261.79,2025-05-08 16:42:06,201,0,normal
user_227,session_2278,Desktop,7,15,0,4,0.0,116,1440x900,Safari,en-IN,-330,landscape,Ahmedabad,371.12,2025-05-08 14:17:54,232,0,normal
user_140,session_1402,Mobile,7,8,0,10,0.62,39,360x640,Edge,hi-IN,-330,landscape,Mumbai,1028.44,2025-05-07 22:13:35,28,0,normal
user_554,session_5549,Desktop,6,2,0,10,0.0,61,1920x1080,Firefox,en-IN,-330,landscape,Chennai,2172.37,2025-04-18 18:42:50,257,0,normal
user_17,session_171,Desktop,6,14,0,20,0.0,35,1366x768,Firefox,en-IN,-330,landscape,Bengaluru,3986.54,2025-02-19 14:13:05,366,0,normal
user_54,session_541,Desktop,7,7,0,19,0.0,118,1920x1080,Firefox,en-IN,-330,landscape,Chennai,5888.1,2025-02-26 13:37:14,68,0,normal
user_546,session_5466,Mobile,8,4,1,19,0.19,83,414x896,Edge,en-IN,-330,landscape,Bengaluru,8025.87,2025-02-14 12:19:58,52,0,normal
user_460,session_4606,Mobile,3,8,9,24,1.1,56,390x844,Edge,en-IN,-330,landscape,Ahmedabad,7910.1,2025-04-06 16:33:58,14,0,normal
user_245,session_2459,Desktop,4,5,0,12,0.0,76,1920x1080,Chrome,en-IN,-330,landscape,Pune,5490.67,2025-02-06 13:47:27,204,0,normal
user_390,session_3909,Mobile,9,10,4,20,0.0,148,360x640,Edge,en-IN,-330,portrait,Bengaluru,2575.76,2025-04-01 10:44:04,51,0,normal
user_67,session_675,Desktop,7,9,0,5,0.0,216,1920x1080,Firefox,en-US,-330,landscape,Kolkata,1828.27,2025-04-02 15:21:07,372,0,normal
user_291,session_2919,Mobile,9,9,2,11,0.66,121,360x640,Chrome,en-IN,-330,landscape,Mumbai,2617.24,2025-03-28 10:03:23,11,0,normal
user_407,session_4077,Mobile,5,10,5,15,0.45,237,360x640,Edge,en-IN,-330,portrait,Pune,4333.46,2025-03-05 11:10:59,64,0,normal
user_181,session_1816,Desktop,0,6,0,20,0.0,187,1366x768,Safari,en-IN,-330,landscape,Delhi,895.79,2025-01-31 21:57:57,138,0,normal
user_255,session_2555,Desktop,3,4,0,16,0.0,203,1920x1080,Safari,en-IN,-330,landscape,Mumbai,1912.29,2025-02-21 20:14:35,344,0,normal
user_210,session_2101,Desktop,4,1,0,13,0.0,31,1366x768,Chrome,en-IN,-330,landscape,Kolkata,6027.27,2025-01-19 11:40:45,241,0,normal
user_312,session_3126,Desktop,7,8,0,5,0.0,69,1920x1080,Firefox,en-IN,-330,landscape,Hyderabad,907.15,2025-05-05 17:10:48,146,0,normal
user_549,session_5494,Desktop,8,5,0,11,0.0,128,1440x900,Chrome,en-IN,-330,landscape,Pune,2526.37,2025-04-02 09:27:53,250,0,normal
user_210,session_2102,Desktop,5,8,0,12,0.0,138,1366x768,Chrome,en-IN,-330,landscape,Kolkata,10491.47,2025-02-16 12:22:47,312,0,normal
user_508,session_5081,Desktop,4,3,0,18,0.0,98,1366x768,Edge,en-US,-330,landscape,Bengaluru,20.0,2025-02-03 05:55:35,119,0,normal
user_280,session_2804,Tablet,6,8,8,30,0.0,41,810x1080,Safari,en-IN,-330,landscape,Hyderabad,5180.73,2025-03-31 13:43:31,29,0,normal
user_154,session_1549,Desktop,4,7,0,11,0.0,45,1366x768,Chrome,en-IN,-330,landscape,Pune,984.09,2025-02-04 14:53:27,189,0,normal
user_475,session_4751,Desktop,3,12,0,6,0.0,86,1920x1080,Edge,en-US,-330,landscape,Ahmedabad,2971.84,2025-03-16 05:40:32,172,0,normal
user_485,session_4851,Desktop,0,9,0,5,0.0,108,1440x900,Safari,en-IN,-330,landscape,Delhi,5771.83,2025-03-22 04:41:35,45,0,normal
user_35,session_356,Mobile,8,8,6,10,0.17,169,360x640,Edge,en-IN,-330,landscape,Mumbai,4177.99,2025-03-06 22:39:12,39,0,normal
user_264,session_2641,Desktop,0,5,0,5,0.0,51,1920x1080,Firefox,en-IN,-330,landscape,Ahmedabad,6533.09,2025-05-03 18:07:07,172,0,normal
user_416,session_4170,Mobile,1,7,1,11,0.48,179,360x640,Safari,en-US,-330,landscape,Bengaluru,10015.31,2025-03-29 13:07:03,50,0,normal
user_467,session_4677,Mobile,8,7,6,23,0.54,177,390x844,Edge,en-IN,-330,portrait,Mumbai,10213.81,2025-05-27 15:01:48,65,0,normal
user_530,session_5310,Desktop,5,4,0,8,0.0,53,1920x1080,Firefox,en-US,-330,landscape,Bengaluru,4778.22,2025-01-27 11:40:52,381,0,normal
user_427,session_4274,Mobile,5,13,5,12,0.62,70,390x844,Firefox,en-IN,-330,portrait,Kolkata,705.47,2025-03-05 17:10:24,61,0,normal
user_105,session_1052,Desktop,9,18,0,22,0.0,137,1920x1080,Edge,en-IN,-330,landscape,Hyderabad,4327.54,2025-05-13 13:23:31,573,0,normal
user_232,session_2322,Desktop,2,13,0,15,0.0,67,1440x900,Firefox,en-IN,-330,landscape,Chennai,9261.58,2025-03-21 11:43:50,339,0,normal
user_432,session_4329,Desktop,5,4,0,18,0.0,93,1366x768,Chrome,en-IN,-330,landscape,Delhi,598.0,2025-01-05 23:05:08,210,0,normal
user_391,session_3920,Desktop,1,0,0,0,0.0,18,1440x900,Edge,en-IN,-330,landscape,Delhi,5000.0,2025-04-08 20:23:50,476,1,copy_paste_drain
user_175,session_1752,Desktop,7,14,0,8,0.0,193,1440x900,Safari,en-IN,-330,landscape,Hyderabad,6529.69,2025-05-17 09:40:00,603,0,normal
user_246,session_2465,Desktop,7,6,0,5,0.0,129,1366x768,Edge,en-IN,-330,landscape,Bengaluru,2628.51,2025-03-09 15:45:12,381,0,normal
user_177,session_1773,Mobile,3,8,5,6,0.53,71,390x844,Edge,en-IN,-330,portrait,Mumbai,903.39,2025-01-10 07:50:07,50,0,normal
user_119,session_1197,Desktop,4,11,0,10,0.0,114,1440x900,Safari,en-IN,-330,landscape,Pune,5221.71,2025-02-04 11:12:25,470,0,normal
user_187,session_1879,Desktop,0,10,0,17,0.0,26,1920x1080,Safari,en-IN,-330,landscape,Kolkata,2110.51,2025-04-02 21:25:49,240,0,normal
user_201,session_2017,Mobile,10,13,4,9,1.18,114,390x844,Edge,hi-IN,-330,portrait,Mumbai,4966.48,2025-02-17 17:01:21,16,0,normal
user_200,session_2006,Desktop,7,7,0,15,0.0,256,1366x768,Firefox,en-US,-330,landscape,Kolkata,4137.47,2025-03-26 08:03:23,500,0,normal
user_407,session_4076,Mobile,8,9,9,12,0.35,246,360x640,Edge,en-IN,-330,portrait,Pune,2625.44,2025-02-04 11:59:04,41,0,normal
user_148,session_1483,Desktop,9,12,0,21,0.0,91,1440x900,Chrome,hi-IN,-330,landscape,Mumbai,4207.43,2025-01-03 16:16:18,302,0,normal
user_32,session_329,Desktop,3,6,0,11,0.0,174,1920x1080,Firefox,en-IN,-330,landscape,Pune,6435.53,2025-03-11 16:10:46,193,0,normal
user_64,session_649,Desktop,6,10,0,21,0.0,91,1366x768,Edge,en-IN,-330,landscape,Mumbai,210.74,2025-01-01 21:17:53,319,0,normal
user_289,session_2895,Mobile,5,19,3,8,0.58,111,360x640,Chrome,en-IN,-330,portrait,Kolkata,3079.51,2025-05-26 14:15:05,67,0,normal
user_112,session_1124,Desktop,1,2,0,8,0.0,79,1920x1080,Firefox,en-IN,-330,landscape,Mumbai,1107.07,2025-05-23 10:08:15,280,0,normal
user_277,session_2777,Mobile,9,6,6,18,0.42,167,414x896,Edge,en-IN,-330,landscape,Delhi,832.89,2025-03-23 14:43:36,79,0,normal
user_296,session_2961,Desktop,4,9,0,8,0.0,168,1366x768,Chrome,en-IN,-330,landscape,Chennai,4948.66,2025-02-26 13:39:50,323,0,normal
user_345,session_3456,Desktop,9,14,0,9,0.0,109,1920x1080,Firefox,en-IN,-330,landscape,Chennai,4148.16,2025-01-18 12:42:35,503,0,normal
user_284,session_2844,Desktop,4,4,0,9,0.0,43,1440x900,Firefox,en-IN,-330,landscape,Bengaluru,5111.71,2025-04-16 14:00:12,85,0,normal
user_308,session_3090,Tablet,0,7,4,22,0.75,110,768x1024,Firefox,en-IN,-330,landscape,Bengaluru,1982.14,2025-03-21 19:46:35,70,0,normal
user_502,session_5022,Desktop,4,7,0,19,0.0,99,1366x768,Safari,en-IN,-330,landscape,Chennai,748.47,2025-05-07 07:11:39,241,0,normal
user_125,session_1260,Mobile,8,7,4,12,0.85,225,360x640,Safari,en-US,-330,landscape,Delhi,5547.23,2025-03-21 06:19:45,18,0,normal
user_431,session_4315,Desktop,0,7,0,11,0.0,94,1366x768,Safari,en-IN,-330,landscape,Kolkata,6993.29,2025-05-17 12:17:15,123,0,normal
user_341,session_3412,Tablet,4,10,5,10,0.82,124,768x1024,Firefox,en-IN,-330,landscape,Ahmedabad,2429.82,2025-05-13 09:26:52,65,0,normal
user_461,session_4620,Desktop,6,10,0,14,0.0,222,1440x900,Edge,en-IN,-330,landscape,Ahmedabad,2620.76,2025-04-23 16:35:07,126,0,normal
user_151,session_1520,Mobile,5,21,3,15,1.05,302,390x844,Safari,en-IN,-330,landscape,Chennai,702.61,2025-05-07 20:51:00,24,0,normal
user_137,session_1379,Tablet,7,10,0,20,0.0,132,810x1080,Firefox,en-IN,-330,landscape,Delhi,1974.24,2025-01-04 20:01:04,416,1,device_spoof
user_438,session_4382,Desktop,6,4,0,5,0.0,130,1920x1080,Edge,en-IN,-330,landscape,Kolkata,2714.08,2025-03-10 12:26:51,174,0,normal
user_102,session_1024,Desktop,8,11,0,21,0.0,207,1366x768,Safari,en-US,-330,landscape,Chennai,1583.87,2025-02-12 18:24:29,312,0,normal
user_287,session_2877,Tablet,0,12,1,3,0.0,144,810x1080,Safari,en-IN,-330,portrait,Delhi,3794.24,2025-03-27 19:31:36,42,0,normal
user_455,session_4554,Desktop,4,3,0,3,0.0,350,1920x1080,Firefox,en-US,-330,landscape,Ahmedabad,4860.06,2025-02-09 20:10:21,260,0,normal
user_479,session_4796,Desktop,7,6,0,7,0.0,165,1366x768,Safari,en-IN,-330,landscape,Hyderabad,1396.92,2025-03-08 18:21:50,321,0,normal
user_91,session_913,Desktop,6,13,0,17,0.0,96,1366x768,Chrome,en-IN,-330,landscape,Kolkata,5409.6,2025-03-18 13:53:34,341,0,normal
user_403,session_4039,Mobile,2,0,6,12,0.9,222,390x844,Edge,en-IN,-330,portrait,Ahmedabad,1123.66,2025-02-26 17:05:50,35,0,normal
user_167,session_1676,Mobile,7,4,0,13,0.43,200,390x844,Chrome,en-IN,-330,landscape,Pune,3151.74,2025-01-15 15:17:04,30,0,normal
user_174,session_1747,Desktop,3,1,0,17,0.0,157,1920x1080,Chrome,en-US,-330,landscape,Mumbai,5347.66,2025-03-06 22:34:19,9,0,normal
user_297,session_2971,Mobile,5,3,3,3,0.57,164,414x896,Firefox,en-US,-330,portrait,Pune,4161.41,2025-02-13 15:56:08,47,0,normal
user_173,session_1737,Mobile,10,13,8,28,0.38,130,360x640,Chrome,en-IN,-330,landscape,Kolkata,7005.96,2025-01-09 16:00:40,33,0,normal
user_162,session_1630,Desktop,0,8,0,14,0.0,189,1920x1080,Safari,en-IN,-330,landscape,Ahmedabad,7885.32,2025-04-29 13:01:58,338,0,normal
user_431,session_4320,Desktop,0,11,0,21,0.0,77,1366x768,Safari,en-IN,-330,landscape,Kolkata,8194.96,2025-01-31 09:27:23,158,0,normal
user_43,session_431,Desktop,4,12,0,12,0.0,114,1366x768,Safari,en-IN,-330,landscape,Delhi,3663.47,2025-03-22 12:21:59,388,0,normal
user_180,session_1809,Desktop,8,7,0,14,0.0,92,1440x900,Firefox,en-IN,-330,landscape,Bengaluru,5679.87,2025-05-10 12:40:13,295,0,normal
user_352,session_3528,Desktop,10,8,0,12,0.0,28,1920x1080,Safari,hi-IN,-330,landscape,Delhi,3122.25,2025-05-02 22:14:36,396,0,normal
user_238,session_2388,Mobile,3,7,1,15,0.13,138,360x640,Safari,en-IN,-330,portrait,Bengaluru,3294.67,2025-03-31 05:14:11,0,0,normal
user_340,session_3403,Tablet,7,16,6,14,0.66,320,810x1080,Safari,en-US,-330,landscape,Bengaluru,790.03,2025-01-04 14:58:19,34,0,normal
user_348,session_3481,Desktop,3,8,0,26,0.0,40,1920x1080,Chrome,en-IN,-330,landscape,Mumbai,2247.27,2025-02-23 05:08:54,280,0,normal
user_570,session_5707,Desktop,11,8,0,14,0.0,263,1440x900,Safari,en-IN,-330,landscape,Pune,8354.3,2025-03-15 14:10:57,495,0,normal
user_222,session_2223,Desktop,6,5,0,18,0.0,123,1920x1080,Chrome,en-IN,-330,landscape,Bengaluru,2583.21,2025-05-21 18:26:29,383,0,normal
user_419,session_4199,Desktop,5,6,0,23,0.0,68,1440x900,Safari,en-US,-330,landscape,Hyderabad,10266.68,2025-05-23 09:35:44,87,0,normal
user_416,session_4167,Mobile,4,1,0,4,0.52,82,360x640,Safari,en-US,-330,landscape,Bengaluru,6713.95,2025-03-23 11:06:06,16,0,normal
user_535,session_5351,Tablet,11,4,9,30,0.35,167,810x1080,Safari,en-IN,-330,portrait,Kolkata,3342.5,2025-05-13 10:50:10,47,0,normal
user_588,session_5882,Desktop,8,13,0,13,0.0,92,1440x900,Chrome,en-US,-330,landscape,Bengaluru,2608.6,2025-02-11 08:47:39,316,0,normal
user_458,session_4587,Mobile,4,4,6,14,1.05,214,360x640,Firefox,en-US,-330,landscape,Delhi,6795.95,2025-05-06 15:15:23,45,0,normal
user_532,session_5325,Desktop,6,1,0,10,0.0,130,1920x1080,Edge,en-IN,-330,landscape,Chennai,8698.29,2025-03-30 19:35:02,221,0,normal
user_199,session_1996,Desktop,1,9,0,15,0.0,87,1440x900,Chrome,en-IN,-330,landscape,Chennai,3010.04,2025-02-10 14:04:47,491,0,normal
user_499,session_4991,Desktop,6,5,0,11,0.0,203,1366x768,Edge,en-IN,-330,landscape,Kolkata,2006.96,2025-01-13 09:03:37,623,0,normal
user_222,session_2225,Desktop,6,3,0,14,0.0,200,1920x1080,Chrome,en-IN,-330,landscape,Bengaluru,2682.03,2025-03-26 19:29:13,218,0,normal
user_110,session_1107,Desktop,10,9,0,11,0.0,234,1920x1080,Firefox,en-IN,-330,landscape,Chennai,1862.87,2025-05-16 16:06:32,277,0,normal
user_574,session_5746,Tablet,8,12,6,23,0.9,64,768x1024,Firefox,en-IN,-330,landscape,Ahmedabad,6613.4,2025-01-13 13:43:42,67,0,normal
user_81,session_819,Tablet,11,7,3,8,0.37,20,768x1024,Safari,en-IN,-330,landscape,Pune,2393.22,2025-04-06 20:07:44,33,0,normal
user_407,session_4073,Mobile,6,11,9,15,0.74,245,360x640,Edge,en-IN,-330,landscape,Pune,5848.64,2025-03-28 13:36:53,69,0,normal
user_435,session_4359,Mobile,0,11,1,7,0.71,93,414x896,Firefox,en-IN,-330,landscape,Hyderabad,5484.45,2025-02-24 20:11:28,29,0,normal
user_169,session_1698,Desktop,8,5,0,12,0.0,129,1366x768,Safari,en-IN,-330,landscape,Mumbai,1208.89,2025-05-23 12:48:09,197,0,normal
user_322,session_3222,Desktop,8,11,0,10,0.0,108,1920x1080,Edge,en-IN,-330,landscape,Hyderabad,2154.4,2025-01-29 07:14:38,136,0,normal
user_13,session_137,Desktop,7,9,0,15,0.0,88,1920x1080,Edge,en-IN,-330,landscape,Hyderabad,1923.63,2025-02-10 15:57:55,502,0,normal
user_452,session_4524,Desktop,4,3,0,18,0.0,228,1440x900,Chrome,hi-IN,-330,landscape,Pune,2736.69,2025-04-05 10:54:46,332,0,normal
user_292,session_2922,Desktop,5,11,0,17,0.0,49,1920x1080,Chrome,en-IN,-330,landscape,Pune,6990.82,2025-05-28 07:54:28,439,0,normal
user_531,session_5317,Desktop,10,14,0,27,0.0,182,1366x768,Chrome,hi-IN,-330,landscape,Mumbai,7267.38,2025-03-19 18:04:44,313,0,normal
user_118,session_1181,Desktop,6,12,0,7,0.0,75,1920x1080,Chrome,en-IN,-330,landscape,Chennai,6652.34,2025-03-19 08:00:26,573,0,normal
user_343,session_3435,Desktop,0,10,0,9,0.0,202,1920x1080,Firefox,en-IN,-330,landscape,Hyderabad,1407.55,2025-05-19 18:07:11,359,0,normal
user_88,session_889,Desktop,7,5,0,16,0.0,122,1440x900,Edge,en-US,-330,landscape,Bengaluru,2346.04,2025-03-21 17:27:17,394,0,normal
user_265,session_2657,Mobile,3,14,6,14,0.3,36,360x640,Firefox,en-IN,-330,landscape,Chennai,255.18,2025-04-06 17:36:47,31,0,normal
user_573,session_5734,Mobile,8,7,9,14,0.34,236,414x896,Edge,en-IN,-330,portrait,Ahmedabad,6859.48,2025-04-17 14:09:39,41,0,normal
user_289,session_2896,Mobile,3,10,4,9,0.6,116,360x640,Chrome,en-IN,-330,landscape,Kolkata,1574.35,2025-02-24 14:36:32,54,0,normal
user_81,session_818,Tablet,11,9,8,18,0.67,196,768x1024,Safari,en-IN,-330,landscape,Pune,3793.15,2025-04-06 20:38:26,29,0,normal
user_111,session_1112,Desktop,5,3,0,10,0.0,84,1440x900,Edge,en-IN,-330,landscape,Ahmedabad,755.36,2025-02-18 12:21:41,265,0,normal
user_341,session_3413,Tablet,4,2,1,14,0.44,86,768x1024,Firefox,en-IN,-330,portrait,Ahmedabad,1783.25,2025-02-17 13:02:28,30,0,normal
user_234,session_2342,Desktop,6,2,0,10,0.0,235,1920x1080,Edge,en-US,-330,landscape,Delhi,2811.04,2025-01-21 19:07:57,465,0,normal
user_599,session_5991,Tablet,1,0,7,0,0.38,13,810x1080,Edge,en-IN,-330,landscape,Kolkata,5000.0,2025-04-09 09:25:25,48,1,copy_paste_drain
user_375,session_3760,Desktop,0,1,0,10,0.0,88,1440x900,Firefox,hi-IN,-330,landscape,Pune,5200.75,2025-03-13 14:03:00,303,0,normal
user_126,session_1265,Desktop,7,10,0,18,0.0,167,1366x768,Chrome,en-IN,-330,landscape,Delhi,719.25,2025-02-07 16:57:27,26,0,normal
user_99,session_991,Mobile,8,14,4,17,0.96,229,360x640,Chrome,en-IN,-330,portrait,Pune,511.03,2025-02-27 23:21:45,64,0,normal
user_323,session_3236,Mobile,7,12,5,6,0.05,252,360x640,Safari,en-US,-330,landscape,Delhi,9390.84,2025-04-09 23:09:00,46,0,normal
user_173,session_1740,Mobile,4,15,9,25,0.18,89,360x640,Chrome,en-IN,-330,portrait,Kolkata,8946.6,2025-01-05 14:20:36,11,0,normal
user_247,session_2478,Tablet,4,7,1,12,0.89,121,768x1024,Firefox,en-IN,-330,landscape,Bengaluru,7826.62,2025-02-23 19:11:34,18,0,normal
user_35,session_354,Mobile,11,12,0,21,0.78,136,360x640,Edge,en-IN,-330,landscape,Mumbai,4825.14,2025-02-10 14:55:25,28,0,normal
user_526,session_5270,Mobile,4,9,4,18,0.52,96,360x640,Edge,en-IN,-330,landscape,Bengaluru,3393.81,2025-01-22 17:43:00,19,0,normal
user_245,session_2458,Desktop,3,7,0,0,0.0,47,1920x1080,Chrome,en-IN,-330,landscape,Pune,7930.22,2025-03-18 14:43:57,188,0,normal
user_420,session_4208,Desktop,4,4,0,11,0.0,114,1366x768,Safari,en-IN,-330,landscape,Mumbai,1601.61,2025-05-20 15:11:05,344,0,normal
user_148,session_1490,Desktop,8,7,0,23,0.0,62,1440x900,Chrome,hi-IN,-330,landscape,Mumbai,6335.29,2025-03-15 13:10:35,433,0,normal
user_392,session_3927,Desktop,4,3,0,22,0.0,214,1366x768,Safari,en-IN,-330,landscape,Delhi,1897.68,2025-01-29 09:20:31,378,0,normal
user_122,session_1229,Desktop,8,6,0,13,0.0,164,1366x768,Chrome,en-IN,-330,landscape,Chennai,7612.49,2025-02-08 07:16:49,71,0,normal
user_593,session_5933,Desktop,5,5,0,8,0.0,206,1440x900,Safari,en-IN,-330,landscape,Pune,2929.93,2025-04-04 18:18:21,294,0,normal
user_268,session_2690,Desktop,9,4,0,26,0.0,122,1440x900,Edge,en-US,-330,landscape,Mumbai,4688.68,2025-03-08 14:47:29,559,0,normal
user_568,session_5683,Desktop,0,0,0,7,0.0,195,1366x768,Firefox,en-US,-330,landscape,Ahmedabad,288.67,2025-01-17 15:44:18,234,0,normal
user_5,session_53,Desktop,9,9,0,15,0.0,51,1366x768,Chrome,en-IN,-330,landscape,Chennai,2767.15,2025-02-18 12:37:45,458,0,normal
user_312,session_3124,Desktop,4,0,0,26,0.0,230,1920x1080,Firefox,en-IN,-330,landscape,Hyderabad,1055.16,2025-05-09 13:02:14,54,0,normal
user_394,session_3949,Mobile,5,8,8,10,1.2,100,360x640,Firefox,en-IN,-330,portrait,Hyderabad,509.54,2025-01-09 16:30:20,51,0,normal
user_332,session_3322,Desktop,7,11,0,11,0.0,346,1366x768,Chrome,en-IN,-330,landscape,Chennai,3673.86,2025-05-27 10:23:27,415,0,normal
user_365,session_3653,Desktop,1,6,0,15,0.0,215,1920x1080,Edge,en-IN,-330,landscape,Bengaluru,1587.13,2025-01-14 21:23:02,354,0,normal
user_158,session_1590,Desktop,6,4,0,19,0.0,218,1366x768,Firefox,en-IN,-330,landscape,Ahmedabad,10556.96,2025-01-11 14:12:47,511,0,normal
user_147,session_1480,Mobile,3,9,0,3,0.8,239,390x844,Safari,en-IN,-330,portrait,Kolkata,4265.24,2025-03-09 08:26:59,34,0,normal
user_146,session_1470,Desktop,0,9,0,8,0.0,53,1440x900,Firefox,en-IN,-330,landscape,Bengaluru,872.54,2025-04-08 08:39:02,70,0,normal
user_277,session_2779,Mobile,7,5,4,22,0.6,235,414x896,Edge,en-IN,-330,landscape,Delhi,590.76,2025-01-12 11:46:43,70,0,normal
user_598,session_5988,Mobile,2,14,7,14,1.08,106,390x844,Edge,en-IN,-330,landscape,Kolkata,3104.92,2025-03-04 09:27:57,31,0,normal
user_207,session_2079,Desktop,8,6,0,14,0.0,53,1366x768,Edge,en-IN,-330,landscape,Bengaluru,3625.59,2025-02-14 07:13:54,427,0,normal
user_345,session_3451,Desktop,4,9,0,7,0.0,130,1920x1080,Firefox,en-IN,-330,landscape,Chennai,2482.22,2025-03-27 18:24:18,302,0,normal
user_591,session_5912,Mobile,11,13,7,12,0.52,259,390x844,Chrome,hi-IN,-330,landscape,Kolkata,4264.87,2025-03-30 17:57:37,17,0,normal
user_295,session_2952,Mobile,7,10,3,17,0.0,123,414x896,Edge,en-IN,-330,portrait,Ahmedabad,3325.62,2025-01-23 10:41:57,56,0,normal
user_43,session_437,Desktop,4,3,0,16,0.0,113,1366x768,Safari,en-IN,-330,landscape,Delhi,3623.1,2025-05-27 10:22:16,248,0,normal
user_288,session_2887,Tablet,6,7,3,14,1.27,58,768x1024,Edge,hi-IN,-330,portrait,Kolkata,3651.21,2025-05-03 22:54:26,53,0,normal
user_388,session_3886,Desktop,11,3,0,18,0.0,69,1366x768,Firefox,hi-IN,-330,landscape,Chennai,6813.6,2025-01-14 09:07:48,281,0,normal
user_158,session_1589,Desktop,9,9,0,19,0.0,101,1366x768,Firefox,en-IN,-330,landscape,Ahmedabad,8245.53,2025-01-22 16:29:04,324,0,normal
user_441,session_4418,Mobile,7,12,0,5,1.05,166,360x640,Safari,en-IN,-330,portrait,Ahmedabad,297.8,2025-02-16 21:53:55,40,0,normal
user_159,session_1591,Desktop,10,3,0,26,0.0,125,1440x900,Chrome,en-IN,-330,landscape,Hyderabad,864.22,2025-04-15 15:03:55,243,0,normal
user_325,session_3251,Mobile,7,0,1,5,1.01,54,414x896,Safari,hi-IN,-330,landscape,Mumbai,1508.67,2025-03-25 15:05:49,62,0,normal
user_97,session_974,Mobile,0,0,5,13,0.49,44,390x844,Chrome,en-IN,-330,portrait,Mumbai,2729.55,2025-02-19 21:26:49,61,0,normal
user_123,session_1239,Mobile,2,8,6,11,0.52,148,390x844,Edge,en-US,-330,portrait,Bengaluru,1379.98,2025-04-04 11:14:03,60,0,normal
user_234,session_2343,Desktop,4,10,0,12,0.0,238,1920x1080,Edge,en-US,-330,landscape,Delhi,4444.19,2025-03-21 16:35:16,249,0,normal
user_247,session_2474,Tablet,0,0,5,18,1.46,146,768x1024,Firefox,en-IN,-330,portrait,Bengaluru,3093.15,2025-04-19 23:14:42,35,0,normal
user_358,session_3589,Desktop,3,12,0,15,0.0,25,1920x1080,Firefox,en-IN,-330,landscape,Pune,1533.85,2025-03-30 17:10:02,326,0,normal
user_512,session_5121,Desktop,5,6,0,6,0.0,35,1440x900,Chrome,hi-IN,-330,landscape,Chennai,4275.13,2025-02-26 09:59:28,410,0,normal
user_223,session_2232,Mobile,4,6,6,7,0.64,416,414x896,Edge,en-US,-330,portrait,Kolkata,1024.43,2025-05-17 15:29:14,56,0,normal
user_251,session_2519,Mobile,1,0,6,4,0.47,84,414x896,Firefox,hi-IN,-330,portrait,Hyderabad,5405.69,2025-03-14 09:30:28,50,0,normal
user_149,session_1498,Desktop,9,15,0,24,0.0,53,1920x1080,Chrome,en-IN,-330,landscape,Bengaluru,2622.09,2025-04-18 13:03:52,417,0,normal
user_44,session_450,Desktop,8,5,0,9,0.0,29,1920x1080,Safari,en-IN,-330,landscape,Ahmedabad,10600.96,2025-03-27 13:57:08,346,0,normal
user_236,session_2370,Desktop,3,16,0,14,0.0,66,1440x900,Safari,en-US,-330,landscape,Kolkata,5863.22,2025-01-03 16:18:17,314,0,normal
user_412,session_4123,Mobile,3,10,1,0,0.27,62,360x640,Safari,en-US,-330,portrait,Kolkata,3359.55,2025-02-20 17:08:51,79,0,normal
user_242,session_2423,Mobile,6,5,5,11,1.0,344,390x844,Chrome,en-IN,-330,landscape,Delhi,8267.72,2025-02-25 20:05:41,16,0,normal
user_538,session_5387,Mobile,38,1,7,0,0.86,4,414x896,Safari,en-US,-330,landscape,Ahmedabad,6807.02,2025-03-16 10:11:30,70,1,bot_script
user_595,session_5957,Mobile,6,9,3,19,0.0,44,414x896,Firefox,en-IN,-330,landscape,Chennai,1558.11,2025-04-17 22:02:42,7,0,normal
user_155,session_1552,Mobile,8,15,5,21,0.9,199,390x844,Firefox,en-IN,-330,portrait,Chennai,5932.11,2025-05-07 12:16:30,30,0,normal
user_531,session_5319,Desktop,4,11,0,13,0.0,197,1366x768,Chrome,hi-IN,-330,landscape,Mumbai,7342.05,2025-05-20 14:36:49,350,0,normal
user_114,session_1147,Desktop,0,3,0,11,0.0,54,1440x900,Edge,en-IN,-330,landscape,Mumbai,1567.27,2025-05-25 14:27:24,212,0,normal
user_559,session_5599,Mobile,8,13,6,22,0.37,91,414x896,Safari,en-US,-330,landscape,Mumbai,2876.36,2025-03-19 10:00:22,0,0,normal
user_209,session_2093,Desktop,6,3,0,14,0.0,222,1440x900,Firefox,en-IN,-330,landscape,Hyderabad,3352.36,2025-05-17 18:54:41,187,0,normal
user_131,session_1314,Mobile,10,9,3,19,0.26,96,360x640,Edge,en-IN,-330,portrait,Ahmedabad,4915.62,2025-04-14 15:27:27,31,0,normal
user_201,session_2016,Mobile,7,0,5,14,0.25,149,390x844,Edge,hi-IN,-330,portrait,Mumbai,5645.42,2025-02-18 22:31:08,64,0,normal
user_430,session_4307,Mobile,6,7,6,4,0.84,111,414x896,Firefox,en-IN,-330,portrait,Kolkata,1436.7,2025-03-18 18:18:20,72,0,normal
user_370,session_3709,Desktop,10,12,0,13,0.0,125,1440x900,Firefox,en-IN,-330,landscape,Pune,7551.1,2025-05-29 15:33:35,318,0,normal
user_300,session_3009,Tablet,7,2,7,18,0.66,70,810x1080,Chrome,en-US,-330,portrait,Hyderabad,5961.39,2025-04-12 18:26:05,35,0,normal
user_138,session_1382,Desktop,4,2,0,11,0.0,53,1366x768,Chrome,en-IN,-330,landscape,Mumbai,2054.39,2025-01-02 17:10:14,342,0,normal
user_324,session_3249,Mobile,4,6,7,7,0.36,257,390x844,Edge,en-IN,-330,portrait,Kolkata,1492.31,2025-03-07 09:05:20,40,0,normal
user_41,session_414,Desktop,6,2,0,4,0.0,33,1920x1080,Safari,en-IN,-330,landscape,Mumbai,729.65,2025-01-22 18:30:17,341,0,normal
user_94,session_942,Mobile,7,14,9,20,0.07,176,414x896,Edge,hi-IN,-330,portrait,Delhi,3071.46,2025-01-31 11:57:00,6,0,normal
user_80,session_802,Mobile,7,0,0,16,0.79,83,414x896,Safari,en-IN,-330,portrait,Delhi,6487.16,2025-04-27 19:16:42,43,0,normal
user_491,session_4914,Mobile,12,5,1,9,0.37,89,360x640,Safari,en-IN,-330,portrait,Hyderabad,1027.44,2025-01-28 17:54:32,41,0,normal
user_548,session_5484,Tablet,10,7,6,22,1.49,47,810x1080,Chrome,hi-IN,-330,landscape,Bengaluru,5343.07,2025-05-20 22:01:21,15,0,normal
user_25,session_257,Desktop,10,7,0,13,0.0,254,1366x768,Chrome,en-IN,-330,landscape,Kolkata,2539.33,2025-04-02 12:53:14,327,0,normal
user_588,session_5887,Desktop,3,8,0,3,0.0,95,1440x900,Chrome,en-US,-330,landscape,Bengaluru,8436.1,2025-01-15 15:55:02,268,0,normal
user_223,session_2236,Mobile,5,4,6,18,0.46,280,414x896,Edge,en-US,-330,landscape,Kolkata,466.41,2025-04-23 17:00:41,30,0,normal
user_64,session_648,Desktop,5,16,0,21,0.0,169,1366x768,Edge,en-IN,-330,landscape,Mumbai,202.52,2025-05-03 18:25:06,245,0,normal
user_176,session_1768,Desktop,5,9,0,22,0.0,93,1440x900,Safari,en-US,-330,landscape,Hyderabad,1711.95,2025-03-09 21:43:56,321,0,normal
user_410,session_4106,Mobile,0,7,9,17,0.79,89,414x896,Edge,en-IN,-330,landscape,Hyderabad,4498.71,2025-03-30 16:06:29,32,0,normal
user_393,session_3936,Mobile,1,5,6,6,0.91,133,390x844,Edge,en-IN,-330,landscape,Mumbai,6621.75,2025-01-12 11:00:49,21,0,normal
user_541,session_5413,Desktop,7,2,0,21,0.0,187,1366x768,Chrome,en-US,-330,landscape,Kolkata,1041.53,2025-02-05 15:07:44,461,0,normal
user_394,session_3950,Mobile,0,9,0,21,0.51,185,360x640,Firefox,en-IN,-330,landscape,Hyderabad,225.63,2025-01-18 18:57:56,65,0,normal
user_2,session_25,Mobile,4,2,9,8,0.0,247,414x896,Safari,en-IN,-330,landscape,Mumbai,7417.54,2025-05-30 16:33:59,55,0,normal
user_108,session_1089,Desktop,8,10,0,10,0.0,243,1440x900,Edge,en-IN,-330,landscape,Mumbai,2063.54,2025-04-13 11:20:33,155,0,normal
user_511,session_5112,Mobile,0,6,7,24,0.65,208,360x640,Chrome,en-IN,-330,landscape,Pune,7969.09,2025-01-22 10:44:32,68,0,normal
user_416,session_4166,Mobile,2,7,6,0,0.58,159,360x640,Safari,en-US,-330,landscape,Bengaluru,5689.09,2025-04-19 06:52:28,0,0,normal
user_11,session_113,Mobile,5,2,6,6,0.48,101,360x640,Chrome,en-IN,-330,portrait,Delhi,6035.12,2025-01-01 18:26:39,35,0,normal
user_231,session_2312,Desktop,14,6,0,18,0.0,123,1366x768,Firefox,en-US,-330,landscape,Chennai,2964.61,2025-04-01 11:15:39,441,0,normal
user_464,session_4648,Tablet,5,0,1,22,0.82,101,768x1024,Chrome,en-IN,-330,landscape,Chennai,4467.01,2025-01-21 09:06:39,39,0,normal
user_5,session_57,Desktop,7,10,0,28,0.0,41,1366x768,Chrome,en-IN,-330,landscape,Chennai,1785.26,2025-02-07 12:51:46,221,0,normal
user_130,session_1310,Mobile,9,10,11,11,0.65,122,414x896,Safari,en-IN,-330,portrait,Chennai,1906.28,2025-01-31 10:08:52,26,0,normal
user_69,session_696,Mobile,6,0,2,4,0.42,140,414x896,Chrome,en-US,-330,landscape,Mumbai,735.77,2025-04-29 15:27:32,64,0,normal
user_436,session_4367,Mobile,7,6,0,20,0.76,172,414x896,Firefox,en-IN,-330,portrait,Chennai,5552.52,2025-01-13 09:36:12,77,0,normal
user_122,session_1228,Desktop,13,7,0,1,0.0,218,1366x768,Chrome,en-IN,-330,landscape,Chennai,24013.37,2025-05-23 10:57:33,148,1,rat_fraud
user_199,session_2000,Desktop,6,18,0,7,0.0,68,1440x900,Chrome,en-IN,-330,landscape,Chennai,3878.18,2025-03-27 12:04:54,470,0,normal
user_27,session_277,Desktop,5,12,0,14,0.0,252,1920x1080,Edge,en-US,-330,landscape,Ahmedabad,6009.69,2025-03-27 10:45:47,412,0,normal
user_406,session_4061,Desktop,6,11,0,16,0.0,107,1366x768,Firefox,en-US,-330,landscape,Ahmedabad,1960.61,2025-01-15 14:30:46,636,0,normal
user_300,session_3008,Tablet,2,6,8,17,0.08,44,810x1080,Chrome,en-US,-330,landscape,Hyderabad,4292.28,2025-03-20 20:35:13,36,0,normal
user_183,session_1834,Desktop,4,9,0,13,0.0,317,1920x1080,Edge,en-US,-330,landscape,Chennai,1755.92,2025-04-30 22:18:35,417,0,normal
user_68,session_683,Mobile,6,15,10,12,0.91,272,360x640,Chrome,en-IN,-330,landscape,Mumbai,1197.21,2025-01-12 19:21:57,51,0,normal
user_313,session_3140,Mobile,7,7,1,17,0.32,215,414x896,Edge,en-IN,-330,portrait,Ahmedabad,1925.23,2025-03-29 20:47:50,81,0,normal
user_433,session_4335,Mobile,7,19,5,21,0.46,174,360x640,Firefox,en-IN,-330,portrait,Bengaluru,3567.09,2025-03-04 09:01:32,46,0,normal
user_113,session_1138,Mobile,2,7,3,23,0.73,124,414x896,Safari,en-IN,-330,portrait,Delhi,131.65,2025-04-09 08:16:32,18,0,normal
user_375,session_3753,Desktop,0,3,0,14,0.0,104,1440x900,Firefox,hi-IN,-330,landscape,Pune,3441.75,2025-01-18 15:03:03,318,0,normal
user_378,session_3783,Desktop,0,9,0,6,0.0,38,1920x1080,Safari,en-IN,-330,landscape,Ahmedabad,13381.65,2025-04-03 02:09:40,343,1,odd_hour_drain
user_301,session_3012,Desktop,7,5,0,23,0.0,168,1366x768,Chrome,en-IN,-330,landscape,Pune,4760.33,2025-04-02 23:36:15,232,0,normal
user_408,session_4089,Mobile,0,2,6,11,0.85,117,414x896,Firefox,en-IN,-330,portrait,Ahmedabad,1432.92,2025-04-05 23:53:21,37,0,normal
user_483,session_4834,Desktop,9,14,0,1,0.0,8,1366x768,Firefox,hi-IN,-330,landscape,Delhi,5582.52,2025-02-28 07:38:09,409,0,normal
user_134,session_1347,Desktop,3,7,0,7,0.0,150,1920x1080,Edge,en-IN,-330,landscape,Pune,3320.79,2025-01-02 17:07:19,214,0,normal
user_255,session_2551,Desktop,5,4,0,16,0.0,214,1920x1080,Safari,en-IN,-330,landscape,Mumbai,2442.93,2025-02-03 19:37:38,421,0,normal
user_492,session_4923,Desktop,8,2,0,19,0.0,147,1440x900,Edge,en-US,-330,landscape,Bengaluru,9938.9,2025-05-28 21:37:47,457,0,normal
user_280,session_2802,Tablet,7,10,4,21,0.59,89,810x1080,Safari,en-IN,-330,portrait,Hyderabad,4262.65,2025-01-03 12:23:10,23,0,normal
user_238,session_2385,Mobile,7,8,4,11,0.61,142,360x640,Safari,en-IN,-330,landscape,Bengaluru,2764.74,2025-01-08 08:34:08,33,0,normal
user_476,session_4767,Desktop,3,7,0,3,0.0,74,1366x768,Chrome,en-IN,-330,landscape,Bengaluru,6754.63,2025-05-29 16:09:57,324,0,normal
user_417,session_4177,Desktop,3,11,0,4,0.0,266,1440x900,Safari,en-IN,-330,landscape,Delhi,4530.9,2025-04-16 11:32:45,181,0,normal
user_325,session_3254,Mobile,4,6,2,3,0.07,51,414x896,Safari,hi-IN,-330,portrait,Mumbai,1107.48,2025-01-05 13:55:45,60,0,normal
user_260,session_2610,Mobile,5,9,6,18,0.77,123,390x844,Edge,en-IN,-330,landscape,Pune,1461.42,2025-01-12 12:23:02,74,0,normal
user_325,session_3255,Mobile,2,18,5,14,0.63,73,414x896,Safari,hi-IN,-330,portrait,Mumbai,1427.94,2025-05-24 19:56:43,53,0,normal
user_256,session_2570,Tablet,0,1,4,8,0.26,147,810x1080,Edge,en-US,-330,portrait,Mumbai,1602.49,2025-02-05 15:07:31,27,0,normal
user_275,session_2754,Mobile,7,11,1,13,0.62,103,360x640,Edge,en-US,-330,landscape,Mumbai,7433.07,2025-04-01 06:23:51,11,0,normal
user_498,session_4989,Desktop,2,8,0,13,0.0,147,1920x1080,Safari,en-IN,-330,landscape,Hyderabad,2996.93,2025-03-28 19:07:54,153,0,normal
user_492,session_4927,Desktop,4,7,0,17,0.0,247,1440x900,Edge,en-US,-330,landscape,Bengaluru,4914.24,2025-03-03 23:02:47,200,0,normal
user_8,session_82,Mobile,3,5,9,18,0.71,190,390x844,Firefox,en-US,-330,landscape,Bengaluru,1360.33,2025-01-27 19:47:54,32,0,normal
user_197,session_1973,Desktop,3,11,0,18,0.0,230,1440x900,Safari,en-IN,-330,landscape,Chennai,3421.03,2025-01-15 09:03:24,401,0,normal
user_171,session_1715,Mobile,3,5,6,11,0.32,51,360x640,Edge,hi-IN,-330,portrait,Ahmedabad,5932.91,2025-01-15 18:21:10,25,0,normal
user_314,session_3143,Mobile,9,9,2,3,1.11,105,414x896,Firefox,hi-IN,-330,landscape,Ahmedabad,1998.66,2025-01-05 20:37:42,46,0,normal
user_362,session_3623,Desktop,6,6,0,4,0.0,113,1366x768,Safari,en-US,-330,landscape,Ahmedabad,1736.77,2025-01-02 12:37:20,312,0,normal
user_194,session_1947,Desktop,5,11,0,16,0.0,177,1920x1080,Safari,hi-IN,-330,landscape,Mumbai,5357.43,2025-05-29 13:09:31,297,0,normal
user_331,session_3318,Mobile,0,4,8,8,0.53,309,414x896,Firefox,en-IN,-330,landscape,Pune,2933.26,2025-04-01 14:25:56,41,0,normal
user_408,session_4085,Mobile,5,9,8,7,0.24,110,414x896,Firefox,en-IN,-330,portrait,Ahmedabad,951.45,2025-02-09 17:43:05,44,0,normal
user_470,session_4710,Desktop,9,5,0,17,0.0,117,1440x900,Firefox,en-IN,-330,landscape,Pune,1987.07,2025-03-19 12:17:10,178,0,normal
user_161,session_1611,Mobile,0,4,8,7,0.85,291,360x640,Edge,en-IN,-330,portrait,Pune,3361.87,2025-04-27 19:46:21,55,0,normal
user_464,session_4641,Tablet,5,8,4,13,0.0,106,768x1024,Chrome,en-IN,-330,landscape,Chennai,4517.21,2025-01-21 11:56:20,38,0,normal
user_289,session_2891,Mobile,4,8,11,19,0.17,132,360x640,Chrome,en-IN,-330,portrait,Kolkata,2427.54,2025-04-05 12:14:35,81,0,normal
user_324,session_3246,Mobile,7,2,4,15,1.08,324,390x844,Edge,en-IN,-330,landscape,Kolkata,1703.82,2025-01-26 12:25:29,70,0,normal
user_586,session_5864,Mobile,6,7,4,2,0.67,122,390x844,Firefox,en-IN,-330,landscape,Ahmedabad,2659.13,2025-02-03 13:45:27,94,0,normal
user_462,session_4626,Mobile,3,11,6,8,0.52,56,360x640,Chrome,en-US,-330,portrait,Hyderabad,2953.88,2025-05-01 14:39:28,19,0,normal
user_66,session_666,Mobile,7,14,9,31,0.5,144,390x844,Edge,en-US,-330,landscape,Pune,966.64,2025-01-15 14:54:52,38,0,normal
user_219,session_2195,Desktop,3,5,0,11,0.0,40,1440x900,Chrome,en-IN,-330,landscape,Chennai,3997.99,2025-02-19 16:37:01,347,0,normal
user_572,session_5723,Tablet,12,13,9,16,0.83,69,810x1080,Safari,en-IN,-330,portrait,Kolkata,7590.98,2025-02-24 13:38:01,37,0,normal
user_510,session_5101,Desktop,6,2,0,8,0.0,95,1920x1080,Firefox,en-IN,-330,landscape,Mumbai,3077.91,2025-04-06 09:24:56,348,0,normal
user_101,session_1018,Desktop,5,8,0,14,0.0,104,1440x900,Firefox,en-IN,-330,landscape,Kolkata,929.93,2025-05-20 12:50:54,259,0,normal
user_55,session_558,Desktop,4,0,0,27,0.0,68,1366x768,Chrome,hi-IN,-330,landscape,Kolkata,731.12,2025-02-06 19:27:06,171,0,normal
user_439,session_4399,Mobile,7,9,5,12,0.19,116,390x844,Safari,en-IN,-330,portrait,Ahmedabad,4345.77,2025-05-21 19:27:26,23,0,normal
user_576,session_5767,Desktop,5,7,0,15,0.0,171,1920x1080,Firefox,en-IN,-330,landscape,Pune,854.31,2025-02-26 16:20:36,376,0,normal
user_120,session_1208,Desktop,9,11,0,22,0.0,75,1920x1080,Edge,en-IN,-330,landscape,Ahmedabad,11326.41,2025-04-30 16:33:40,96,0,normal
user_380,session_3803,Desktop,4,16,0,2,0.0,95,1366x768,Edge,en-US,-330,landscape,Bengaluru,1857.31,2025-05-17 15:09:36,131,0,normal
user_302,session_3025,Desktop,8,6,0,28,0.0,138,1440x900,Firefox,en-IN,-330,landscape,Hyderabad,5011.22,2025-01-06 18:46:34,75,0,normal
user_151,session_1511,Mobile,2,6,0,16,0.2,347,390x844,Safari,en-IN,-330,landscape,Chennai,887.59,2025-04-04 20:12:58,56,0,normal
user_511,session_5115,Mobile,8,2,4,14,0.0,198,360x640,Chrome,en-IN,-330,landscape,Pune,8238.03,2025-01-04 10:36:01,51,0,normal
user_554,session_5550,Desktop,5,5,0,22,0.0,231,1920x1080,Firefox,en-IN,-330,landscape,Chennai,2009.42,2025-01-11 19:23:12,45,0,normal
user_420,session_4202,Desktop,7,2,0,21,0.0,171,1366x768,Safari,en-IN,-330,landscape,Mumbai,2423.37,2025-03-08 14:00:51,0,0,normal
user_456,session_4568,Desktop,7,6,0,9,0.0,216,1366x768,Firefox,en-IN,-330,landscape,Pune,5739.65,2025-05-07 10:58:13,229,0,normal
user_26,session_267,Tablet,12,6,6,14,0.92,48,810x1080,Safari,en-IN,-330,landscape,Ahmedabad,839.18,2025-04-08 09:22:34,33,0,normal
user_268,session_2689,Desktop,10,13,0,14,0.0,193,1440x900,Edge,en-US,-330,landscape,Mumbai,3262.73,2025-03-16 19:10:01,378,0,normal
user_546,session_5463,Mobile,2,6,3,18,0.33,152,414x896,Edge,en-IN,-330,landscape,Bengaluru,12057.56,2025-03-01 09:47:25,65,0,normal
user_211,session_2112,Desktop,10,5,0,12,0.0,67,1920x1080,Chrome,hi-IN,-330,landscape,Pune,10806.31,2025-01-13 09:34:58,237,0,normal
user_294,session_2944,Desktop,3,0,0,14,0.0,202,1440x900,Edge,en-IN,-330,landscape,Hyderabad,4727.4,2025-05-09 10:24:05,249,0,normal
user_190,session_1910,Desktop,0,2,0,0,0.0,197,1440x900,Chrome,en-IN,-330,landscape,Kolkata,2547.76,2025-03-16 13:13:24,356,0,normal
user_310,session_3106,Desktop,6,6,0,8,0.0,137,1920x1080,Safari,en-IN,-330,landscape,Hyderabad,982.3,2025-02-26 16:04:46,257,0,normal
user_390,session_3904,Mobile,6,8,5,10,0.23,148,360x640,Edge,en-IN,-330,portrait,Bengaluru,4142.45,2025-03-29 08:51:57,59,0,normal
user_395,session_3952,Mobile,5,12,10,14,0.72,185,360x640,Chrome,en-IN,-330,portrait,Ahmedabad,8274.69,2025-01-17 16:58:46,68,0,normal
user_423,session_4237,Desktop,5,9,0,22,0.0,60,1440x900,Chrome,en-US,-330,landscape,Hyderabad,9785.43,2025-05-19 08:02:53,133,0,normal
user_357,session_3571,Desktop,3,13,0,11,0.0,59,1366x768,Chrome,en-IN,-330,landscape,Chennai,3581.19,2025-01-08 10:20:14,602,0,normal
user_482,session_4824,Desktop,4,7,0,21,0.0,62,1920x1080,Firefox,en-US,-330,landscape,Kolkata,3322.24,2025-01-07 23:22:27,175,0,normal
user_321,session_3218,Desktop,12,4,0,20,0.0,114,1920x1080,Safari,en-IN,-330,landscape,Hyderabad,3626.12,2025-01-11 15:22:00,256,0,normal
user_178,session_1785,Desktop,6,4,0,17,0.0,176,1920x1080,Safari,en-US,-330,landscape,Mumbai,996.64,2025-03-22 04:03:20,517,0,normal
user_123,session_1238,Mobile,10,0,0,7,0.98,98,390x844,Edge,en-US,-330,portrait,Bengaluru,1377.44,2025-02-21 08:45:01,66,0,normal
user_499,session_4992,Desktop,3,8,0,17,0.0,248,1366x768,Edge,en-IN,-330,landscape,Kolkata,3950.35,2025-04-28 11:03:09,491,0,normal
user_470,session_4701,Desktop,0,2,0,11,0.0,87,1440x900,Firefox,en-IN,-330,landscape,Pune,2640.82,2025-05-11 08:04:46,249,0,normal
user_420,session_4201,Desktop,4,1,0,16,0.0,195,1366x768,Safari,en-IN,-330,landscape,Mumbai,1434.24,2025-04-26 05:01:45,94,0,normal
user_486,session_4866,Desktop,5,5,0,7,0.0,77,1366x768,Edge,hi-IN,-330,landscape,Ahmedabad,4909.28,2025-04-19 12:15:22,322,0,normal
user_592,session_5921,Desktop,1,7,0,13,0.0,266,1920x1080,Safari,en-IN,-330,landscape,Kolkata,9496.87,2025-01-23 06:44:12,344,0,normal
user_218,session_2187,Desktop,8,16,0,12,0.0,121,1366x768,Edge,hi-IN,-330,landscape,Chennai,6304.61,2025-04-18 10:03:51,352,0,normal
user_344,session_3448,Desktop,4,10,0,19,0.0,262,1366x768,Safari,en-IN,-330,landscape,Pune,744.15,2025-01-03 10:00:44,326,0,normal
user_90,session_909,Mobile,8,5,8,7,0.57,154,414x896,Chrome,en-IN,-330,portrait,Bengaluru,5905.45,2025-01-08 12:43:22,0,0,normal
user_431,session_4319,Desktop,5,9,0,6,0.0,107,1366x768,Safari,en-IN,-330,landscape,Kolkata,6403.99,2025-04-25 17:35:43,293,0,normal
user_130,session_1304,Mobile,8,7,3,30,0.09,75,414x896,Safari,en-IN,-330,landscape,Chennai,1888.42,2025-04-06 11:18:04,19,0,normal
user_560,session_5602,Desktop,8,4,0,18,0.0,175,1366x768,Chrome,en-US,-330,landscape,Hyderabad,2575.09,2025-04-03 06:43:07,153,0,normal
user_162,session_1628,Desktop,0,3,0,20,0.0,250,1920x1080,Safari,en-IN,-330,landscape,Ahmedabad,7343.88,2025-01-20 20:41:46,427,0,normal
user_152,session_1523,Desktop,11,15,0,13,0.0,189,1920x1080,Edge,en-IN,-330,landscape,Mumbai,10824.35,2025-02-18 22:17:53,232,0,normal
user_83,session_836,Tablet,3,0,2,15,0.47,245,768x1024,Edge,en-US,-330,portrait,Kolkata,2492.16,2025-02-21 16:04:11,35,0,normal
user_35,session_359,Mobile,7,9,9,6,0.41,62,360x640,Edge,en-IN,-330,portrait,Mumbai,6478.56,2025-03-30 18:48:33,32,0,normal
user_13,session_139,Desktop,5,5,0,15,0.0,87,1920x1080,Edge,en-IN,-330,landscape,Hyderabad,986.28,2025-01-09 15:47:12,419,0,normal
user_29,session_300,Desktop,9,9,0,25,0.0,55,1920x1080,Chrome,en-IN,-330,landscape,Ahmedabad,1491.84,2025-02-15 08:57:15,514,0,normal
user_155,session_1557,Mobile,8,13,9,22,0.09,255,390x844,Firefox,en-IN,-330,landscape,Chennai,7588.2,2025-03-10 18:19:02,57,0,normal
user_100,session_1004,Desktop,3,8,0,13,0.0,206,1366x768,Edge,en-IN,-330,landscape,Bengaluru,4733.33,2025-03-16 09:42:49,327,0,normal
user_38,session_383,Desktop,5,10,0,20,0.0,83,1920x1080,Safari,en-IN,-330,landscape,Mumbai,2118.2,2025-05-20 12:11:36,638,0,normal
user_419,session_4195,Desktop,2,4,0,14,0.0,80,1440x900,Safari,en-US,-330,landscape,Hyderabad,7395.52,2025-02-24 11:07:45,430,0,normal
user_76,session_762,Mobile,9,11,5,7,1.44,381,414x896,Firefox,en-IN,-330,portrait,Kolkata,5213.74,2025-01-03 11:37:13,41,0,normal
user_572,session_5722,Tablet,11,13,7,21,0.8,67,810x1080,Safari,en-IN,-330,landscape,Kolkata,9789.69,2025-05-30 19:44:57,57,0,normal
user_295,session_2955,Mobile,5,5,2,6,0.73,77,414x896,Edge,en-IN,-330,landscape,Ahmedabad,3279.58,2025-05-11 11:54:00,55,0,normal
user_417,session_4175,Desktop,4,5,0,0,0.0,327,1440x900,Safari,en-IN,-330,landscape,Delhi,2956.37,2025-03-10 06:57:17,131,0,normal
user_484,session_4848,Mobile,1,5,0,12,0.64,80,360x640,Firefox,en-US,-330,landscape,Bengaluru,2872.11,2025-02-06 11:29:27,30,0,normal
user_443,session_4440,Desktop,8,7,0,11,0.0,167,1440x900,Chrome,en-IN,-330,landscape,Mumbai,1160.18,2025-01-22 11:07:50,320,0,normal
user_140,session_1403,Mobile,9,14,6,12,0.79,107,360x640,Edge,hi-IN,-330,landscape,Mumbai,1088.21,2025-02-28 21:30:19,46,0,normal
user_293,session_2938,Desktop,4,11,0,13,0.0,285,1920x1080,Firefox,en-IN,-330,landscape,Chennai,198.11,2025-04-13 12:23:54,317,0,normal
user_584,session_5844,Mobile,2,7,6,11,0.63,72,414x896,Edge,en-IN,-330,portrait,Mumbai,3088.3,2025-05-21 06:46:38,12,0,normal
user_193,session_1933,Mobile,11,0,4,25,1.03,110,414x896,Edge,en-US,-330,landscape,Pune,963.44,2025-02-15 15:27:31,33,0,normal
user_321,session_3211,Desktop,11,16,0,12,0.0,115,1920x1080,Safari,en-IN,-330,landscape,Hyderabad,9346.6,2025-03-16 13:40:59,314,0,normal
user_289,session_2898,Mobile,10,12,6,16,1.15,105,360x640,Chrome,en-IN,-330,portrait,Kolkata,1021.24,2025-05-08 10:13:16,39,0,normal
user_556,session_5568,Mobile,10,4,5,14,0.85,102,414x896,Firefox,en-IN,-330,landscape,Bengaluru,5862.52,2025-02-16 07:13:41,48,0,normal
user_514,session_5144,Mobile,8,15,11,17,0.07,152,414x896,Chrome,en-IN,-330,landscape,Hyderabad,7005.96,2025-01-20 16:27:21,45,0,normal
user_282,session_2828,Desktop,2,12,0,18,0.0,159,1440x900,Chrome,en-IN,-330,landscape,Kolkata,4849.92,2025-01-19 09:43:53,72,0,normal
user_387,session_3871,Desktop,5,6,0,18,0.0,62,1920x1080,Chrome,en-IN,-330,landscape,Delhi,4692.54,2025-05-18 21:17:44,379,0,normal
user_275,session_2756,Mobile,10,6,0,12,0.77,44,360x640,Edge,en-US,-330,landscape,Mumbai,4910.48,2025-05-26 10:54:16,38,0,normal
user_5,session_59,Desktop,11,11,0,9,0.0,54,1366x768,Chrome,en-IN,-330,landscape,Chennai,2147.56,2025-04-24 11:50:11,357,0,normal
user_7,session_77,Desktop,2,16,0,16,0.0,84,1366x768,Edge,en-IN,-330,landscape,Bengaluru,329.08,2025-04-17 11:45:16,402,0,normal
user_79,session_797,Desktop,7,5,0,10,0.0,233,1920x1080,Safari,en-IN,-330,landscape,Delhi,4984.59,2025-01-24 12:58:59,6,0,normal
user_241,session_2417,Desktop,7,7,0,10,0.0,124,1440x900,Firefox,en-IN,-330,landscape,Chennai,3563.71,2025-02-21 16:44:23,133,0,normal
user_298,session_2986,Mobile,3,12,9,5,0.56,81,390x844,Chrome,en-IN,-330,portrait,Pune,1734.88,2025-05-30 13:30:09,48,0,normal
user_438,session_4388,Desktop,2,8,0,14,0.0,95,1920x1080,Edge,en-IN,-330,landscape,Kolkata,3409.18,2025-05-29 15:34:16,256,0,normal
user_78,session_786,Mobile,8,7,2,24,0.0,140,414x896,Safari,en-IN,-330,portrait,Mumbai,1156.05,2025-01-14 08:48:52,58,0,normal
user_501,session_5018,Desktop,6,15,0,17,0.0,47,1366x768,Safari,en-IN,-330,landscape,Kolkata,996.98,2025-01-07 07:35:16,599,0,normal
user_506,session_5068,Desktop,9,0,0,22,0.0,68,1440x900,Safari,en-US,-330,landscape,Hyderabad,7339.29,2025-01-29 18:58:03,198,0,normal
user_221,session_2218,Desktop,8,6,0,16,0.0,53,1366x768,Firefox,hi-IN,-330,landscape,Ahmedabad,1425.9,2025-05-08 09:53:30,0,0,normal
user_532,session_5322,Desktop,5,3,0,0,0.0,167,1920x1080,Edge,en-IN,-330,landscape,Chennai,4029.47,2025-02-24 16:02:34,61,0,normal
user_502,session_5029,Desktop,5,7,0,11,0.0,78,1366x768,Safari,en-IN,-330,landscape,Chennai,1701.15,2025-04-28 10:35:42,277,0,normal
user_350,session_3505,Desktop,4,8,0,20,0.0,162,1920x1080,Firefox,en-IN,-330,landscape,Delhi,875.38,2025-05-22 18:10:53,242,0,normal
user_337,session_3371,Mobile,9,5,12,22,0.51,165,390x844,Safari,en-IN,-330,portrait,Hyderabad,1212.96,2025-02-15 11:24:16,32,0,normal
user_398,session_3983,Desktop,12,12,0,18,0.0,251,1920x1080,Safari,en-IN,-330,landscape,Pune,1358.38,2025-05-18 16:49:27,593,0,normal
user_462,session_4629,Mobile,5,0,3,4,0.0,106,360x640,Chrome,en-US,-330,portrait,Hyderabad,8203.22,2025-01-19 11:36:39,68,0,normal
user_91,session_911,Desktop,6,10,0,13,0.0,107,1366x768,Chrome,en-IN,-330,landscape,Kolkata,4707.96,2025-04-14 08:08:23,265,0,normal
user_217,session_2173,Desktop,0,12,10,13,0.66,65,1366x768,Edge,hi-IN,-330,landscape,Kolkata,9959.22,2025-04-18 17:32:18,71,1,account_takeover
user_351,session_3519,Desktop,9,11,0,16,0.0,91,1440x900,Firefox,en-IN,-330,landscape,Hyderabad,5708.03,2025-02-06 18:35:24,421,0,normal
user_230,session_2310,Mobile,3,3,11,15,0.28,177,360x640,Edge,en-IN,-330,portrait,Bengaluru,8204.05,2025-03-01 13:43:15,41,0,normal
user_589,session_5895,Mobile,3,9,5,25,0.81,109,360x640,Firefox,en-IN,-330,portrait,Chennai,836.94,2025-01-30 21:59:11,29,0,normal
user_125,session_1258,Mobile,10,7,5,21,1.0,87,360x640,Safari,en-US,-330,portrait,Delhi,5476.0,2025-04-24 12:43:08,73,0,normal
user_249,session_2496,Desktop,0,7,0,21,0.0,270,1440x900,Chrome,en-IN,-330,landscape,Delhi,4372.35,2025-05-02 21:06:35,289,0,normal
user_452,session_4521,Desktop,6,6,0,22,0.0,161,1440x900,Chrome,hi-IN,-330,landscape,Pune,3445.1,2025-01-29 11:01:01,445,0,normal
user_488,session_4886,Mobile,5,6,7,11,0.0,224,414x896,Edge,en-IN,-330,landscape,Bengaluru,209.61,2025-04-05 07:04:17,68,0,normal
user_117,session_1179,Desktop,2,14,0,14,0.0,162,1440x900,Firefox,en-IN,-330,landscape,Mumbai,1529.32,2025-02-14 07:37:12,345,0,normal
user_451,session_4514,Mobile,0,11,9,18,1.13,205,414x896,Firefox,en-IN,-330,landscape,Ahmedabad,1062.61,2025-05-16 16:21:24,46,0,normal
user_489,session_4899,Desktop,3,11,0,20,0.0,194,1440x900,Firefox,en-IN,-330,landscape,Ahmedabad,894.2,2025-02-10 20:43:19,403,0,normal
user_44,session_443,Desktop,9,1,0,4,0.0,52,1920x1080,Safari,en-IN,-330,landscape,Ahmedabad,7663.2,2025-02-22 08:05:31,360,0,normal
user_406,session_4067,Desktop,8,10,0,19,0.0,57,1366x768,Firefox,en-US,-330,landscape,Ahmedabad,7972.14,2025-04-03 15:46:37,381,0,normal
user_303,session_3039,Desktop,6,9,0,15,0.0,120,1440x900,Edge,en-US,-330,landscape,Ahmedabad,1052.06,2025-01-18 11:22:32,427,0,normal
user_329,session_3297,Mobile,6,10,5,14,0.44,23,390x844,Safari,en-IN,-330,portrait,Ahmedabad,11043.69,2025-04-24 01:16:52,40,1,odd_hour_drain
user_571,session_5720,Tablet,5,18,2,0,0.19,229,810x1080,Firefox,en-US,-330,landscape,Pune,6915.55,2025-01-14 22:54:40,45,0,normal
user_105,session_1055,Desktop,6,12,0,24,0.0,141,1920x1080,Edge,en-IN,-330,landscape,Hyderabad,3691.57,2025-02-15 11:57:50,514,0,normal
user_266,session_2670,Desktop,8,8,0,2,0.0,136,1440x900,Edge,en-IN,-330,landscape,Bengaluru,3922.97,2025-01-14 20:21:02,277,0,normal
user_459,session_4597,Desktop,10,3,0,13,0.0,86,1920x1080,Firefox,en-IN,-330,landscape,Delhi,4838.02,2025-04-25 23:50:06,0,0,normal
user_304,session_3045,Desktop,2,9,0,12,0.0,143,1440x900,Edge,en-US,-330,landscape,Mumbai,8363.97,2025-02-12 12:44:44,389,0,normal
user_141,session_1416,Desktop,6,11,0,13,0.0,80,1366x768,Edge,en-IN,-330,landscape,Bengaluru,2187.68,2025-01-04 14:05:41,495,0,normal
user_237,session_2373,Desktop,7,10,0,7,0.0,189,1440x900,Safari,en-IN,-330,landscape,Bengaluru,963.92,2025-03-29 11:38:02,224,0,normal
user_423,session_4238,Desktop,5,6,0,26,0.0,66,1440x900,Chrome,en-US,-330,landscape,Hyderabad,5978.14,2025-03-17 11:46:55,191,0,normal
user_297,session_2973,Mobile,4,3,0,8,0.14,232,414x896,Firefox,en-US,-330,landscape,Pune,5891.27,2025-01-04 10:12:23,26,0,normal
user_542,session_5429,Desktop,3,8,0,0,0.0,114,1366x768,Firefox,en-IN,-330,landscape,Hyderabad,5885.72,2025-03-24 08:45:24,191,0,normal
user_368,session_3686,Desktop,4,4,0,7,0.0,102,1440x900,Chrome,en-IN,-330,landscape,Delhi,1360.26,2025-03-27 23:14:50,312,0,normal
user_516,session_5167,Desktop,2,9,0,8,0.0,79,1920x1080,Safari,en-IN,-330,landscape,Ahmedabad,3354.43,2025-04-01 06:22:42,486,0,normal
user_150,session_1503,Mobile,0,14,0,14,1.05,285,360x640,Safari,en-IN,-330,landscape,Kolkata,5825.49,2025-05-20 15:20:56,48,0,normal
user_470,session_4703,Desktop,6,9,0,17,0.0,118,1440x900,Firefox,en-IN,-330,landscape,Pune,3963.14,2025-04-15 10:28:27,91,0,normal
user_384,session_3845,Mobile,8,3,5,8,1.41,139,414x896,Chrome,en-US,-330,portrait,Hyderabad,6874.11,2025-01-01 14:49:23,54,0,normal
user_201,session_2012,Mobile,8,6,6,10,0.09,133,390x844,Edge,hi-IN,-330,landscape,Mumbai,4468.04,2025-03-02 16:41:26,31,0,normal
user_525,session_5257,Desktop,1,6,0,21,0.0,159,1920x1080,Safari,en-IN,-330,landscape,Bengaluru,387.6,2025-05-11 12:35:36,216,0,normal
user_525,session_5256,Desktop,2,12,0,23,0.0,173,1920x1080,Safari,en-IN,-330,landscape,Bengaluru,746.69,2025-02-23 12:03:54,489,0,normal
user_285,session_2860,Mobile,9,8,5,15,0.02,65,390x844,Safari,hi-IN,-330,portrait,Pune,2342.68,2025-01-06 21:08:45,38,0,normal
user_483,session_4837,Desktop,2,10,0,12,0.0,55,1366x768,Firefox,hi-IN,-330,landscape,Delhi,7011.19,2025-04-14 02:24:22,560,0,normal
user_453,session_4532,Desktop,9,9,0,13,0.0,286,1920x1080,Chrome,en-US,-330,landscape,Bengaluru,1230.02,2025-03-24 03:36:49,388,0,normal
user_346,session_3465,Desktop,5,2,0,7,0.0,104,1366x768,Firefox,en-US,-330,landscape,Mumbai,7101.11,2025-04-13 09:54:13,309,0,normal
user_0,session_7,Mobile,3,5,1,3,0.0,103,414x896,Safari,en-US,-330,portrait,Mumbai,3867.95,2025-03-28 15:04:39,11,0,normal
user_248,session_2488,Mobile,4,1,9,13,1.15,126,414x896,Safari,en-US,-330,landscape,Pune,10782.86,2025-03-28 11:59:24,55,0,normal
user_67,session_679,Desktop,4,17,0,28,0.0,118,1920x1080,Firefox,en-US,-330,landscape,Kolkata,1549.66,2025-05-04 14:21:38,362,0,normal
user_194,session_1944,Desktop,8,6,0,28,0.0,219,1920x1080,Safari,hi-IN,-330,landscape,Mumbai,7812.27,2025-03-18 14:40:54,342,0,normal
user_371,session_3717,Desktop,2,10,0,9,0.0,83,1366x768,Chrome,en-IN,-330,landscape,Kolkata,3616.25,2025-02-10 14:19:09,0,0,normal
user_552,session_5521,Mobile,9,11,4,14,0.81,170,414x896,Safari,en-US,-330,portrait,Mumbai,681.97,2025-01-18 15:03:41,49,0,normal
user_564,session_5644,Desktop,8,3,0,16,0.0,227,1440x900,Chrome,en-IN,-330,landscape,Mumbai,2715.11,2025-04-10 12:26:39,470,0,normal
user_460,session_4603,Mobile,13,4,0,21,0.73,49,390x844,Edge,en-IN,-330,portrait,Ahmedabad,6496.02,2025-05-24 15:07:42,32,0,normal
user_260,session_2608,Mobile,8,15,2,22,0.0,87,390x844,Edge,en-IN,-330,portrait,Pune,605.1,2025-02-09 18:44:26,33,0,normal
user_466,session_4661,Desktop,7,9,0,13,0.0,53,1440x900,Edge,en-IN,-330,landscape,Bengaluru,2747.0,2025-02-07 10:00:34,228,0,normal
user_551,session_5517,Desktop,8,4,0,22,0.0,175,1366x768,Firefox,hi-IN,-330,landscape,Hyderabad,3180.3,2025-01-08 19:17:32,211,0,normal
user_106,session_1065,Desktop,1,3,0,14,0.0,202,1366x768,Safari,en-US,-330,landscape,Chennai,4723.84,2025-04-29 06:02:33,164,0,normal
user_373,session_3733,Mobile,11,8,1,13,0.34,137,360x640,Chrome,en-IN,-330,landscape,Mumbai,7002.36,2025-01-11 22:28:50,46,0,normal
user_224,session_2243,Desktop,4,7,0,21,0.0,55,1440x900,Safari,hi-IN,-330,landscape,Pune,1384.71,2025-05-16 08:41:00,432,0,normal
user_147,session_1475,Mobile,9,7,4,0,0.81,206,390x844,Safari,en-IN,-330,portrait,Kolkata,5098.0,2025-03-29 16:26:26,15,0,normal
user_444,session_4450,Desktop,2,6,0,9,0.0,280,1440x900,Edge,en-IN,-330,landscape,Hyderabad,4999.14,2025-05-25 12:02:51,336,0,normal
user_188,session_1890,Mobile,1,7,4,14,0.57,269,390x844,Firefox,en-IN,-330,portrait,Pune,6479.7,2025-03-29 22:42:22,41,0,normal
user_345,session_3455,Desktop,9,2,0,17,0.0,129,1920x1080,Firefox,en-IN,-330,landscape,Chennai,4400.93,2025-01-03 18:54:06,400,0,normal
user_202,session_2022,Desktop,3,4,0,0,0.0,90,1440x900,Chrome,en-IN,-330,landscape,Ahmedabad,8049.15,2025-01-13 18:03:07,273,0,normal
user_523,session_5236,Desktop,10,11,0,13,0.0,293,1366x768,Firefox,en-IN,-330,landscape,Pune,4986.52,2025-01-30 16:43:56,484,0,normal
user_427,session_4271,Mobile,5,1,6,11,0.71,59,390x844,Firefox,en-IN,-330,portrait,Kolkata,998.82,2025-02-03 14:10:56,39,0,normal
user_265,session_2659,Mobile,7,14,3,11,0.43,84,360x640,Firefox,en-IN,-330,portrait,Chennai,278.88,2025-01-22 08:59:05,32,0,normal
user_246,session_2468,Desktop,4,7,0,8,0.0,170,1366x768,Edge,en-IN,-330,landscape,Bengaluru,2820.2,2025-05-19 22:05:05,294,0,normal
user_275,session_2752,Mobile,3,7,5,23,1.11,131,360x640,Edge,en-US,-330,portrait,Mumbai,6991.82,2025-02-12 10:05:52,71,0,normal
user_113,session_1131,Mobile,6,9,3,13,0.18,222,414x896,Safari,en-IN,-330,landscape,Delhi,152.9,2025-05-18 18:10:38,43,0,normal
user_146,session_1462,Desktop,0,14,0,9,0.0,33,1440x900,Firefox,en-IN,-330,landscape,Bengaluru,6894.46,2025-03-08 07:34:10,259,0,normal
user_468,session_4690,Mobile,4,4,4,17,0.0,75,414x896,Safari,en-US,-330,portrait,Delhi,5220.56,2025-01-29 23:26:06,2,0,normal
user_543,session_5431,Desktop,8,8,0,0,0.0,22,1366x768,Edge,en-IN,-330,landscape,Mumbai,6581.55,2025-01-19 09:33:38,459,0,normal
user_330,session_3309,Tablet,0,0,4,13,0.57,98,768x1024,Chrome,hi-IN,-330,landscape,Chennai,300.45,2025-05-28 16:08:21,0,0,normal
user_326,session_3261,Desktop,8,0,0,20,0.0,150,1440x900,Safari,en-IN,-330,landscape,Bengaluru,4045.5,2025-01-14 11:01:48,406,0,normal
user_22,session_223,Mobile,4,11,2,23,0.61,209,414x896,Safari,en-IN,-330,portrait,Ahmedabad,466.45,2025-04-16 13:21:17,33,0,normal
user_556,session_5563,Mobile,0,8,4,16,0.0,94,414x896,Firefox,en-IN,-330,portrait,Bengaluru,3327.9,2025-05-11 08:53:29,31,0,normal
user_4,session_49,Desktop,5,3,0,27,0.0,111,1440x900,Chrome,en-IN,-330,landscape,Hyderabad,3197.03,2025-02-11 11:26:27,381,0,normal
user_57,session_574,Desktop,2,7,0,13,0.0,66,1366x768,Edge,en-IN,-330,landscape,Bengaluru,4937.06,2025-05-15 08:00:53,288,0,normal
user_123,session_1237,Mobile,2,7,3,17,1.41,145,390x844,Edge,en-US,-330,landscape,Bengaluru,1910.4,2025-04-22 14:58:38,21,0,normal
user_456,session_4562,Desktop,6,5,0,19,0.0,153,1366x768,Firefox,en-IN,-330,landscape,Pune,3137.07,2025-03-06 16:30:51,401,0,normal
user_581,session_5816,Desktop,11,11,0,20,0.0,54,1440x900,Edge,hi-IN,-330,landscape,Pune,9871.35,2025-03-27 20:24:03,143,0,normal
user_538,session_5390,Mobile,5,2,10,9,0.34,126,414x896,Safari,en-US,-330,portrait,Ahmedabad,1241.14,2025-03-06 14:14:12,21,0,normal
user_228,session_2283,Mobile,15,12,7,23,0.25,41,360x640,Chrome,en-IN,-330,landscape,Kolkata,6576.45,2025-01-16 09:43:19,14,0,normal
user_407,session_4079,Mobile,3,4,4,9,0.92,182,360x640,Edge,en-IN,-330,landscape,Pune,3485.86,2025-05-11 08:11:21,55,0,normal
user_26,session_268,Tablet,4,8,7,6,1.21,56,810x1080,Safari,en-IN,-330,landscape,Ahmedabad,766.39,2025-01-10 11:05:48,39,0,normal
user_110,session_1105,Desktop,9,13,0,26,0.0,200,1920x1080,Firefox,en-IN,-330,landscape,Chennai,5457.73,2025-04-01 17:43:40,239,0,normal
user_230,session_2306,Mobile,6,6,4,13,0.37,121,360x640,Edge,en-IN,-330,landscape,Bengaluru,6376.68,2025-03-05 11:58:42,44,0,normal
user_511,session_5118,Mobile,7,11,7,11,0.0,168,360x640,Chrome,en-IN,-330,portrait,Pune,3884.78,2025-05-12 15:06:40,31,0,normal
user_193,session_1936,Mobile,6,12,11,20,1.23,134,414x896,Edge,en-US,-330,landscape,Pune,432.75,2025-01-20 14:56:17,66,0,normal
user_38,session_387,Desktop,6,3,0,16,0.0,107,1920x1080,Safari,en-IN,-330,landscape,Mumbai,2638.02,2025-01-07 21:55:15,406,0,normal
user_170,session_1702,Mobile,10,6,1,15,0.56,260,414x896,Chrome,en-IN,-330,portrait,Chennai,3951.03,2025-02-26 22:51:31,28,0,normal
user_162,session_1629,Desktop,3,9,0,13,0.0,400,1920x1080,Safari,en-IN,-330,landscape,Ahmedabad,5624.15,2025-03-27 17:03:35,289,0,normal
user_320,session_3201,Desktop,2,5,0,11,0.0,37,1440x900,Chrome,en-IN,-330,landscape,Chennai,2703.13,2025-04-29 12:25:20,385,0,normal
user_271,session_2715,Desktop,3,10,0,15,0.0,53,1920x1080,Chrome,en-IN,-330,landscape,Mumbai,1112.04,2025-05-30 12:27:11,477,0,normal
user_298,session_2987,Mobile,3,7,3,2,0.17,103,390x844,Chrome,en-IN,-330,landscape,Pune,1762.76,2025-04-18 12:56:59,27,0,normal
user_524,session_5246,Desktop,3,15,0,22,0.0,259,1440x900,Safari,en-IN,-330,landscape,Hyderabad,4407.51,2025-02-19 09:22:32,380,0,normal
user_156,session_1564,Desktop,5,4,0,13,0.0,180,1440x900,Chrome,en-IN,-330,landscape,Ahmedabad,10983.33,2025-03-09 21:04:36,174,0,normal
user_357,session_3579,Desktop,10,12,0,14,0.0,84,1366x768,Chrome,en-IN,-330,landscape,Chennai,3117.71,2025-02-26 09:03:21,323,0,normal
user_20,session_210,Desktop,5,6,0,17,0.0,62,1920x1080,Edge,en-IN,-330,landscape,Chennai,10339.63,2025-05-04 10:40:57,438,0,normal
user_90,session_910,Mobile,12,3,6,14,0.43,158,414x896,Chrome,en-IN,-330,portrait,Bengaluru,5013.04,2025-03-20 10:11:57,26,0,normal
user_128,session_1290,Desktop,7,12,0,18,0.0,69,1366x768,Firefox,en-US,-330,landscape,Pune,5058.59,2025-03-17 19:08:46,528,0,normal
user_452,session_4529,Desktop,2,5,0,13,0.0,306,1440x900,Chrome,hi-IN,-330,landscape,Pune,2606.1,2025-02-05 11:48:47,240,0,normal
user_495,session_4953,Desktop,7,10,0,24,0.0,157,1440x900,Chrome,en-IN,-330,landscape,Bengaluru,7136.65,2025-01-14 17:16:51,312,0,normal
user_184,session_1843,Desktop,7,12,0,27,0.0,129,1440x900,Firefox,en-IN,-330,landscape,Bengaluru,4318.24,2025-04-18 19:13:59,484,0,normal
user_249,session_2498,Desktop,5,6,0,15,0.0,283,1440x900,Chrome,en-IN,-330,landscape,Delhi,3883.67,2025-05-20 12:40:11,378,0,normal
user_490,session_4905,Desktop,6,6,0,10,0.0,158,1366x768,Firefox,en-US,-330,landscape,Delhi,429.31,2025-04-22 05:10:53,181,0,normal
user_432,session_4324,Desktop,6,12,0,9,0.0,97,1366x768,Chrome,en-IN,-330,landscape,Delhi,307.06,2025-02-02 13:55:48,328,0,normal
user_95,session_959,Desktop,6,10,0,20,0.0,49,1366x768,Safari,en-US,-330,landscape,Mumbai,1491.66,2025-02-20 23:55:42,180,0,normal
user_179,session_1794,Desktop,9,8,0,15,0.0,110,1366x768,Chrome,en-US,-330,landscape,Pune,555.51,2025-01-16 09:58:46,363,0,normal
user_208,session_2089,Desktop,0,5,0,31,0.0,126,1366x768,Safari,en-US,-330,landscape,Mumbai,6054.01,2025-02-22 06:56:52,85,0,normal
user_270,session_2703,Mobile,1,18,7,3,0.81,232,360x640,Chrome,hi-IN,-330,portrait,Delhi,2430.24,2025-05-10 13:01:27,31,0,normal
user_33,session_332,Mobile,13,6,10,12,1.28,229,390x844,Edge,en-IN,-330,landscape,Delhi,1635.35,2025-03-23 12:28:42,66,0,normal
user_333,session_3335,Desktop,4,8,0,21,0.0,144,1440x900,Edge,en-IN,-330,landscape,Ahmedabad,5101.41,2025-05-26 12:08:28,424,0,normal
user_388,session_3882,Desktop,10,14,0,18,0.0,39,1366x768,Firefox,hi-IN,-330,landscape,Chennai,7835.81,2025-03-14 12:50:45,441,0,normal
user_299,session_2992,Mobile,5,14,5,14,0.32,257,414x896,Firefox,en-IN,-330,portrait,Ahmedabad,4150.08,2025-05-13 15:15:36,54,0,normal
user_245,session_2460,Desktop,10,10,0,14,0.0,85,1920x1080,Chrome,en-IN,-330,landscape,Pune,6241.33,2025-02-16 19:18:43,271,0,normal
user_177,session_1775,Mobile,8,7,3,11,0.7,134,390x844,Edge,en-IN,-330,landscape,Mumbai,224.36,2025-04-05 11:41:46,54,0,normal
user_421,session_4212,Desktop,1,7,0,20,0.0,82,1440x900,Safari,en-IN,-330,landscape,Hyderabad,1443.71,2025-05-20 22:25:06,421,0,normal
user_474,session_4742,Desktop,1,0,0,0,0.0,19,1920x1080,Firefox,en-US,-330,landscape,Pune,7840.14,2025-03-05 16:34:58,246,1,copy_paste_drain
user_415,session_4152,Desktop,7,10,0,5,0.0,140,1366x768,Edge,en-IN,-330,landscape,Pune,6277.09,2025-05-19 18:05:51,13,0,normal
user_416,session_4164,Mobile,5,4,0,4,0.26,142,360x640,Safari,en-US,-330,portrait,Bengaluru,7349.06,2025-05-20 12:31:30,37,0,normal
user_486,session_4868,Desktop,7,8,0,16,0.0,67,1366x768,Edge,hi-IN,-330,landscape,Ahmedabad,6970.4,2025-03-15 13:28:12,414,0,normal
user_529,session_5291,Mobile,4,13,2,31,0.63,41,360x640,Safari,en-IN,-330,landscape,Bengaluru,6443.36,2025-01-26 06:24:27,57,0,normal
user_376,session_3766,Desktop,5,7,0,27,0.0,211,1366x768,Firefox,en-IN,-330,landscape,Chennai,6165.97,2025-02-24 08:26:34,289,0,normal
user_280,session_2810,Tablet,5,17,3,18,0.18,56,810x1080,Safari,en-IN,-330,portrait,Hyderabad,5065.25,2025-02-25 15:39:14,28,0,normal
user_171,session_1711,Mobile,8,4,5,19,0.58,51,360x640,Edge,hi-IN,-330,portrait,Ahmedabad,10220.52,2025-03-20 11:15:22,27,0,normal
user_457,session_4580,Mobile,12,9,3,20,0.85,130,360x640,Safari,hi-IN,-330,portrait,Delhi,5771.53,2025-05-04 22:23:10,21,0,normal
user_247,session_2479,Tablet,5,6,12,4,0.34,94,768x1024,Firefox,en-IN,-330,landscape,Bengaluru,2497.74,2025-05-12 19:30:39,0,0,normal
user_136,session_1367,Desktop,3,12,0,9,0.0,159,1440x900,Safari,en-IN,-330,landscape,Pune,3554.21,2025-03-21 09:14:57,361,0,normal
user_17,session_174,Desktop,3,1,0,17,0.0,106,1366x768,Firefox,en-IN,-330,landscape,Bengaluru,6207.18,2025-03-27 10:01:59,528,0,normal
user_403,session_4040,Mobile,4,2,6,14,0.99,181,390x844,Edge,en-IN,-330,portrait,Ahmedabad,2856.86,2025-03-22 15:22:49,27,0,normal
user_441,session_4420,Mobile,5,8,0,9,0.32,111,360x640,Safari,en-IN,-330,portrait,Ahmedabad,446.81,2025-03-29 17:36:46,76,0,normal
user_444,session_4444,Desktop,6,3,0,16,0.0,270,1440x900,Edge,en-IN,-330,landscape,Hyderabad,7236.3,2025-04-12 09:21:39,139,0,normal
user_599,session_5998,Tablet,5,3,3,11,1.59,59,810x1080,Edge,en-IN,-330,landscape,Kolkata,1412.21,2025-02-20 07:50:50,5,0,normal
user_409,session_4093,Desktop,2,8,0,12,0.0,82,1440x900,Safari,en-IN,-330,landscape,Pune,5475.13,2025-05-30 20:01:46,33,0,normal
user_195,session_1953,Desktop,13,3,0,17,0.0,110,1920x1080,Firefox,hi-IN,-330,landscape,Chennai,8114.34,2025-05-01 23:56:24,310,0,normal
user_320,session_3204,Desktop,4,4,0,21,0.0,146,1440x900,Chrome,en-IN,-330,landscape,Chennai,3803.24,2025-02-27 06:41:15,209,0,normal
user_335,session_3354,Desktop,6,13,0,13,0.0,241,1440x900,Firefox,en-US,-330,landscape,Ahmedabad,1427.4,2025-04-25 12:29:32,97,0,normal
user_203,session_2037,Desktop,8,11,0,10,0.0,77,1366x768,Chrome,en-IN,-330,landscape,Chennai,8426.8,2025-03-24 12:55:09,100,0,normal
user_387,session_3879,Desktop,9,0,0,0,0.0,90,1920x1080,Chrome,en-IN,-330,landscape,Delhi,1185.8,2025-01-11 22:44:11,104,0,normal
user_440,session_4401,Desktop,6,0,0,12,0.0,195,1366x768,Firefox,en-IN,-330,landscape,Kolkata,2917.39,2025-05-14 08:33:33,72,0,normal
user_1,session_19,Mobile,8,5,4,21,0.31,111,390x844,Firefox,en-IN,-330,landscape,Delhi,5517.63,2025-05-25 13:19:32,51,0,normal
user_0,session_1,Mobile,2,5,4,19,0.98,197,414x896,Safari,en-US,-330,landscape,Mumbai,8783.07,2025-03-06 15:08:14,33,0,normal
user_217,session_2175,Tablet,12,6,6,24,0.79,39,810x1080,Firefox,hi-IN,-330,portrait,Pune,3373.05,2025-02-13 15:34:49,71,0,normal
user_135,session_1357,Desktop,0,10,9,13,0.34,203,1920x1080,Chrome,en-IN,-330,landscape,Bengaluru,8697.39,2025-05-19 04:10:19,29,1,account_takeover
user_557,session_5577,Desktop,9,14,0,0,0.0,196,1366x768,Firefox,en-US,-330,landscape,Chennai,7521.71,2025-01-02 14:13:31,151,0,normal
user_477,session_4773,Desktop,7,9,0,6,0.0,218,1920x1080,Chrome,en-US,-330,landscape,Ahmedabad,1833.41,2025-04-19 12:40:38,277,0,normal
user_315,session_3160,Desktop,0,5,0,17,0.0,53,1440x900,Edge,hi-IN,-330,landscape,Bengaluru,9751.44,2025-04-02 12:22:46,275,0,normal
user_39,session_397,Desktop,7,7,0,15,0.0,86,1440x900,Edge,en-US,-330,landscape,Hyderabad,5776.76,2025-05-15 13:17:21,247,0,normal
user_450,session_4508,Mobile,6,4,7,7,0.4,158,360x640,Firefox,en-IN,-330,portrait,Chennai,2070.13,2025-04-09 12:26:14,36,0,normal
user_334,session_3342,Desktop,6,7,0,11,0.0,170,1440x900,Firefox,en-IN,-330,landscape,Pune,7156.99,2025-04-17 11:30:51,253,0,normal
user_181,session_1813,Desktop,5,5,0,18,0.0,95,1366x768,Safari,en-IN,-330,landscape,Delhi,583.44,2025-05-19 15:13:27,398,0,normal
user_389,session_3897,Mobile,8,14,1,20,0.21,150,390x844,Firefox,en-IN,-330,landscape,Kolkata,7298.93,2025-02-08 15:05:56,29,0,normal
user_434,session_4350,Mobile,5,5,4,18,0.13,48,414x896,Chrome,hi-IN,-330,portrait,Ahmedabad,2445.3,2025-05-16 22:31:15,25,0,normal
user_81,session_817,Tablet,1,15,2,20,0.55,217,768x1024,Safari,en-IN,-330,portrait,Pune,2953.01,2025-03-25 19:43:52,34,0,normal
user_157,session_1573,Mobile,3,12,0,3,0.56,152,414x896,Safari,en-IN,-330,portrait,Ahmedabad,6998.46,2025-02-09 15:51:03,51,0,normal
user_473,session_4731,Tablet,2,7,1,13,0.28,87,810x1080,Firefox,en-IN,-330,landscape,Bengaluru,1414.48,2025-04-11 06:24:25,38,0,normal
user_180,session_1801,Desktop,3,8,0,13,0.0,178,1440x900,Firefox,en-IN,-330,landscape,Bengaluru,4148.61,2025-03-02 18:14:44,440,0,normal
user_228,session_2281,Mobile,1,6,7,23,1.67,48,360x640,Chrome,en-IN,-330,portrait,Kolkata,7985.11,2025-05-21 10:41:03,28,0,normal
user_505,session_5059,Desktop,6,10,0,4,0.0,175,1920x1080,Chrome,en-IN,-330,landscape,Delhi,839.32,2025-04-22 06:27:02,298,0,normal
user_582,session_5822,Desktop,0,0,0,4,0.0,170,1440x900,Firefox,hi-IN,-330,landscape,Delhi,7142.95,2025-01-07 22:11:54,189,0,normal
user_391,session_3911,Desktop,8,15,0,22,0.0,135,1440x900,Edge,en-IN,-330,landscape,Delhi,1134.72,2025-05-12 21:02:35,509,0,normal
user_453,session_4536,Desktop,8,18,0,22,0.0,235,1920x1080,Chrome,en-US,-330,landscape,Bengaluru,566.23,2025-01-07 07:38:43,332,0,normal
user_514,session_5145,Mobile,6,7,4,15,0.01,226,414x896,Chrome,en-IN,-330,landscape,Hyderabad,5475.81,2025-04-19 15:13:17,39,0,normal
user_517,session_5172,Desktop,1,9,0,2,0.0,145,1366x768,Safari,en-IN,-330,landscape,Kolkata,5653.77,2025-04-26 15:10:58,324,0,normal
user_439,session_4396,Mobile,5,12,0,16,0.0,147,390x844,Safari,en-IN,-330,portrait,Ahmedabad,5994.0,2025-04-23 23:25:35,296,1,device_spoof
user_415,session_4156,Desktop,8,6,0,5,0.0,106,1366x768,Edge,en-IN,-330,landscape,Pune,7240.91,2025-01-24 18:37:41,401,0,normal
user_383,session_3836,Tablet,6,7,3,15,0.75,305,768x1024,Chrome,en-IN,-330,landscape,Chennai,5167.4,2025-04-25 20:08:08,91,0,normal
user_473,session_4732,Tablet,3,0,2,8,0.36,118,810x1080,Firefox,en-IN,-330,portrait,Bengaluru,2462.44,2025-01-12 09:50:00,50,0,normal
user_533,session_5338,Mobile,8,8,7,20,0.37,148,360x640,Chrome,en-IN,-330,portrait,Kolkata,4454.72,2025-03-30 10:53:31,10,0,normal
user_55,session_555,Desktop,5,7,0,9,0.0,79,1366x768,Chrome,hi-IN,-330,landscape,Kolkata,780.44,2025-05-26 20:14:52,146,0,normal
user_115,session_1160,Mobile,2,11,4,21,0.0,146,360x640,Safari,en-IN,-330,landscape,Pune,5114.93,2025-02-28 13:22:23,40,0,normal
user_121,session_1214,Desktop,10,13,0,22,0.0,119,1440x900,Firefox,en-IN,-330,landscape,Pune,1469.27,2025-01-29 14:02:22,279,0,normal
user_403,session_4033,Mobile,9,13,6,4,0.61,291,390x844,Edge,en-IN,-330,landscape,Ahmedabad,4999.59,2025-05-23 15:11:00,43,0,normal
user_132,session_1326,Desktop,1,6,0,27,0.0,171,1440x900,Firefox,en-US,-330,landscape,Hyderabad,1721.33,2025-05-24 15:50:22,330,0,normal
user_328,session_3287,Tablet,9,0,8,20,0.77,51,768x1024,Edge,en-IN,-330,portrait,Pune,5365.43,2025-05-09 14:06:14,40,0,normal
user_334,session_3350,Desktop,10,5,0,10,0.0,156,1440x900,Firefox,en-IN,-330,landscape,Pune,5619.92,2025-01-12 08:08:38,434,0,normal
user_70,session_701,Desktop,4,7,0,22,0.0,219,1440x900,Edge,en-IN,-330,landscape,Kolkata,1858.85,2025-02-10 19:10:07,388,0,normal
user_270,session_2701,Mobile,4,3,6,20,0.57,195,360x640,Chrome,hi-IN,-330,portrait,Delhi,1041.36,2025-05-10 19:28:01,40,0,normal
user_429,session_4294,Desktop,10,5,0,16,0.0,163,1440x900,Firefox,en-IN,-330,landscape,Pune,7662.59,2025-01-02 13:39:52,414,0,normal
user_184,session_1848,Desktop,3,4,0,13,0.0,220,1440x900,Firefox,en-IN,-330,landscape,Bengaluru,2391.9,2025-01-31 17:45:18,444,0,normal
user_440,session_4407,Desktop,3,0,0,18,0.0,223,1366x768,Firefox,en-IN,-330,landscape,Kolkata,3354.03,2025-02-02 10:07:08,362,0,normal
user_563,session_5635,Desktop,7,11,0,9,0.0,182,1366x768,Edge,en-US,-330,landscape,Ahmedabad,3782.19,2025-03-18 09:35:52,265,0,normal
user_145,session_1456,Desktop,2,8,0,17,0.0,131,1366x768,Chrome,en-IN,-330,landscape,Chennai,3532.47,2025-04-18 20:23:43,402,0,normal
user_501,session_5020,Desktop,6,8,0,19,0.0,74,1366x768,Safari,en-IN,-330,landscape,Kolkata,965.12,2025-04-26 07:03:59,221,0,normal
user_561,session_5615,Desktop,1,8,0,2,0.0,132,1366x768,Safari,en-US,-330,landscape,Delhi,2527.22,2025-01-09 21:53:12,393,0,normal
user_412,session_4128,Mobile,0,4,10,5,0.0,50,360x640,Safari,en-US,-330,landscape,Kolkata,1984.11,2025-01-07 19:51:16,39,0,normal
user_86,session_867,Desktop,6,17,0,13,0.0,217,1920x1080,Chrome,en-IN,-330,landscape,Pune,9046.71,2025-05-25 16:50:43,355,0,normal
user_458,session_4585,Mobile,4,6,5,15,1.05,245,360x640,Firefox,en-US,-330,portrait,Delhi,2544.22,2025-01-28 15:43:07,67,0,normal
user_164,session_1645,Desktop,2,0,0,0,0.0,13,1440x900,Firefox,en-IN,-330,landscape,Kolkata,11050.07,2025-04-12 14:03:17,474,1,copy_paste_drain
user_214,session_2141,Mobile,5,6,8,12,0.8,91,390x844,Chrome,en-IN,-330,portrait,Mumbai,9966.65,2025-01-14 20:34:49,55,0,normal
user_446,session_4464,Desktop,5,2,0,9,0.0,146,1920x1080,Safari,hi-IN,-330,landscape,Bengaluru,6529.81,2025-03-15 11:46:29,298,0,normal
user_398,session_3989,Desktop,10,5,0,14,0.0,204,1920x1080,Safari,en-IN,-330,landscape,Pune,1435.16,2025-01-06 15:34:35,205,0,normal
user_149,session_1491,Desktop,6,12,0,21,0.0,70,1920x1080,Chrome,en-IN,-330,landscape,Bengaluru,4020.3,2025-04-13 10:20:44,224,0,normal
user_550,session_5507,Desktop,3,7,0,25,0.0,49,1920x1080,Edge,en-IN,-330,landscape,Hyderabad,5998.37,2025-01-23 21:23:11,563,0,normal
user_72,session_730,Desktop,0,10,0,8,0.0,188,1440x900,Firefox,en-IN,-330,landscape,Ahmedabad,1863.11,2025-01-08 13:19:04,233,0,normal
user_458,session_4583,Mobile,2,13,3,2,0.0,196,360x640,Firefox,en-US,-330,portrait,Delhi,4782.76,2025-05-11 17:01:26,44,0,normal
user_349,session_3500,Mobile,3,7,10,15,0.6,186,414x896,Firefox,en-IN,-330,landscape,Hyderabad,6027.27,2025-02-09 14:11:42,30,0,normal
user_262,session_2621,Mobile,6,8,8,9,1.58,163,414x896,Safari,hi-IN,-330,portrait,Delhi,2380.98,2025-02-28 08:43:40,44,0,normal
user_193,session_1937,Mobile,9,4,7,8,0.44,100,414x896,Edge,en-US,-330,portrait,Pune,451.21,2025-01-12 13:53:35,53,0,normal
user_555,session_5552,Desktop,9,4,0,9,0.0,66,1920x1080,Safari,en-IN,-330,landscape,Delhi,7673.71,2025-05-12 11:35:15,415,0,normal
user_111,session_1111,Desktop,2,5,0,19,0.0,40,1440x900,Edge,en-IN,-330,landscape,Ahmedabad,1002.32,2025-03-26 08:02:10,0,0,normal
user_487,session_4871,Desktop,4,10,0,20,0.0,203,1440x900,Chrome,en-IN,-330,landscape,Delhi,10207.32,2025-02-19 21:21:17,378,0,normal
user_536,session_5361,Mobile,1,11,3,16,0.55,190,360x640,Firefox,en-IN,-330,portrait,Bengaluru,1387.42,2025-04-19 11:06:31,55,0,normal
user_239,session_2395,Desktop,10,9,0,16,0.0,108,1920x1080,Firefox,hi-IN,-330,landscape,Pune,4426.27,2025-05-12 16:09:55,427,0,normal
user_118,session_1186,Desktop,11,12,0,19,0.0,112,1920x1080,Chrome,en-IN,-330,landscape,Chennai,7055.67,2025-01-09 10:13:03,628,0,normal
user_200,session_2008,Desktop,6,9,0,16,0.0,156,1366x768,Firefox,en-US,-330,landscape,Kolkata,4274.4,2025-02-27 15:35:07,404,0,normal
user_19,session_194,Desktop,6,0,0,18,0.0,40,1920x1080,Chrome,en-IN,-330,landscape,Chennai,6195.61,2025-01-11 18:11:39,9,0,normal
user_151,session_1516,Mobile,4,8,10,18,0.86,131,390x844,Safari,en-IN,-330,landscape,Chennai,666.69,2025-04-27 19:28:34,68,0,normal
user_57,session_579,Desktop,2,0,0,11,0.0,130,1366x768,Edge,en-IN,-330,landscape,Bengaluru,9218.07,2025-04-02 16:06:56,203,0,normal
user_212,session_2124,Mobile,6,0,7,8,1.28,128,414x896,Safari,en-IN,-330,landscape,Bengaluru,6998.58,2025-02-16 03:54:40,53,0,normal
user_142,session_1430,Desktop,8,7,0,12,0.0,102,1440x900,Chrome,en-IN,-330,landscape,Chennai,8199.21,2025-01-27 12:33:52,322,0,normal
user_77,session_772,Mobile,5,14,5,18,0.0,188,414x896,Chrome,en-IN,-330,portrait,Ahmedabad,1597.27,2025-02-13 16:32:40,35,0,normal
user_520,session_5206,Tablet,0,8,0,11,0.0,131,810x1080,Safari,hi-IN,-330,landscape,Pune,8575.57,2025-01-04 12:05:16,358,1,account_takeover
user_239,session_2396,Desktop,12,5,0,15,0.0,116,1920x1080,Firefox,hi-IN,-330,landscape,Pune,9965.03,2025-02-21 10:49:00,348,0,normal
user_594,session_5942,Desktop,6,13,0,15,0.0,115,1366x768,Firefox,en-IN,-330,landscape,Delhi,1532.89,2025-05-28 18:25:58,334,0,normal
user_184,session_1847,Desktop,6,13,0,11,0.0,259,1440x900,Firefox,en-IN,-330,landscape,Bengaluru,7224.31,2025-05-28 20:14:12,610,0,normal
user_13,session_132,Desktop,8,9,0,16,0.0,53,1920x1080,Edge,en-IN,-330,landscape,Hyderabad,1016.1,2025-01-19 14:33:09,186,0,normal
user_17,session_179,Desktop,7,10,0,24,0.0,86,1366x768,Firefox,en-IN,-330,landscape,Bengaluru,5520.64,2025-01-21 17:34:06,292,0,normal
user_535,session_5356,Tablet,8,8,1,15,0.56,191,810x1080,Safari,en-IN,-330,portrait,Kolkata,3707.96,2025-03-03 12:28:28,28,0,normal
user_380,session_3810,Desktop,1,6,0,1,0.0,120,1366x768,Edge,en-US,-330,landscape,Bengaluru,921.9,2025-04-08 18:50:35,87,0,normal
user_356,session_3568,Desktop,5,18,0,11,0.0,182,1920x1080,Safari,en-IN,-330,landscape,Mumbai,230.06,2025-03-13 18:08:37,152,0,normal
user_258,session_2581,Desktop,1,8,0,22,0.0,94,1920x1080,Edge,en-IN,-330,landscape,Ahmedabad,2048.06,2025-05-03 17:16:12,430,0,normal
user_362,session_3626,Desktop,11,8,0,17,0.0,251,1366x768,Safari,en-US,-330,landscape,Ahmedabad,2192.39,2025-04-02 12:51:23,257,0,normal
user_427,session_4280,Mobile,11,2,3,11,0.0,82,390x844,Firefox,en-IN,-330,portrait,Kolkata,1359.35,2025-01-06 19:00:10,35,0,normal
user_265,session_2653,Mobile,8,11,8,12,0.37,119,360x640,Firefox,en-IN,-330,landscape,Chennai,530.76,2025-03-18 12:30:22,11,0,normal
user_421,session_4220,Desktop,11,11,0,18,0.0,65,1440x900,Safari,en-IN,-330,landscape,Hyderabad,1254.89,2025-04-09 23:48:26,367,0,normal
user_207,session_2074,Desktop,2,7,0,15,0.0,63,1366x768,Edge,en-IN,-330,landscape,Bengaluru,6790.39,2025-03-03 04:58:19,354,0,normal
user_65,session_659,Desktop,8,12,0,21,0.0,109,1920x1080,Edge,en-US,-330,landscape,Kolkata,638.71,2025-03-27 21:33:14,542,0,normal
user_189,session_1897,Desktop,10,11,0,19,0.0,58,1440x900,Safari,en-IN,-330,landscape,Delhi,2932.73,2025-05-23 14:28:16,261,0,normal
user_441,session_4412,Mobile,4,8,4,10,0.42,119,360x640,Safari,en-IN,-330,landscape,Ahmedabad,283.15,2025-04-22 17:11:09,53,0,normal
user_406,session_4064,Desktop,8,9,0,16,0.0,92,1366x768,Firefox,en-US,-330,landscape,Ahmedabad,12632.47,2025-02-01 15:07:33,242,0,normal
user_222,session_2222,Desktop,2,7,0,6,0.0,210,1920x1080,Chrome,en-IN,-330,landscape,Bengaluru,1134.59,2025-02-28 20:22:17,287,0,normal
user_567,session_5679,Desktop,4,9,0,9,0.0,152,1920x1080,Safari,en-IN,-330,landscape,Ahmedabad,5024.51,2025-04-16 14:50:46,282,0,normal
user_237,session_2380,Desktop,6,3,0,14,0.0,141,1440x900,Safari,en-IN,-330,landscape,Bengaluru,2598.85,2025-03-17 09:02:09,208,0,normal
user_144,session_1448,Tablet,1,8,5,12,0.54,112,768x1024,Chrome,en-US,-330,landscape,Hyderabad,1068.0,2025-04-09 07:17:44,24,0,normal
user_34,session_343,Desktop,5,9,0,19,0.0,117,1440x900,Firefox,hi-IN,-330,landscape,Kolkata,6194.36,2025-03-28 12:03:19,357,0,normal
user_360,session_3605,Desktop,12,5,0,26,0.0,36,1366x768,Chrome,en-US,-330,landscape,Ahmedabad,5024.7,2025-01-19 12:34:06,545,0,normal
user_252,session_2528,Desktop,6,8,0,11,0.0,56,1366x768,Firefox,en-US,-330,landscape,Ahmedabad,1510.87,2025-04-17 08:06:49,461,0,normal
user_72,session_728,Desktop,4,1,0,5,0.0,366,1440x900,Firefox,en-IN,-330,landscape,Ahmedabad,3882.17,2025-05-05 15:42:19,409,0,normal
user_472,session_4723,Mobile,6,6,4,9,1.25,135,360x640,Safari,en-IN,-330,portrait,Kolkata,12797.23,2025-04-17 20:25:33,54,0,normal
user_97,session_977,Mobile,6,0,0,4,0.96,85,390x844,Chrome,en-IN,-330,landscape,Mumbai,8574.49,2025-05-06 21:20:35,71,0,normal
user_361,session_3615,Mobile,13,11,6,15,0.75,62,360x640,Chrome,en-IN,-330,landscape,Mumbai,1496.61,2025-05-14 21:30:46,36,0,normal
user_416,session_4162,Mobile,8,1,6,7,1.31,74,360x640,Safari,en-US,-330,portrait,Bengaluru,7510.14,2025-01-14 11:14:47,24,0,normal
user_192,session_1929,Mobile,8,15,3,13,0.0,178,360x640,Edge,en-IN,-330,portrait,Pune,1135.38,2025-02-19 06:36:43,25,0,normal
user_369,session_3695,Mobile,6,8,0,22,0.81,176,360x640,Firefox,en-US,-330,portrait,Kolkata,7460.38,2025-04-13 14:12:01,52,0,normal
user_576,session_5761,Desktop,0,0,0,20,0.0,120,1920x1080,Firefox,en-IN,-330,landscape,Pune,518.67,2025-05-17 23:16:19,244,0,normal
user_129,session_1300,Desktop,5,5,0,10,0.0,154,1366x768,Edge,en-US,-330,landscape,Mumbai,1248.48,2025-03-19 12:07:09,291,0,normal
user_417,session_4174,Desktop,10,6,0,13,0.0,238,1440x900,Safari,en-IN,-330,landscape,Delhi,3218.11,2025-03-06 08:39:50,299,0,normal
user_550,session_5509,Desktop,10,9,0,9,0.0,62,1920x1080,Edge,en-IN,-330,landscape,Hyderabad,9279.47,2025-04-19 16:01:29,110,0,normal
user_66,session_661,Mobile,6,9,8,6,0.63,204,390x844,Edge,en-US,-330,portrait,Pune,2930.15,2025-05-10 10:04:17,41,0,normal
user_179,session_1791,Desktop,8,15,0,11,0.0,163,1366x768,Chrome,en-US,-330,landscape,Pune,875.86,2025-04-02 20:22:46,518,0,normal
user_339,session_3391,Desktop,0,8,0,18,0.0,70,1366x768,Chrome,en-US,-330,landscape,Kolkata,1017.76,2025-03-27 13:33:04,90,0,normal
user_593,session_5934,Desktop,4,12,0,19,0.0,187,1440x900,Safari,en-IN,-330,landscape,Pune,5073.25,2025-05-15 12:57:16,334,0,normal
user_49,session_494,Tablet,9,11,10,5,0.2,155,810x1080,Firefox,en-IN,-330,landscape,Ahmedabad,5471.94,2025-03-16 18:57:22,67,0,normal
user_311,session_3113,Desktop,8,8,0,21,0.0,67,1440x900,Safari,en-IN,-330,landscape,Delhi,3200.57,2025-05-11 12:34:47,431,0,normal
user_490,session_4903,Desktop,7,9,0,13,0.0,86,1366x768,Firefox,en-US,-330,landscape,Delhi,321.24,2025-04-06 07:18:24,370,0,normal
user_498,session_4990,Desktop,7,9,0,18,0.0,141,1920x1080,Safari,en-IN,-330,landscape,Hyderabad,948.61,2025-01-13 19:22:50,531,0,normal
user_382,session_3827,Desktop,7,7,0,24,0.0,108,1920x1080,Edge,en-IN,-330,landscape,Pune,2655.31,2025-01-06 18:06:15,450,0,normal
user_552,session_5523,Mobile,6,3,0,28,0.48,113,414x896,Safari,en-US,-330,landscape,Mumbai,559.5,2025-01-13 11:27:38,29,0,normal
user_108,session_1086,Desktop,2,9,0,7,0.0,110,1440x900,Edge,en-IN,-330,landscape,Mumbai,2216.43,2025-04-27 17:37:22,269,0,normal
user_566,session_5663,Desktop,3,6,0,0,0.0,48,1920x1080,Firefox,en-IN,-330,landscape,Ahmedabad,1236.41,2025-03-20 14:58:27,337,0,normal
user_69,session_695,Mobile,6,12,3,9,0.73,185,414x896,Chrome,en-US,-330,portrait,Mumbai,820.23,2025-03-19 10:25:14,22,0,normal
user_127,session_1279,Mobile,3,2,3,20,0.46,79,390x844,Chrome,en-US,-330,landscape,Delhi,3939.73,2025-05-08 19:26:24,31,0,normal
user_422,session_4230,Mobile,8,7,1,0,1.2,150,390x844,Safari,en-US,-330,portrait,Delhi,311.83,2025-01-04 11:25:28,42,0,normal
user_162,session_1622,Desktop,9,9,0,0,0.0,325,1920x1080,Safari,en-IN,-330,landscape,Ahmedabad,6279.96,2025-02-08 17:07:59,121,0,normal
user_256,session_2562,Tablet,4,2,0,17,0.0,189,810x1080,Edge,en-US,-330,landscape,Mumbai,3111.97,2025-02-13 13:30:45,72,0,normal
user_518,session_5185,Mobile,6,5,3,9,0.64,192,414x896,Chrome,en-IN,-330,portrait,Mumbai,2275.95,2025-03-23 22:42:54,47,0,normal
user_400,session_4009,Desktop,4,7,0,6,0.0,64,1366x768,Firefox,en-IN,-330,landscape,Hyderabad,5092.1,2025-02-08 19:43:25,102,0,normal
user_6,session_68,Mobile,6,8,7,14,0.0,289,390x844,Safari,en-US,-330,landscape,Hyderabad,5395.53,2025-01-20 18:20:45,22,0,normal
user_408,session_4083,Mobile,6,9,12,10,1.4,131,414x896,Firefox,en-IN,-330,landscape,Ahmedabad,584.19,2025-03-01 13:58:17,20,0,normal
user_483,session_4838,Desktop,10,10,0,18,0.0,61,1366x768,Firefox,hi-IN,-330,landscape,Delhi,8149.07,2025-03-30 06:23:04,480,0,normal
user_226,session_2270,Desktop,6,5,0,10,0.0,174,1366x768,Edge,en-IN,-330,landscape,Pune,5027.54,2025-03-30 09:54:55,156,0,normal
user_577,session_5780,Desktop,9,5,0,8,0.0,215,1920x1080,Edge,en-US,-330,landscape,Chennai,3932.35,2025-04-17 14:32:37,80,0,normal
user_472,session_4726,Mobile,9,13,6,21,0.64,75,360x640,Safari,en-IN,-330,portrait,Kolkata,6625.01,2025-03-25 16:05:08,60,0,normal
user_82,session_821,Mobile,5,5,4,13,0.12,187,414x896,Chrome,en-IN,-330,landscape,Pune,6127.21,2025-05-15 14:52:07,45,0,normal
user_122,session_1227,Desktop,0,8,0,15,0.0,240,1366x768,Chrome,en-IN,-330,landscape,Chennai,7673.69,2025-05-24 06:39:35,140,0,normal
user_167,session_1678,Mobile,1,6,5,20,0.27,140,390x844,Chrome,en-IN,-330,portrait,Pune,7962.32,2025-05-16 17:13:20,44,0,normal
user_501,session_5012,Desktop,5,9,0,10,0.0,53,1366x768,Safari,en-IN,-330,landscape,Kolkata,803.24,2025-03-04 11:36:19,471,0,normal
user_286,session_2868,Desktop,5,9,0,15,0.0,145,1440x900,Firefox,hi-IN,-330,landscape,Mumbai,7162.43,2025-03-11 21:50:47,295,0,normal
user_437,session_4377,Desktop,5,6,0,16,0.0,107,1920x1080,Firefox,en-IN,-330,landscape,Chennai,1684.26,2025-05-10 14:08:42,154,0,normal
user_236,session_2368,Desktop,10,6,0,8,0.0,65,1440x900,Safari,en-US,-330,landscape,Kolkata,8202.78,2025-02-02 16:01:18,183,0,normal
user_402,session_4026,Mobile,10,9,4,7,0.72,148,360x640,Safari,en-IN,-330,landscape,Bengaluru,9722.31,2025-04-11 11:48:03,45,0,normal
user_392,session_3922,Desktop,9,0,0,16,0.0,282,1366x768,Safari,en-IN,-330,landscape,Delhi,697.08,2025-03-21 11:59:17,308,0,normal
user_251,session_2513,Mobile,5,10,3,18,1.06,65,414x896,Firefox,hi-IN,-330,portrait,Hyderabad,13032.91,2025-05-25 10:54:03,52,0,normal
user_272,session_2724,Desktop,8,13,0,10,0.0,103,1440x900,Edge,en-IN,-330,landscape,Mumbai,5498.42,2025-03-18 19:40:06,592,0,normal
user_534,session_5344,Desktop,6,6,0,18,0.0,249,1366x768,Firefox,en-IN,-330,landscape,Chennai,4944.7,2025-03-01 15:42:47,429,0,normal
user_545,session_5452,Desktop,6,5,0,19,0.0,180,1440x900,Chrome,en-IN,-330,landscape,Bengaluru,785.3,2025-02-25 13:18:22,202,0,normal
user_443,session_4435,Desktop,5,8,0,12,0.0,89,1440x900,Chrome,en-IN,-330,landscape,Mumbai,3419.26,2025-04-20 10:40:59,189,0,normal
user_114,session_1144,Desktop,10,5,0,20,0.0,62,1440x900,Edge,en-IN,-330,landscape,Mumbai,4020.97,2025-04-24 15:24:59,301,0,normal
user_39,session_398,Desktop,8,4,0,4,0.0,94,1440x900,Edge,en-US,-330,landscape,Hyderabad,5757.31,2025-03-19 19:23:36,375,0,normal
user_78,session_787,Mobile,4,11,2,24,0.27,223,414x896,Safari,en-IN,-330,landscape,Mumbai,3061.54,2025-04-16 12:12:22,48,0,normal
user_513,session_5140,Desktop,9,2,0,30,0.0,92,1920x1080,Safari,en-US,-330,landscape,Kolkata,2648.94,2025-01-14 20:50:46,267,0,normal
user_390,session_3908,Mobile,5,15,3,17,0.74,119,360x640,Edge,en-IN,-330,portrait,Bengaluru,3474.13,2025-01-17 07:12:57,54,0,normal
user_139,session_1399,Tablet,11,7,0,21,0.38,74,768x1024,Chrome,en-IN,-330,landscape,Hyderabad,2736.94,2025-02-28 19:19:49,15,0,normal
user_165,session_1660,Tablet,0,12,3,19,0.17,106,810x1080,Edge,en-IN,-330,portrait,Pune,3459.52,2025-05-07 18:20:28,61,0,normal
user_573,session_5736,Mobile,0,12,1,4,1.01,175,414x896,Edge,en-IN,-330,landscape,Ahmedabad,6440.77,2025-02-03 18:34:42,45,0,normal
user_222,session_2221,Desktop,6,10,0,2,0.0,104,1920x1080,Chrome,en-IN,-330,landscape,Bengaluru,2330.98,2025-05-21 19:03:40,150,0,normal
user_97,session_980,Mobile,5,11,6,7,0.76,72,390x844,Chrome,en-IN,-330,landscape,Mumbai,4608.88,2025-05-19 19:06:45,37,0,normal
user_233,session_2332,Desktop,6,6,0,15,0.0,79,1366x768,Firefox,hi-IN,-330,landscape,Mumbai,1965.26,2025-04-11 16:04:56,0,0,normal
user_129,session_1299,Desktop,5,7,0,7,0.0,82,1366x768,Edge,en-US,-330,landscape,Mumbai,1076.17,2025-05-29 13:27:25,256,0,normal
user_541,session_5420,Desktop,5,12,0,20,0.0,144,1366x768,Chrome,en-US,-330,landscape,Kolkata,646.64,2025-02-17 18:49:05,400,0,normal
user_8,session_83,Mobile,9,6,1,15,0.54,153,390x844,Firefox,en-US,-330,portrait,Bengaluru,1158.64,2025-01-19 17:26:25,33,0,normal
user_310,session_3101,Desktop,8,0,0,15,0.0,80,1920x1080,Safari,en-IN,-330,landscape,Hyderabad,878.04,2025-01-16 19:15:18,125,0,normal
user_348,session_3482,Desktop,7,12,0,13,0.0,28,1920x1080,Chrome,en-IN,-330,landscape,Mumbai,7713.77,2025-03-13 07:20:38,423,0,normal
user_479,session_4794,Desktop,3,9,0,3,0.0,131,1366x768,Safari,en-IN,-330,landscape,Hyderabad,4282.71,2025-01-09 18:19:54,168,0,normal
user_452,session_4530,Desktop,7,8,0,17,0.0,334,1440x900,Chrome,hi-IN,-330,landscape,Pune,2592.7,2025-04-29 11:16:24,445,0,normal
user_563,session_5634,Desktop,0,3,0,13,0.0,124,1366x768,Edge,en-US,-330,landscape,Ahmedabad,2039.84,2025-04-13 13:40:05,333,0,normal
user_551,session_5515,Desktop,5,10,0,2,0.0,303,1366x768,Firefox,hi-IN,-330,landscape,Hyderabad,4792.11,2025-01-22 19:48:38,125,0,normal
user_290,session_2904,Desktop,3,7,0,12,0.0,59,1440x900,Chrome,en-IN,-330,landscape,Kolkata,7106.58,2025-04-02 18:32:34,120,0,normal
user_42,session_424,Mobile,0,16,6,18,0.0,215,414x896,Firefox,en-IN,-330,portrait,Pune,8453.83,2025-03-26 10:59:33,37,0,normal
user_518,session_5190,Mobile,2,4,0,19,0.48,242,414x896,Chrome,en-IN,-330,portrait,Mumbai,1229.34,2025-03-01 23:24:25,50,0,normal
user_190,session_1905,Desktop,5,0,0,0,0.0,123,1440x900,Chrome,en-IN,-330,landscape,Kolkata,2304.38,2025-03-01 10:46:42,301,0,normal
user_543,session_5440,Desktop,7,5,0,16,0.0,135,1366x768,Edge,en-IN,-330,landscape,Mumbai,7337.32,2025-03-18 06:40:10,413,0,normal
user_153,session_1531,Desktop,8,14,0,5,0.0,394,1920x1080,Safari,en-IN,-330,landscape,Hyderabad,831.84,2025-05-22 16:53:52,114,0,normal
user_425,session_4252,Desktop,3,9,0,12,0.0,77,1366x768,Chrome,hi-IN,-330,landscape,Mumbai,7479.15,2025-02-23 11:12:18,409,0,normal
user_156,session_1566,Desktop,8,5,0,17,0.0,358,1440x900,Chrome,en-IN,-330,landscape,Ahmedabad,6960.43,2025-01-15 22:14:38,399,0,normal
user_443,session_4437,Desktop,5,0,0,10,0.0,101,1440x900,Chrome,en-IN,-330,landscape,Mumbai,983.42,2025-05-20 11:42:38,110,0,normal
user_274,session_2750,Mobile,12,10,3,9,0.6,200,390x844,Safari,en-IN,-330,portrait,Pune,4645.31,2025-03-21 15:14:43,13,0,normal
user_83,session_840,Tablet,3,0,0,29,1.14,262,768x1024,Edge,en-US,-330,portrait,Kolkata,2823.57,2025-04-10 18:10:58,69,0,normal
user_50,session_501,Mobile,0,6,1,14,0.34,47,360x640,Edge,en-IN,-330,portrait,Pune,2071.53,2025-03-21 18:30:03,0,0,normal
user_403,session_4031,Mobile,7,8,2,14,0.59,306,390x844,Edge,en-IN,-330,landscape,Ahmedabad,3903.75,2025-03-17 13:51:51,16,0,normal
user_14,session_142,Mobile,10,5,3,17,1.06,211,414x896,Safari,en-IN,-330,landscape,Delhi,496.49,2025-01-17 11:28:24,70,0,normal
user_494,session_4950,Mobile,7,4,4,20,0.95,113,390x844,Edge,en-IN,-330,portrait,Hyderabad,232.11,2025-01-07 14:14:40,53,0,normal
user_260,session_2606,Mobile,3,11,4,20,0.0,99,390x844,Edge,en-IN,-330,landscape,Pune,1400.91,2025-03-25 18:36:55,68,0,normal
user_350,session_3506,Desktop,9,5,0,11,0.0,149,1920x1080,Firefox,en-IN,-330,landscape,Delhi,1135.44,2025-05-17 18:48:20,304,0,normal
user_137,session_1378,Tablet,6,5,5,14,0.7,80,810x1080,Firefox,en-IN,-330,portrait,Delhi,1286.6,2025-01-26 13:26:05,52,0,normal
user_466,session_4662,Desktop,2,2,0,14,0.0,91,1440x900,Edge,en-IN,-330,landscape,Bengaluru,1678.09,2025-04-20 11:13:25,230,0,normal
user_588,session_5883,Desktop,8,12,0,13,0.0,68,1440x900,Chrome,en-US,-330,landscape,Bengaluru,9410.57,2025-03-15 16:03:25,252,0,normal
user_226,session_2267,Desktop,4,3,0,9,0.0,139,1366x768,Edge,en-IN,-330,landscape,Pune,4656.39,2025-04-17 10:11:45,338,0,normal
user_534,session_5341,Desktop,3,14,0,0,0.0,285,1366x768,Firefox,en-IN,-330,landscape,Chennai,3758.72,2025-01-18 10:44:39,413,0,normal
user_113,session_1139,Mobile,4,11,3,12,0.69,133,414x896,Safari,en-IN,-330,landscape,Delhi,260.97,2025-05-18 13:19:40,47,0,normal
user_225,session_2258,Desktop,3,5,0,9,0.0,168,1440x900,Chrome,en-IN,-330,landscape,Hyderabad,6418.11,2025-04-03 09:39:29,198,0,normal
user_544,session_5446,Desktop,3,6,0,23,0.0,289,1366x768,Firefox,en-IN,-330,landscape,Delhi,5247.96,2025-05-02 13:12:23,307,0,normal
user_178,session_1788,Desktop,7,7,0,4,0.0,235,1920x1080,Safari,en-US,-330,landscape,Mumbai,1317.73,2025-05-19 11:16:27,142,0,normal
user_363,session_3635,Mobile,7,10,6,16,0.38,194,390x844,Edge,en-IN,-330,landscape,Mumbai,5211.23,2025-03-24 10:54:23,27,0,normal
user_55,session_551,Desktop,7,8,0,17,0.0,52,1366x768,Chrome,hi-IN,-330,landscape,Kolkata,358.23,2025-04-27 17:32:39,95,0,normal
user_45,session_460,Desktop,6,0,0,14,0.0,227,1920x1080,Edge,hi-IN,-330,landscape,Pune,6766.18,2025-04-01 14:10:16,191,0,normal
user_201,session_2020,Mobile,6,8,9,17,0.76,105,390x844,Edge,hi-IN,-330,landscape,Mumbai,7738.71,2025-05-11 20:02:25,34,0,normal
user_94,session_949,Mobile,2,18,1,14,0.19,252,414x896,Edge,hi-IN,-330,landscape,Delhi,2443.29,2025-04-06 10:46:57,19,0,normal
user_321,session_3219,Desktop,5,11,0,15,0.0,132,1920x1080,Safari,en-IN,-330,landscape,Hyderabad,4178.01,2025-05-25 16:41:58,463,0,normal
user_518,session_5181,Mobile,0,4,1,6,0.0,181,414x896,Chrome,en-IN,-330,portrait,Mumbai,1885.16,2025-03-06 21:40:51,0,0,normal
user_53,session_533,Mobile,5,10,1,8,0.44,110,414x896,Edge,en-IN,-330,portrait,Ahmedabad,9516.12,2025-03-09 13:40:03,13,0,normal
user_384,session_3843,Mobile,9,9,6,13,0.95,101,414x896,Chrome,en-US,-330,landscape,Hyderabad,6695.99,2025-03-09 16:18:22,66,0,normal
user_182,session_1830,Desktop,4,10,0,23,0.0,228,1920x1080,Chrome,en-US,-330,landscape,Mumbai,7111.29,2025-02-11 12:09:08,425,0,normal
user_540,session_5407,Tablet,1,0,4,0,0.57,12,810x1080,Firefox,hi-IN,-330,portrait,Delhi,12529.82,2025-01-24 15:01:46,9,1,copy_paste_drain
user_529,session_5293,Mobile,5,3,3,12,1.36,57,360x640,Safari,en-IN,-330,portrait,Bengaluru,7636.34,2025-03-03 09:00:52,33,0,normal
user_477,session_4775,Desktop,7,6,0,16,0.0,195,1920x1080,Chrome,en-US,-330,landscape,Ahmedabad,3263.43,2025-02-14 05:10:59,186,0,normal
user_391,session_3915,Desktop,6,5,0,30,0.0,97,1440x900,Edge,en-IN,-330,landscape,Delhi,1699.08,2025-03-15 17:46:43,564,0,normal
user_160,session_1603,Desktop,5,10,0,7,0.0,277,1920x1080,Firefox,en-IN,-330,landscape,Hyderabad,2984.11,2025-04-06 17:48:28,341,0,normal
user_223,session_2239,Mobile,9,10,6,11,0.31,196,414x896,Edge,en-US,-330,portrait,Kolkata,908.51,2025-04-30 13:09:59,34,0,normal
user_63,session_640,Mobile,0,7,7,13,0.28,222,360x640,Chrome,en-IN,-330,portrait,Hyderabad,2296.59,2025-04-17 14:15:46,26,0,normal
user_579,session_5793,Desktop,10,3,0,22,0.0,127,1920x1080,Safari,en-IN,-330,landscape,Pune,4659.54,2025-05-21 09:57:07,295,0,normal
user_96,session_968,Tablet,8,11,5,16,0.8,151,768x1024,Safari,en-US,-330,landscape,Hyderabad,5392.12,2025-04-27 12:55:36,51,0,normal
user_506,session_5067,Desktop,3,4,0,24,0.0,115,1440x900,Safari,en-US,-330,landscape,Hyderabad,6269.8,2025-03-11 20:06:13,244,0,normal
user_371,session_3712,Desktop,8,13,0,13,0.0,52,1366x768,Chrome,en-IN,-330,landscape,Kolkata,4253.47,2025-04-04 11:09:17,157,0,normal
user_168,session_1684,Desktop,5,8,0,23,0.0,93,1920x1080,Safari,en-IN,-330,landscape,Bengaluru,3627.36,2025-01-15 11:56:51,239,0,normal
user_224,session_2249,Desktop,11,4,0,14,0.0,71,1440x900,Safari,hi-IN,-330,landscape,Pune,1979.44,2025-05-21 13:11:22,146,0,normal
user_412,session_4127,Mobile,4,8,2,19,0.39,48,360x640,Safari,en-US,-330,portrait,Kolkata,1081.76,2025-05-23 22:55:48,37,0,normal
user_535,session_5360,Tablet,9,4,4,16,0.42,100,810x1080,Safari,en-IN,-330,portrait,Kolkata,2059.49,2025-05-04 08:41:12,44,0,normal
user_331,session_3320,Mobile,3,5,5,17,0.51,180,414x896,Firefox,en-IN,-330,landscape,Pune,666.85,2025-03-29 11:59:42,36,0,normal
user_15,session_156,Desktop,6,2,0,6,0.0,190,1440x900,Safari,hi-IN,-330,landscape,Ahmedabad,9293.33,2025-01-19 15:07:56,0,0,normal
user_229,session_2296,Desktop,5,9,0,12,0.0,103,1440x900,Firefox,en-US,-330,landscape,Mumbai,2942.23,2025-03-14 22:55:34,654,0,normal
user_352,session_3524,Desktop,7,15,0,11,0.0,44,1920x1080,Safari,hi-IN,-330,landscape,Delhi,2314.16,2025-01-14 15:45:28,326,0,normal
user_401,session_4020,Desktop,6,13,0,23,0.0,288,1920x1080,Edge,en-IN,-330,landscape,Hyderabad,4634.35,2025-02-23 10:21:40,513,0,normal
user_108,session_1090,Desktop,7,15,0,28,0.0,112,1440x900,Edge,en-IN,-330,landscape,Mumbai,3397.93,2025-03-05 15:07:24,445,0,normal
user_581,session_5820,Desktop,9,10,0,6,0.0,73,1440x900,Edge,hi-IN,-330,landscape,Pune,4187.67,2025-05-14 16:51:11,512,0,normal
user_231,session_2320,Desktop,9,12,0,20,0.0,147,1366x768,Firefox,en-US,-330,landscape,Chennai,2099.34,2025-01-07 13:46:58,412,0,normal
user_294,session_2941,Desktop,0,9,0,10,0.0,206,1440x900,Edge,en-IN,-330,landscape,Hyderabad,4692.73,2025-04-30 05:17:10,8,0,normal
user_507,session_5072,Mobile,6,9,4,13,0.6,42,414x896,Edge,en-IN,-330,landscape,Chennai,2693.77,2025-05-13 07:54:47,50,0,normal
user_28,session_289,Desktop,4,2,0,21,0.0,189,1440x900,Safari,en-US,-330,landscape,Bengaluru,5602.76,2025-04-05 14:29:46,106,0,normal
user_93,session_931,Mobile,7,6,9,18,0.8,201,390x844,Safari,en-IN,-330,portrait,Pune,6342.68,2025-04-09 14:17:47,50,0,normal
user_290,session_2910,Desktop,3,11,0,17,0.0,34,1440x900,Chrome,en-IN,-330,landscape,Kolkata,5080.36,2025-02-13 21:10:06,216,0,normal
user_358,session_3586,Desktop,2,10,0,7,0.0,94,1920x1080,Firefox,en-IN,-330,landscape,Pune,1055.87,2025-01-31 17:32:13,524,0,normal
user_465,session_4657,Mobile,10,7,14,18,0.07,100,390x844,Chrome,en-IN,-330,portrait,Bengaluru,4301.27,2025-02-04 13:07:05,36,0,normal
user_288,session_2885,Tablet,2,1,2,6,0.1,69,768x1024,Edge,hi-IN,-330,landscape,Kolkata,5169.47,2025-03-08 18:18:31,34,0,normal
user_337,session_3378,Mobile,5,2,5,16,1.15,227,390x844,Safari,en-IN,-330,landscape,Hyderabad,823.59,2025-04-30 13:15:51,38,0,normal
user_322,session_3221,Desktop,10,6,0,2,0.0,133,1920x1080,Edge,en-IN,-330,landscape,Hyderabad,2094.04,2025-01-27 08:41:47,257,0,normal
user_544,session_5445,Desktop,6,3,0,13,0.0,212,1366x768,Firefox,en-IN,-330,landscape,Delhi,11891.86,2025-02-06 11:23:14,225,0,normal
user_300,session_3001,Tablet,3,12,3,6,0.15,62,810x1080,Chrome,en-US,-330,portrait,Hyderabad,6786.76,2025-03-06 17:44:18,31,0,normal
user_445,session_4451,Mobile,8,7,5,12,0.17,206,390x844,Firefox,en-IN,-330,portrait,Ahmedabad,4566.26,2025-03-15 12:23:05,0,0,normal
user_469,session_4698,Desktop,5,6,0,11,0.0,165,1440x900,Chrome,en-IN,-330,landscape,Ahmedabad,5473.66,2025-05-21 22:47:49,491,0,normal
user_591,session_5914,Mobile,5,5,5,17,0.0,202,390x844,Chrome,hi-IN,-330,landscape,Kolkata,7619.87,2025-02-08 16:42:44,31,0,normal
user_94,session_943,Mobile,9,9,13,10,0.22,272,414x896,Edge,hi-IN,-330,portrait,Delhi,4490.19,2025-01-01 16:33:00,27,0,normal
user_235,session_2355,Desktop,9,5,0,6,0.0,81,1440x900,Safari,en-IN,-330,landscape,Bengaluru,5958.93,2025-05-01 13:44:17,400,0,normal
user_476,session_4765,Desktop,9,4,0,19,0.0,28,1366x768,Chrome,en-IN,-330,landscape,Bengaluru,8622.45,2025-01-06 13:32:50,206,0,normal
user_578,session_5789,Desktop,7,2,0,13,0.0,153,1920x1080,Edge,en-IN,-330,landscape,Delhi,2345.53,2025-04-16 23:22:47,78,0,normal
user_559,session_5594,Mobile,8,11,5,16,1.37,84,414x896,Safari,en-US,-330,portrait,Mumbai,5878.69,2025-04-14 10:21:26,55,0,normal
user_169,session_1699,Desktop,7,10,0,10,0.0,206,1366x768,Safari,en-IN,-330,landscape,Mumbai,493.25,2025-01-25 12:26:57,373,0,normal
user_564,session_5647,Desktop,2,5,0,8,0.0,285,1440x900,Chrome,en-IN,-330,landscape,Mumbai,1372.46,2025-04-09 11:08:15,136,0,normal
user_519,session_5200,Desktop,4,5,0,3,0.0,72,1366x768,Firefox,en-IN,-330,landscape,Chennai,361.08,2025-04-27 21:35:19,234,0,normal
user_354,session_3546,Mobile,9,13,0,3,0.42,146,360x640,Safari,en-IN,-330,portrait,Pune,5266.9,2025-03-27 09:07:29,55,0,normal
user_397,session_3978,Mobile,2,0,4,16,0.0,60,390x844,Safari,en-IN,-330,portrait,Mumbai,2321.72,2025-05-19 14:48:33,9,0,normal
user_501,session_5015,Desktop,6,9,0,12,0.0,64,1366x768,Safari,en-IN,-330,landscape,Kolkata,940.46,2025-01-11 11:28:52,65,0,normal
user_98,session_986,Mobile,13,14,8,17,1.05,116,414x896,Edge,en-US,-330,landscape,Hyderabad,2131.86,2025-05-14 19:53:22,19,0,normal
user_527,session_5279,Desktop,10,9,0,15,0.0,297,1920x1080,Edge,hi-IN,-330,landscape,Ahmedabad,6660.05,2025-02-21 09:54:38,406,0,normal
user_310,session_3108,Desktop,8,11,0,6,0.0,150,1920x1080,Safari,en-IN,-330,landscape,Hyderabad,765.14,2025-04-12 15:34:19,301,0,normal
user_316,session_3166,Desktop,5,7,0,3,0.0,58,1920x1080,Safari,hi-IN,-330,landscape,Bengaluru,8545.65,2025-03-08 15:31:14,197,0,normal
user_572,session_5727,Tablet,1,12,0,21,0.3,73,810x1080,Safari,en-IN,-330,landscape,Kolkata,6505.14,2025-05-14 14:04:15,26,0,normal
user_98,session_982,Mobile,8,7,4,8,0.82,93,414x896,Edge,en-US,-330,landscape,Hyderabad,1982.48,2025-04-14 23:18:55,34,0,normal
user_352,session_3529,Desktop,4,11,0,11,0.0,102,1920x1080,Safari,hi-IN,-330,landscape,Delhi,2350.3,2025-03-21 19:46:16,184,0,normal
user_326,session_3263,Desktop,7,10,0,17,0.0,287,1440x900,Safari,en-IN,-330,landscape,Bengaluru,3585.11,2025-01-02 10:58:05,167,0,normal
user_545,session_5459,Desktop,4,7,0,18,0.0,90,1440x900,Chrome,en-IN,-330,landscape,Bengaluru,1293.6,2025-05-18 16:15:58,358,0,normal
user_344,session_3443,Desktop,7,13,0,5,0.0,238,1366x768,Safari,en-IN,-330,landscape,Pune,1312.88,2025-04-24 15:45:47,390,0,normal
user_429,session_4297,Desktop,5,15,0,17,0.0,205,1440x900,Firefox,en-IN,-330,landscape,Pune,7715.28,2025-02-16 15:57:50,420,0,normal
user_349,session_3498,Mobile,10,11,7,11,0.4,208,414x896,Firefox,en-IN,-330,landscape,Hyderabad,9132.76,2025-02-05 15:32:13,17,0,normal
user_147,session_1474,Mobile,6,0,3,3,0.68,135,390x844,Safari,en-IN,-330,portrait,Kolkata,3747.68,2025-05-10 13:49:50,80,0,normal
user_455,session_4551,Desktop,5,4,0,8,0.0,267,1920x1080,Firefox,en-US,-330,landscape,Ahmedabad,6267.91,2025-03-05 17:16:05,0,0,normal
user_445,session_4458,Mobile,6,3,6,5,0.11,387,390x844,Firefox,en-IN,-330,landscape,Ahmedabad,5836.57,2025-03-10 13:27:07,84,0,normal
user_488,session_4883,Mobile,8,13,1,9,0.93,177,414x896,Edge,en-IN,-330,portrait,Bengaluru,245.14,2025-05-28 09:06:04,51,0,normal
user_145,session_1458,Desktop,9,15,0,17,0.0,177,1366x768,Chrome,en-IN,-330,landscape,Chennai,6495.1,2025-02-10 18:56:26,508,0,normal
user_139,session_1396,Tablet,3,6,8,20,0.62,67,768x1024,Chrome,en-IN,-330,landscape,Hyderabad,1245.7,2025-05-07 18:12:43,43,0,normal
user_26,session_265,Tablet,12,12,1,9,0.49,93,810x1080,Safari,en-IN,-330,landscape,Ahmedabad,218.64,2025-02-20 10:04:25,32,0,normal
user_274,session_2749,Mobile,6,11,7,15,1.04,240,390x844,Safari,en-IN,-330,landscape,Pune,8659.06,2025-02-18 15:47:09,42,0,normal
user_339,session_3394,Desktop,3,8,0,8,0.0,110,1366x768,Chrome,en-US,-330,landscape,Kolkata,1275.73,2025-01-12 11:39:03,197,0,normal
user_269,session_2693,Desktop,10,11,0,6,0.0,157,1440x900,Chrome,en-IN,-330,landscape,Hyderabad,20.0,2025-03-12 11:51:13,261,0,normal
user_92,session_930,Tablet,11,11,5,25,1.08,144,810x1080,Firefox,en-IN,-330,landscape,Ahmedabad,20.0,2025-03-28 15:41:20,64,0,normal
user_422,session_4221,Mobile,6,2,2,3,0.99,220,390x844,Safari,en-US,-330,portrait,Delhi,345.37,2025-04-07 11:10:56,35,0,normal
user_570,session_5704,Desktop,6,13,0,21,0.0,187,1440x900,Safari,en-IN,-330,landscape,Pune,2048.74,2025-05-19 14:29:56,280,0,normal
user_240,session_2401,Tablet,5,2,6,17,0.7,97,768x1024,Firefox,en-US,-330,landscape,Pune,908.25,2025-02-28 18:53:11,36,0,normal
user_217,session_2179,Tablet,4,8,6,20,0.3,39,810x1080,Firefox,hi-IN,-330,portrait,Pune,3966.54,2025-04-10 17:50:02,89,0,normal
user_380,session_3807,Desktop,0,7,0,14,0.0,123,1366x768,Edge,en-US,-330,landscape,Bengaluru,933.58,2025-01-12 15:30:35,230,0,normal
user_24,session_247,Desktop,4,6,0,0,0.0,110,1920x1080,Firefox,en-US,-330,landscape,Ahmedabad,2601.94,2025-04-10 20:15:25,224,0,normal
user_159,session_1595,Desktop,11,8,0,9,0.0,108,1440x900,Chrome,en-IN,-330,landscape,Hyderabad,520.38,2025-02-26 15:40:30,168,0,normal
user_175,session_1759,Desktop,6,11,0,17,0.0,118,1440x900,Safari,en-IN,-330,landscape,Hyderabad,8601.79,2025-03-06 08:51:29,435,0,normal
user_583,session_5837,Desktop,7,10,0,14,0.0,72,1440x900,Firefox,en-IN,-330,landscape,Bengaluru,6112.42,2025-05-24 19:38:00,531,0,normal
user_405,session_4055,Mobile,5,10,3,17,0.56,106,414x896,Firefox,en-IN,-330,landscape,Kolkata,8732.49,2025-02-06 11:06:00,45,0,normal
user_92,session_924,Tablet,6,14,8,7,0.53,149,810x1080,Firefox,en-IN,-330,landscape,Ahmedabad,7813.22,2025-02-06 16:55:57,49,0,normal
user_332,session_3323,Desktop,6,8,0,8,0.0,267,1366x768,Chrome,en-IN,-330,landscape,Chennai,11834.33,2025-01-14 12:34:40,329,0,normal
user_26,session_269,Tablet,6,17,1,23,0.47,106,810x1080,Safari,en-IN,-330,portrait,Ahmedabad,286.46,2025-01-10 12:06:07,37,0,normal
user_66,session_670,Mobile,5,8,6,12,0.96,175,390x844,Edge,en-US,-330,portrait,Pune,1276.98,2025-01-21 22:44:45,35,0,normal
user_425,session_4257,Desktop,6,8,0,4,0.0,127,1366x768,Chrome,hi-IN,-330,landscape,Mumbai,6277.44,2025-01-19 18:39:28,161,0,normal
user_191,session_1911,Desktop,6,10,0,17,0.0,90,1366x768,Chrome,en-IN,-330,landscape,Mumbai,2862.66,2025-03-23 13:47:30,657,0,normal
user_439,session_4397,Mobile,9,14,12,18,0.96,100,390x844,Safari,en-IN,-330,landscape,Ahmedabad,2572.97,2025-03-22 21:30:07,42,0,normal
user_115,session_1153,Mobile,4,0,0,19,0.0,90,360x640,Safari,en-IN,-330,portrait,Pune,3147.51,2025-05-01 11:32:35,49,0,normal
user_491,session_4919,Mobile,8,13,5,17,0.5,88,360x640,Safari,en-IN,-330,portrait,Hyderabad,1361.35,2025-05-02 16:49:07,50,0,normal
user_577,session_5773,Desktop,1,8,0,5,0.0,135,1920x1080,Edge,en-US,-330,landscape,Chennai,3332.8,2025-04-14 17:49:48,228,0,normal
user_450,session_4501,Mobile,9,16,0,25,0.06,138,360x640,Firefox,en-IN,-330,portrait,Chennai,2082.4,2025-02-02 14:56:36,39,0,normal
user_269,session_2697,Desktop,5,17,0,15,0.0,294,1440x900,Chrome,en-IN,-330,landscape,Hyderabad,2484.35,2025-04-15 07:34:44,372,0,normal
user_259,session_2592,Desktop,4,9,0,11,0.0,143,1366x768,Edge,en-IN,-330,landscape,Delhi,4684.59,2025-01-11 19:53:25,312,0,normal
user_507,session_5073,Mobile,2,7,8,13,0.05,68,414x896,Edge,en-IN,-330,landscape,Chennai,2348.5,2025-04-19 12:53:50,25,0,normal
user_178,session_1782,Desktop,9,8,0,12,0.0,147,1920x1080,Safari,en-US,-330,landscape,Mumbai,1522.25,2025-03-22 05:31:28,334,0,normal
user_241,session_2414,Desktop,9,12,0,20,0.0,143,1440x900,Firefox,en-IN,-330,landscape,Chennai,4736.66,2025-04-25 14:57:14,305,0,normal
user_301,session_3014,Desktop,5,4,0,4,0.0,160,1366x768,Chrome,en-IN,-330,landscape,Pune,3038.62,2025-02-17 20:29:32,311,0,normal
user_523,session_5239,Desktop,7,8,0,22,0.0,221,1366x768,Firefox,en-IN,-330,landscape,Pune,5536.34,2025-02-05 14:12:12,232,0,normal
user_230,session_2308,Mobile,3,9,2,14,0.44,142,360x640,Edge,en-IN,-330,landscape,Bengaluru,3911.49,2025-02-12 16:26:57,25,0,normal
user_382,session_3823,Desktop,11,12,0,20,0.0,146,1920x1080,Edge,en-IN,-330,landscape,Pune,5114.37,2025-02-19 18:33:13,184,0,normal
user_68,session_688,Mobile,3,8,7,19,1.34,187,360x640,Chrome,en-IN,-330,landscape,Mumbai,956.01,2025-05-26 15:48:02,63,0,normal
user_191,session_1916,Desktop,7,10,0,5,0.0,118,1366x768,Chrome,en-IN,-330,landscape,Mumbai,2400.53,2025-04-19 12:11:52,244,0,normal
user_564,session_5646,Desktop,8,4,0,18,0.0,256,1440x900,Chrome,en-IN,-330,landscape,Mumbai,4788.62,2025-05-19 20:56:03,198,0,normal
user_61,session_613,Desktop,10,5,0,12,0.0,94,1440x900,Edge,en-IN,-330,landscape,Chennai,6461.02,2025-03-30 07:34:55,525,0,normal
user_307,session_3072,Desktop,14,11,0,20,0.0,105,1440x900,Firefox,en-US,-330,landscape,Bengaluru,1935.26,2025-02-03 17:19:06,480,0,normal
user_340,session_3406,Tablet,7,3,4,16,1.06,262,810x1080,Safari,en-US,-330,portrait,Bengaluru,1849.72,2025-05-02 11:33:35,37,0,normal
user_226,session_2268,Desktop,2,8,0,6,0.0,131,1366x768,Edge,en-IN,-330,landscape,Pune,2965.86,2025-04-11 05:37:51,441,0,normal
user_575,session_5753,Mobile,3,8,6,20,0.27,52,360x640,Edge,en-IN,-330,landscape,Chennai,3895.38,2025-03-29 08:29:45,48,0,normal
user_253,session_2534,Desktop,3,9,0,18,0.0,243,1920x1080,Chrome,en-US,-330,landscape,Bengaluru,1489.45,2025-03-05 08:48:07,380,0,normal
user_3,session_40,Mobile,4,8,7,13,0.25,172,390x844,Firefox,hi-IN,-330,landscape,Bengaluru,2488.73,2025-03-18 12:54:49,8,0,normal
user_189,session_1899,Desktop,0,3,0,14,0.0,120,1440x900,Safari,en-IN,-330,landscape,Delhi,2449.72,2025-04-10 14:05:20,666,0,normal
user_164,session_1650,Desktop,10,4,0,7,0.0,373,1440x900,Firefox,en-IN,-330,landscape,Kolkata,2198.35,2025-02-22 08:58:20,392,0,normal
user_347,session_3472,Tablet,7,9,0,14,0.06,113,810x1080,Edge,en-IN,-330,landscape,Pune,5170.38,2025-04-13 17:02:48,57,0,normal
user_25,session_259,Desktop,6,9,0,26,0.0,139,1366x768,Chrome,en-IN,-330,landscape,Kolkata,2749.98,2025-02-28 10:12:21,425,0,normal
user_292,session_2925,Desktop,9,11,0,8,0.0,99,1920x1080,Chrome,en-IN,-330,landscape,Pune,2475.81,2025-02-07 09:54:55,349,0,normal
user_243,session_2435,Mobile,4,8,9,19,0.95,84,390x844,Chrome,en-IN,-330,landscape,Bengaluru,7545.26,2025-02-12 17:18:22,31,0,normal
user_84,session_848,Desktop,2,4,0,8,0.0,242,1920x1080,Chrome,en-US,-330,landscape,Mumbai,2531.4,2025-02-04 18:15:14,447,0,normal
user_282,session_2823,Desktop,10,10,0,14,0.0,135,1440x900,Chrome,en-IN,-330,landscape,Kolkata,7738.86,2025-02-13 06:40:42,142,0,normal
user_440,session_4402,Desktop,0,12,0,14,0.0,228,1366x768,Firefox,en-IN,-330,landscape,Kolkata,2842.15,2025-01-09 08:43:54,216,0,normal
user_508,session_5085,Desktop,1,6,0,12,0.0,100,1366x768,Edge,en-US,-330,landscape,Bengaluru,4502.8,2025-04-24 07:34:02,205,0,normal
user_395,session_3955,Mobile,4,14,6,16,0.27,167,360x640,Chrome,en-IN,-330,landscape,Ahmedabad,9369.6,2025-02-25 17:35:11,49,0,normal
user_364,session_3642,Desktop,8,7,0,14,0.0,123,1366x768,Safari,en-IN,-330,landscape,Bengaluru,3175.09,2025-02-24 15:14:23,302,0,normal
user_123,session_1234,Mobile,12,6,6,6,0.32,180,390x844,Edge,en-US,-330,landscape,Bengaluru,1531.78,2025-02-04 15:07:54,68,0,normal
user_112,session_1128,Desktop,0,0,0,16,0.0,103,1920x1080,Firefox,en-IN,-330,landscape,Mumbai,695.12,2025-05-28 12:36:05,308,0,normal
user_348,session_3490,Desktop,3,12,0,16,0.0,37,1920x1080,Chrome,en-IN,-330,landscape,Mumbai,4871.02,2025-05-22 09:15:59,104,0,normal
user_196,session_1968,Desktop,7,10,0,13,0.0,75,1440x900,Safari,en-IN,-330,landscape,Ahmedabad,2792.98,2025-05-03 09:34:37,425,0,normal
user_55,session_559,Desktop,5,0,0,16,0.0,43,1366x768,Chrome,hi-IN,-330,landscape,Kolkata,635.58,2025-05-27 23:52:59,34,0,normal
user_90,session_905,Mobile,5,10,1,7,0.27,151,414x896,Chrome,en-IN,-330,portrait,Bengaluru,2926.88,2025-02-12 10:38:15,24,0,normal
user_261,session_2615,Mobile,12,15,3,20,0.85,148,414x896,Safari,en-US,-330,portrait,Ahmedabad,2043.07,2025-02-11 21:41:16,33,0,normal
user_48,session_485,Desktop,9,12,0,5,0.0,40,1440x900,Safari,en-IN,-330,landscape,Hyderabad,2452.05,2025-04-04 16:27:14,0,0,normal
user_221,session_2212,Desktop,7,3,0,12,0.0,51,1366x768,Firefox,hi-IN,-330,landscape,Ahmedabad,1631.14,2025-01-05 05:51:51,348,0,normal
user_132,session_1321,Desktop,5,12,0,11,0.0,259,1440x900,Firefox,en-US,-330,landscape,Hyderabad,1038.98,2025-04-21 19:18:44,460,0,normal
user_333,session_3333,Desktop,5,3,0,14,0.0,42,1440x900,Edge,en-IN,-330,landscape,Ahmedabad,3194.98,2025-03-23 19:23:15,382,0,normal
user_255,session_2556,Desktop,5,3,0,7,0.0,178,1920x1080,Safari,en-IN,-330,landscape,Mumbai,2357.58,2025-04-11 19:12:02,389,0,normal
user_0,session_8,Mobile,5,8,5,1,0.0,118,414x896,Safari,en-US,-330,landscape,Mumbai,11391.36,2025-03-07 13:13:28,35,0,normal
user_231,session_2316,Desktop,12,4,0,2,0.0,116,1366x768,Firefox,en-US,-330,landscape,Chennai,22489.25,2025-02-16 14:23:45,157,1,rat_fraud
user_507,session_5079,Mobile,5,6,8,23,0.7,39,414x896,Edge,en-IN,-330,portrait,Chennai,3279.44,2025-01-06 11:33:02,50,0,normal
user_438,session_4385,Desktop,0,5,0,23,0.0,87,1920x1080,Edge,en-IN,-330,landscape,Kolkata,3104.09,2025-05-06 14:02:52,319,0,normal
user_431,session_4316,Desktop,4,15,0,20,0.0,54,1366x768,Safari,en-IN,-330,landscape,Kolkata,6468.71,2025-04-28 12:33:28,369,0,normal
user_526,session_5268,Mobile,5,16,6,31,1.08,151,360x640,Edge,en-IN,-330,landscape,Bengaluru,3381.34,2025-02-20 19:28:56,67,0,normal
user_145,session_1451,Desktop,10,11,0,17,0.0,55,1366x768,Chrome,en-IN,-330,landscape,Chennai,9393.63,2025-03-27 21:23:53,280,0,normal
user_120,session_1202,Desktop,3,10,0,11,0.0,50,1920x1080,Edge,en-IN,-330,landscape,Ahmedabad,7139.4,2025-01-07 18:55:33,347,0,normal
user_242,session_2427,Mobile,2,13,6,20,0.4,239,390x844,Chrome,en-IN,-330,portrait,Delhi,4004.54,2025-02-03 18:42:29,87,0,normal
user_264,session_2649,Desktop,1,5,0,0,0.0,152,1920x1080,Firefox,en-IN,-330,landscape,Ahmedabad,6528.99,2025-05-23 22:17:54,207,0,normal
user_181,session_1815,Desktop,4,7,0,15,0.0,198,1366x768,Safari,en-IN,-330,landscape,Delhi,1361.52,2025-01-25 20:24:40,338,0,normal
user_272,session_2727,Desktop,8,12,0,23,0.0,125,1440x900,Edge,en-IN,-330,landscape,Mumbai,5375.31,2025-03-23 19:28:56,510,0,normal
user_77,session_774,Mobile,9,11,7,4,0.52,185,414x896,Chrome,en-IN,-330,landscape,Ahmedabad,3809.47,2025-05-09 14:29:33,71,0,normal
user_227,session_2275,Desktop,6,13,0,21,0.0,150,1440x900,Safari,en-IN,-330,landscape,Ahmedabad,558.8,2025-02-25 16:52:16,271,0,normal
user_101,session_1012,Desktop,12,6,0,24,0.0,153,1440x900,Firefox,en-IN,-330,landscape,Kolkata,2271.22,2025-03-07 08:50:31,376,0,normal
user_405,session_4060,Mobile,3,10,0,11,1.4,81,414x896,Firefox,en-IN,-330,landscape,Kolkata,5226.35,2025-03-05 13:34:31,45,0,normal
user_346,session_3468,Desktop,3,8,0,11,0.0,80,1366x768,Firefox,en-US,-330,landscape,Mumbai,2943.35,2025-02-28 11:35:02,141,0,normal
user_199,session_1992,Desktop,10,15,0,1,0.0,85,1440x900,Chrome,en-IN,-330,landscape,Chennai,3707.08,2025-03-17 10:19:14,633,0,normal
user_127,session_1278,Mobile,5,5,5,14,0.43,81,390x844,Chrome,en-US,-330,landscape,Delhi,5481.63,2025-01-16 17:30:28,17,0,normal
user_178,session_1784,Desktop,0,11,0,14,0.0,260,1920x1080,Safari,en-US,-330,landscape,Mumbai,2137.13,2025-02-28 07:21:16,390,0,normal
user_425,session_4254,Desktop,9,8,0,16,0.0,182,1366x768,Chrome,hi-IN,-330,landscape,Mumbai,7941.33,2025-01-11 15:01:54,285,0,normal
user_44,session_447,Desktop,6,13,0,24,0.0,69,1920x1080,Safari,en-IN,-330,landscape,Ahmedabad,6499.22,2025-05-09 13:12:16,235,0,normal
user_88,session_881,Desktop,2,16,0,9,0.0,113,1440x900,Edge,en-US,-330,landscape,Bengaluru,3678.38,2025-01-09 16:03:51,332,0,normal
user_405,session_4054,Mobile,4,13,1,17,0.31,108,414x896,Firefox,en-IN,-330,landscape,Kolkata,5440.2,2025-05-20 10:05:42,33,0,normal
user_534,session_5347,Desktop,2,7,0,3,0.0,188,1366x768,Firefox,en-IN,-330,landscape,Chennai,7444.48,2025-04-07 16:41:16,271,0,normal
user_272,session_2728,Desktop,7,2,0,15,0.0,86,1440x900,Edge,en-IN,-330,landscape,Mumbai,5388.98,2025-03-07 18:12:24,341,0,normal
user_304,session_3049,Desktop,7,13,0,19,0.0,209,1440x900,Edge,en-US,-330,landscape,Mumbai,8160.45,2025-04-22 09:05:00,163,0,normal
user_78,session_782,Mobile,7,9,6,15,0.68,312,414x896,Safari,en-IN,-330,landscape,Mumbai,1965.96,2025-01-15 08:46:02,31,0,normal
user_265,session_2652,Mobile,7,10,5,14,0.98,72,360x640,Firefox,en-IN,-330,landscape,Chennai,425.97,2025-01-09 11:52:25,73,0,normal
user_582,session_5828,Desktop,1,11,0,3,0.0,76,1440x900,Firefox,hi-IN,-330,landscape,Delhi,6277.29,2025-05-30 17:05:15,278,0,normal
user_174,session_1750,Desktop,3,7,0,6,0.0,98,1920x1080,Chrome,en-US,-330,landscape,Mumbai,3162.24,2025-03-23 21:16:55,335,0,normal
user_212,session_2127,Mobile,6,0,3,16,0.68,134,414x896,Safari,en-IN,-330,portrait,Bengaluru,9519.9,2025-05-23 03:22:33,39,0,normal
user_442,session_4422,Desktop,4,8,0,5,0.0,95,1366x768,Chrome,en-IN,-330,landscape,Mumbai,149.52,2025-05-29 09:13:58,226,0,normal
user_279,session_2792,Mobile,4,4,3,14,0.85,217,390x844,Safari,en-US,-330,landscape,Kolkata,3841.76,2025-05-13 16:33:48,57,0,normal
user_242,session_2424,Mobile,3,7,5,16,0.21,236,390x844,Chrome,en-IN,-330,landscape,Delhi,6953.5,2025-02-09 20:03:12,4,0,normal
user_585,session_5858,Desktop,3,11,0,26,0.0,172,1920x1080,Safari,en-IN,-330,landscape,Mumbai,10592.12,2025-02-08 13:49:05,105,0,normal
user_516,session_5169,Desktop,4,23,0,12,0.0,48,1920x1080,Safari,en-IN,-330,landscape,Ahmedabad,2238.12,2025-01-28 17:45:31,301,0,normal
user_88,session_884,Desktop,4,4,0,20,0.0,97,1440x900,Edge,en-US,-330,landscape,Bengaluru,7084.51,2025-03-23 13:13:38,408,0,normal
user_335,session_3358,Desktop,7,10,0,8,0.0,313,1440x900,Firefox,en-US,-330,landscape,Ahmedabad,907.61,2025-01-06 16:08:00,407,0,normal
user_109,session_1092,Desktop,9,14,0,23,0.0,183,1366x768,Edge,en-IN,-330,landscape,Ahmedabad,8427.66,2025-01-15 11:58:25,423,0,normal
user_562,session_5623,Desktop,5,8,0,10,0.0,157,1366x768,Safari,en-IN,-330,landscape,Kolkata,449.59,2025-01-01 08:36:05,91,0,normal
user_512,session_5129,Desktop,5,11,0,11,0.0,70,1440x900,Chrome,hi-IN,-330,landscape,Chennai,4172.59,2025-05-09 14:29:03,151,0,normal
user_53,session_532,Mobile,5,7,4,21,1.34,238,414x896,Edge,en-IN,-330,portrait,Ahmedabad,4679.93,2025-03-02 19:16:01,11,0,normal
user_359,session_3591,Desktop,1,8,0,10,0.0,100,1366x768,Chrome,en-US,-330,landscape,Hyderabad,605.61,2025-03-26 20:23:16,369,0,normal
user_243,session_2439,Mobile,0,11,0,14,0.96,133,390x844,Chrome,en-IN,-330,portrait,Bengaluru,8983.07,2025-03-24 15:55:31,15,0,normal
user_486,session_4862,Desktop,3,5,0,18,0.0,33,1366x768,Edge,hi-IN,-330,landscape,Ahmedabad,6201.07,2025-03-21 10:41:07,445,0,normal
user_506,session_5065,Desktop,5,12,0,20,0.0,61,1440x900,Safari,en-US,-330,landscape,Hyderabad,6834.19,2025-05-21 17:10:27,322,0,normal
user_395,session_3956,Mobile,3,7,3,14,0.8,148,360x640,Chrome,en-IN,-330,portrait,Ahmedabad,6721.55,2025-04-07 14:27:05,36,0,normal
user_496,session_4967,Desktop,7,10,0,12,0.0,94,1366x768,Edge,en-IN,-330,landscape,Chennai,2089.75,2025-04-25 05:30:23,438,0,normal
user_229,session_2291,Desktop,5,8,0,24,0.0,133,1440x900,Firefox,en-US,-330,landscape,Mumbai,2223.8,2025-04-03 23:21:12,230,0,normal
user_172,session_1728,Desktop,7,9,0,14,0.0,162,1440x900,Edge,en-IN,-330,landscape,Chennai,3717.4,2025-02-05 12:58:34,316,0,normal
user_61,session_611,Desktop,8,12,0,15,0.0,94,1440x900,Edge,en-IN,-330,landscape,Chennai,4517.93,2025-04-18 10:10:41,239,0,normal
user_57,session_571,Desktop,2,5,0,13,0.0,80,1366x768,Edge,en-IN,-330,landscape,Bengaluru,5998.62,2025-02-25 15:26:51,49,0,normal
user_377,session_3775,Mobile,7,8,3,17,0.88,256,414x896,Chrome,en-US,-330,portrait,Hyderabad,3037.25,2025-03-04 13:50:15,44,0,normal
user_131,session_1318,Mobile,2,12,8,19,0.17,211,360x640,Edge,en-IN,-330,portrait,Ahmedabad,7291.13,2025-03-04 12:10:19,19,0,normal
user_34,session_344,Desktop,10,10,0,22,0.0,124,1440x900,Firefox,hi-IN,-330,landscape,Kolkata,5127.41,2025-05-26 08:42:25,399,0,normal
user_58,session_588,Desktop,9,9,0,16,0.0,88,1366x768,Safari,en-US,-330,landscape,Delhi,3924.19,2025-04-06 17:40:42,236,0,normal
user_467,session_4678,Mobile,5,7,4,5,0.09,130,390x844,Edge,en-IN,-330,landscape,Mumbai,10359.99,2025-04-22 18:07:57,50,0,normal
user_63,session_637,Mobile,3,2,6,6,0.0,270,360x640,Chrome,en-IN,-330,portrait,Hyderabad,1663.94,2025-05-11 18:24:33,43,0,normal
user_43,session_435,Desktop,9,7,0,8,0.0,62,1366x768,Safari,en-IN,-330,landscape,Delhi,5212.14,2025-04-06 13:13:03,473,0,normal
user_190,session_1904,Desktop,0,10,0,13,0.0,229,1440x900,Chrome,en-IN,-330,landscape,Kolkata,3025.12,2025-03-16 09:02:29,210,0,normal
user_9,session_98,Desktop,11,8,0,23,0.0,165,1440x900,Safari,en-IN,-330,landscape,Hyderabad,2505.69,2025-04-06 20:09:39,414,0,normal
user_492,session_4929,Desktop,2,15,0,23,0.0,207,1440x900,Edge,en-US,-330,landscape,Bengaluru,6661.7,2025-04-23 20:28:35,626,0,normal
user_342,session_3426,Desktop,6,0,0,2,0.0,164,1440x900,Edge,en-IN,-330,landscape,Chennai,4942.39,2025-03-12 16:56:53,142,0,normal
user_442,session_4421,Desktop,6,10,0,14,0.0,94,1366x768,Chrome,en-IN,-330,landscape,Mumbai,274.63,2025-04-11 09:46:11,188,0,normal
user_206,session_2070,Desktop,9,6,0,11,0.0,142,1920x1080,Chrome,en-US,-330,landscape,Kolkata,3519.24,2025-01-25 17:08:16,176,0,normal
user_153,session_1538,Desktop,7,10,0,14,0.0,227,1920x1080,Safari,en-IN,-330,landscape,Hyderabad,746.29,2025-02-20 14:52:56,411,0,normal
user_320,session_3207,Desktop,3,10,0,11,0.0,173,1440x900,Chrome,en-IN,-330,landscape,Chennai,5384.32,2025-03-16 09:35:33,462,0,normal
user_454,session_4547,Mobile,7,7,7,16,0.65,218,360x640,Chrome,hi-IN,-330,landscape,Pune,227.12,2025-01-06 14:40:28,33,0,normal
user_477,session_4772,Desktop,6,8,0,17,0.0,120,1920x1080,Chrome,en-US,-330,landscape,Ahmedabad,4990.86,2025-01-13 09:33:20,385,0,normal
user_332,session_3324,Desktop,5,0,0,17,0.0,201,1366x768,Chrome,en-IN,-330,landscape,Chennai,8738.64,2025-01-17 12:23:08,168,0,normal
user_151,session_1518,Mobile,7,9,8,2,0.58,169,390x844,Safari,en-IN,-330,landscape,Chennai,466.78,2025-05-01 16:33:12,57,0,normal
user_96,session_966,Tablet,10,10,2,17,0.61,102,768x1024,Safari,en-US,-330,landscape,Hyderabad,6150.15,2025-04-02 07:38:05,26,0,normal
user_527,session_5276,Desktop,0,12,0,12,0.0,280,1920x1080,Edge,hi-IN,-330,landscape,Ahmedabad,6154.22,2025-01-11 15:01:15,386,0,normal
user_52,session_529,Desktop,4,5,0,14,0.0,75,1440x900,Edge,en-IN,-330,landscape,Ahmedabad,7839.25,2025-02-14 20:14:12,236,0,normal
user_17,session_177,Desktop,6,10,0,0,0.0,58,1366x768,Firefox,en-IN,-330,landscape,Bengaluru,7329.0,2025-05-24 12:19:31,653,0,normal
user_247,session_2471,Tablet,8,5,6,16,0.92,92,768x1024,Firefox,en-IN,-330,portrait,Bengaluru,6282.48,2025-03-05 19:50:44,46,0,normal
user_452,session_4522,Desktop,8,14,0,26,0.0,63,1440x900,Chrome,hi-IN,-330,landscape,Pune,3112.42,2025-04-10 12:59:30,352,0,normal
user_359,session_3600,Desktop,7,7,0,12,0.0,87,1366x768,Chrome,en-US,-330,landscape,Hyderabad,1051.1,2025-05-18 18:35:40,317,0,normal
user_300,session_3002,Tablet,12,6,9,14,0.3,83,810x1080,Chrome,en-US,-330,landscape,Hyderabad,3413.75,2025-05-24 22:39:51,39,0,normal
user_586,session_5866,Mobile,1,5,6,0,0.18,188,390x844,Firefox,en-IN,-330,landscape,Ahmedabad,4374.78,2025-01-24 15:53:06,70,0,normal
user_57,session_573,Desktop,5,10,0,13,0.0,45,1366x768,Edge,en-IN,-330,landscape,Bengaluru,3698.85,2025-01-20 15:29:29,224,0,normal
user_326,session_3266,Desktop,7,0,0,13,0.0,215,1440x900,Safari,en-IN,-330,landscape,Bengaluru,4355.88,2025-02-13 14:39:37,200,0,normal
user_59,session_593,Desktop,4,10,0,8,0.0,283,1366x768,Firefox,en-US,-330,landscape,Ahmedabad,5483.93,2025-02-03 19:03:50,596,0,normal
user_497,session_4975,Desktop,7,0,0,18,0.0,88,1440x900,Chrome,en-IN,-330,landscape,Kolkata,9721.23,2025-01-20 11:10:58,218,0,normal
user_306,session_3063,Desktop,6,11,0,4,0.0,109,1440x900,Chrome,en-IN,-330,landscape,Pune,6828.69,2025-04-04 13:25:01,149,0,normal
user_348,session_3483,Desktop,5,4,0,16,0.0,58,1920x1080,Chrome,en-IN,-330,landscape,Mumbai,6886.87,2025-03-14 08:55:03,478,0,normal
user_237,session_2375,Desktop,11,6,0,6,0.0,109,1440x900,Safari,en-IN,-330,landscape,Bengaluru,1820.34,2025-04-09 10:58:37,339,0,normal
user_306,session_3065,Desktop,9,4,0,2,0.0,62,1440x900,Chrome,en-IN,-330,landscape,Pune,5621.66,2025-05-08 09:56:19,0,0,normal
user_562,session_5628,Desktop,9,8,0,22,0.0,136,1366x768,Safari,en-IN,-330,landscape,Kolkata,789.99,2025-03-20 12:52:36,356,0,normal
user_433,session_4333,Mobile,9,15,10,25,0.96,101,360x640,Firefox,en-IN,-330,landscape,Bengaluru,1574.15,2025-01-25 12:18:06,40,0,normal
user_365,session_3657,Desktop,7,8,0,18,0.0,301,1920x1080,Edge,en-IN,-330,landscape,Bengaluru,1619.06,2025-01-06 23:38:56,375,0,normal
user_220,session_2209,Tablet,9,8,0,12,0.49,135,810x1080,Firefox,en-IN,-330,landscape,Bengaluru,2804.59,2025-01-13 10:54:52,46,0,normal
user_441,session_4417,Mobile,6,16,5,31,0.69,36,360x640,Safari,en-IN,-330,portrait,Ahmedabad,344.98,2025-02-24 17:29:43,36,0,normal
user_249,session_2493,Desktop,5,4,0,3,0.0,198,1440x900,Chrome,en-IN,-330,landscape,Delhi,4261.0,2025-05-19 22:27:49,349,0,normal
user_390,session_3902,Mobile,13,10,6,21,0.09,132,360x640,Edge,en-IN,-330,landscape,Bengaluru,5291.63,2025-01-08 11:43:58,56,0,normal
user_38,session_384,Desktop,7,6,0,5,0.0,51,1920x1080,Safari,en-IN,-330,landscape,Mumbai,1731.8,2025-04-21 12:56:14,574,0,normal
user_85,session_853,Tablet,1,12,6,6,0.59,30,768x1024,Edge,en-IN,-330,landscape,Mumbai,2775.55,2025-04-24 08:27:27,27,0,normal
user_188,session_1881,Mobile,7,9,2,16,1.3,202,390x844,Firefox,en-IN,-330,landscape,Pune,8623.26,2025-03-16 20:13:57,29,0,normal
user_37,session_371,Mobile,6,14,5,10,0.17,136,360x640,Safari,en-IN,-330,portrait,Delhi,4793.18,2025-05-22 17:16:41,91,0,normal
user_336,session_3363,Desktop,7,7,0,23,0.0,76,1440x900,Chrome,en-US,-330,landscape,Bengaluru,1555.56,2025-03-27 18:26:29,228,0,normal
user_423,session_4232,Desktop,4,11,0,31,0.0,84,1440x900,Chrome,en-US,-330,landscape,Hyderabad,5220.1,2025-03-08 11:25:15,148,0,normal
user_520,session_5205,Desktop,9,8,0,9,0.0,116,1920x1080,Edge,hi-IN,-330,landscape,Hyderabad,5891.55,2025-05-05 16:01:46,151,0,normal
user_517,session_5171,Desktop,8,10,0,20,0.0,90,1366x768,Safari,en-IN,-330,landscape,Kolkata,2951.73,2025-01-07 06:28:24,155,0,normal
user_595,session_5958,Mobile,4,1,3,12,0.4,92,414x896,Firefox,en-IN,-330,portrait,Chennai,1139.18,2025-02-27 16:55:02,29,0,normal
user_110,session_1106,Desktop,6,18,0,17,0.0,115,1920x1080,Firefox,en-IN,-330,landscape,Chennai,2719.05,2025-02-01 16:40:57,307,0,normal
user_468,session_4685,Mobile,11,10,0,11,0.61,30,414x896,Safari,en-US,-330,landscape,Delhi,3179.54,2025-01-21 20:57:43,53,0,normal
user_236,session_2362,Desktop,6,6,0,12,0.0,49,1440x900,Safari,en-US,-330,landscape,Kolkata,5352.9,2025-05-20 14:49:59,229,0,normal
user_515,session_5154,Mobile,3,5,4,8,0.56,63,390x844,Safari,en-IN,-330,portrait,Chennai,2112.38,2025-05-26 15:12:34,40,0,normal
user_133,session_1337,Tablet,7,6,6,10,0.92,86,810x1080,Firefox,en-US,-330,portrait,Pune,5904.95,2025-05-26 16:41:23,42,0,normal
user_218,session_2190,Desktop,11,11,0,16,0.0,89,1366x768,Edge,hi-IN,-330,landscape,Chennai,3790.81,2025-01-23 20:24:40,481,0,normal
user_550,session_5503,Desktop,6,10,0,10,0.0,71,1920x1080,Edge,en-IN,-330,landscape,Hyderabad,10531.94,2025-05-04 22:40:42,299,0,normal
user_540,session_5404,Tablet,9,9,4,23,0.43,200,810x1080,Firefox,hi-IN,-330,portrait,Delhi,5198.37,2025-02-02 20:27:50,34,0,normal
user_484,session_4849,Mobile,5,0,8,17,0.85,51,360x640,Firefox,en-US,-330,landscape,Bengaluru,4139.43,2025-01-23 09:35:32,8,0,normal
user_224,session_2247,Desktop,6,12,0,23,0.0,31,1440x900,Safari,hi-IN,-330,landscape,Pune,2005.21,2025-05-08 11:37:13,284,0,normal
user_597,session_5975,Tablet,5,1,2,6,0.53,268,768x1024,Safari,en-IN,-330,landscape,Hyderabad,11355.71,2025-03-25 11:11:57,58,0,normal
user_581,session_5812,Desktop,9,7,0,20,0.0,72,1440x900,Edge,hi-IN,-330,landscape,Pune,6714.96,2025-05-03 14:35:38,545,0,normal
user_117,session_1172,Desktop,7,2,0,1,0.0,216,1440x900,Firefox,en-IN,-330,landscape,Mumbai,2008.74,2025-04-09 10:38:38,45,0,normal
user_399,session_3993,Desktop,4,5,0,21,0.0,132,1440x900,Firefox,en-IN,-330,landscape,Ahmedabad,4460.18,2025-01-18 14:57:00,520,0,normal
user_380,session_3809,Desktop,6,2,0,3,0.0,87,1366x768,Edge,en-US,-330,landscape,Bengaluru,1347.38,2025-04-19 12:43:51,648,0,normal
user_142,session_1423,Desktop,6,10,0,12,0.0,173,1440x900,Chrome,en-IN,-330,landscape,Chennai,7667.09,2025-02-15 14:09:40,483,0,normal
user_268,session_2687,Desktop,11,6,0,13,0.0,358,1440x900,Edge,en-US,-330,landscape,Mumbai,2689.4,2025-03-30 11:38:43,391,0,normal
user_538,session_5381,Mobile,4,4,1,3,0.82,125,414x896,Safari,en-US,-330,landscape,Ahmedabad,4868.11,2025-01-12 12:34:16,26,0,normal
user_331,session_3319,Mobile,6,7,9,8,0.79,233,414x896,Firefox,en-IN,-330,portrait,Pune,2158.23,2025-02-06 15:11:57,49,0,normal
user_581,session_5814,Desktop,1,7,0,22,0.0,56,1440x900,Edge,hi-IN,-330,landscape,Pune,7543.37,2025-02-13 20:37:59,472,0,normal
user_570,session_5708,Desktop,4,0,0,12,0.0,135,1440x900,Safari,en-IN,-330,landscape,Pune,4957.61,2025-02-06 15:42:26,105,0,normal
user_146,session_1465,Desktop,1,1,0,11,0.0,50,1440x900,Firefox,en-IN,-330,landscape,Bengaluru,11617.15,2025-04-23 09:59:19,47,0,normal
user_87,session_875,Mobile,3,6,4,12,1.0,153,414x896,Firefox,en-IN,-330,portrait,Mumbai,7475.76,2025-02-28 17:20:55,71,0,normal
user_229,session_2298,Desktop,9,7,0,27,0.0,77,1440x900,Firefox,en-US,-330,landscape,Mumbai,2647.83,2025-03-13 17:07:43,520,0,normal
user_264,session_2644,Desktop,4,17,0,17,0.0,217,1920x1080,Firefox,en-IN,-330,landscape,Ahmedabad,6339.98,2025-01-07 18:00:59,220,0,normal
user_394,session_3946,Mobile,2,6,1,17,1.48,142,360x640,Firefox,en-IN,-330,landscape,Hyderabad,625.26,2025-04-09 13:08:18,72,0,normal
user_519,session_5191,Desktop,3,12,0,10,0.0,158,1366x768,Firefox,en-IN,-330,landscape,Chennai,4698.08,2025-02-08 17:44:28,76,0,normal
user_125,session_1252,Mobile,6,5,0,20,1.07,242,360x640,Safari,en-US,-330,landscape,Delhi,5671.6,2025-03-07 11:37:00,30,0,normal
user_332,session_3327,Desktop,4,4,0,15,0.0,121,1366x768,Chrome,en-IN,-330,landscape,Chennai,7375.36,2025-01-20 13:06:23,246,0,normal
user_84,session_841,Desktop,8,3,0,11,0.0,313,1920x1080,Chrome,en-US,-330,landscape,Mumbai,1289.24,2025-04-10 10:07:59,384,0,normal
user_422,session_4229,Mobile,0,2,5,7,0.4,228,390x844,Safari,en-US,-330,landscape,Delhi,708.74,2025-01-04 08:02:24,51,0,normal
user_58,session_582,Desktop,19,0,0,0,0.0,6,1366x768,Safari,en-US,-330,landscape,Delhi,3210.41,2025-01-06 17:41:25,7,1,bot_script
user_20,session_205,Desktop,8,6,0,19,0.0,100,1920x1080,Edge,en-IN,-330,landscape,Chennai,5708.62,2025-03-21 08:02:50,297,0,normal
user_164,session_1642,Desktop,6,6,0,3,0.0,305,1440x900,Firefox,en-IN,-330,landscape,Kolkata,6229.93,2025-03-15 09:00:33,465,0,normal
user_201,session_2015,Mobile,5,13,7,13,0.34,132,390x844,Edge,hi-IN,-330,portrait,Mumbai,2286.91,2025-03-25 18:25:53,17,0,normal
user_90,session_906,Mobile,7,2,7,11,0.74,226,414x896,Chrome,en-IN,-330,landscape,Bengaluru,3662.68,2025-03-02 10:01:04,36,0,normal
user_63,session_632,Mobile,6,3,2,9,0.0,206,360x640,Chrome,en-IN,-330,portrait,Hyderabad,2443.38,2025-02-28 17:37:56,82,0,normal
user_424,session_4245,Mobile,9,16,6,15,0.42,230,414x896,Firefox,en-IN,-330,landscape,Kolkata,738.06,2025-03-01 17:35:26,0,0,normal
user_197,session_1975,Desktop,8,11,0,18,0.0,235,1440x900,Safari,en-IN,-330,landscape,Chennai,2293.46,2025-03-21 14:42:39,659,0,normal
user_16,session_163,Mobile,4,1,3,11,0.79,146,360x640,Firefox,en-IN,-330,portrait,Hyderabad,4965.93,2025-01-24 14:57:40,44,0,normal
user_430,session_4305,Mobile,1,3,1,11,0.62,96,414x896,Firefox,en-IN,-330,landscape,Kolkata,5719.56,2025-03-02 15:43:07,41,0,normal
user_405,session_4056,Mobile,8,8,3,11,0.81,125,414x896,Firefox,en-IN,-330,portrait,Kolkata,6740.6,2025-01-17 10:54:18,41,0,normal
user_538,session_5389,Mobile,2,3,8,16,0.39,82,414x896,Safari,en-US,-330,portrait,Ahmedabad,2991.84,2025-04-16 13:09:56,69,0,normal
user_351,session_3514,Desktop,14,6,0,16,0.0,55,1440x900,Firefox,en-IN,-330,landscape,Hyderabad,3456.1,2025-02-03 14:04:47,326,0,normal
user_61,session_618,Desktop,5,6,0,18,0.0,44,1440x900,Edge,en-IN,-330,landscape,Chennai,10000.01,2025-02-03 10:43:40,228,0,normal
user_87,session_876,Mobile,6,5,1,7,0.32,155,414x896,Firefox,en-IN,-330,portrait,Mumbai,9940.84,2025-03-20 22:49:38,29,0,normal
user_143,session_1432,Desktop,6,9,0,11,0.0,128,1440x900,Edge,en-IN,-330,landscape,Bengaluru,1368.96,2025-01-30 11:03:10,395,0,normal
user_297,session_2974,Mobile,2,3,6,15,0.51,203,414x896,Firefox,en-US,-330,landscape,Pune,1915.56,2025-05-15 11:04:57,70,0,normal
user_536,session_5363,Mobile,6,9,7,5,0.0,174,360x640,Firefox,en-IN,-330,landscape,Bengaluru,4274.44,2025-02-28 15:44:40,42,0,normal
user_54,session_548,Desktop,7,8,0,12,0.0,123,1920x1080,Firefox,en-IN,-330,landscape,Chennai,7571.46,2025-01-17 12:09:25,236,0,normal
user_487,session_4872,Desktop,7,10,0,17,0.0,119,1440x900,Chrome,en-IN,-330,landscape,Delhi,7530.62,2025-04-16 19:47:53,315,0,normal
user_544,session_5450,Desktop,5,10,0,22,0.0,118,1366x768,Firefox,en-IN,-330,landscape,Delhi,7197.94,2025-01-30 09:19:21,351,0,normal
user_504,session_5049,Desktop,6,9,0,13,0.0,135,1440x900,Firefox,en-IN,-330,landscape,Ahmedabad,2536.21,2025-04-07 09:21:08,373,0,normal
user_338,session_3382,Desktop,2,10,0,14,0.0,106,1920x1080,Safari,en-IN,-330,landscape,Chennai,2773.34,2025-01-03 10:58:08,398,0,normal
user_580,session_5810,Tablet,4,10,7,12,0.49,203,768x1024,Edge,en-IN,-330,portrait,Hyderabad,3970.59,2025-04-20 18:05:05,22,0,normal
user_570,session_5703,Desktop,3,11,0,25,0.0,195,1440x900,Safari,en-IN,-330,landscape,Pune,7498.95,2025-05-13 12:24:14,218,0,normal
user_489,session_4891,Desktop,5,6,0,5,0.0,122,1440x900,Firefox,en-IN,-330,landscape,Ahmedabad,947.56,2025-02-20 18:15:52,395,0,normal
user_285,session_2857,Mobile,4,5,0,5,0.4,86,390x844,Safari,hi-IN,-330,portrait,Pune,1530.53,2025-03-29 22:01:08,45,0,normal
user_186,session_1862,Desktop,6,13,0,17,0.0,231,1920x1080,Edge,en-US,-330,landscape,Bengaluru,2811.06,2025-04-25 12:16:07,273,0,normal
user_265,session_2660,Mobile,6,8,5,12,0.22,80,360x640,Firefox,en-IN,-330,landscape,Chennai,422.11,2025-04-06 15:00:09,46,0,normal
user_550,session_5506,Desktop,4,8,0,4,0.0,23,1920x1080,Edge,en-IN,-330,landscape,Hyderabad,4613.17,2025-05-27 14:46:56,218,0,normal
user_64,session_641,Desktop,7,7,0,14,0.0,146,1366x768,Edge,en-IN,-330,landscape,Mumbai,324.9,2025-03-17 21:08:36,431,0,normal
user_510,session_5108,Desktop,5,8,0,22,0.0,84,1920x1080,Firefox,en-IN,-330,landscape,Mumbai,3315.37,2025-04-17 11:12:11,454,0,normal
user_100,session_1010,Desktop,2,11,0,17,0.0,143,1366x768,Edge,en-IN,-330,landscape,Bengaluru,4407.49,2025-05-08 08:28:52,309,0,normal
user_586,session_5863,Mobile,5,8,10,12,0.65,157,390x844,Firefox,en-IN,-330,landscape,Ahmedabad,3772.33,2025-03-08 16:01:19,39,0,normal
user_63,session_638,Mobile,3,12,0,14,0.31,182,360x640,Chrome,en-IN,-330,portrait,Hyderabad,1806.73,2025-04-16 19:38:44,61,0,normal
user_489,session_4900,Desktop,6,11,0,17,0.0,123,1440x900,Firefox,en-IN,-330,landscape,Ahmedabad,895.77,2025-05-27 23:54:57,110,0,normal
user_450,session_4505,Mobile,9,15,6,0,2.0,124,360x640,Firefox,en-IN,-330,portrait,Chennai,1919.82,2025-04-10 08:54:07,17,0,normal
user_230,session_2309,Mobile,6,15,1,20,0.15,232,360x640,Edge,en-IN,-330,portrait,Bengaluru,13742.65,2025-01-01 11:04:26,37,0,normal
user_416,session_4169,Mobile,4,0,1,9,0.0,149,360x640,Safari,en-US,-330,landscape,Bengaluru,4937.95,2025-01-07 09:07:48,64,0,normal
user_314,session_3146,Mobile,0,11,0,7,0.45,124,414x896,Firefox,hi-IN,-330,landscape,Ahmedabad,4590.48,2025-04-03 22:05:46,59,0,normal
user_378,session_3782,Desktop,3,11,0,9,0.0,113,1920x1080,Safari,en-IN,-330,landscape,Ahmedabad,6312.21,2025-01-04 20:20:03,393,0,normal
user_209,session_2097,Desktop,3,12,0,5,0.0,243,1440x900,Firefox,en-IN,-330,landscape,Hyderabad,4791.12,2025-04-20 16:02:28,0,0,normal
user_551,session_5520,Desktop,11,3,0,10,0.0,215,1366x768,Firefox,hi-IN,-330,landscape,Hyderabad,5166.42,2025-02-23 20:18:27,217,0,normal
user_195,session_1957,Desktop,4,9,0,13,0.0,137,1920x1080,Firefox,hi-IN,-330,landscape,Chennai,2815.21,2025-01-06 20:11:44,442,0,normal
user_137,session_1373,Tablet,8,8,1,23,0.76,142,810x1080,Firefox,en-IN,-330,landscape,Delhi,2717.25,2025-03-21 11:38:59,43,0,normal
user_402,session_4023,Mobile,6,7,9,16,0.77,124,360x640,Safari,en-IN,-330,portrait,Bengaluru,9539.08,2025-01-21 09:59:23,70,0,normal
user_92,session_922,Tablet,5,13,3,17,0.0,137,810x1080,Firefox,en-IN,-330,landscape,Ahmedabad,7302.76,2025-03-10 18:56:57,19,0,normal
user_54,session_547,Desktop,11,11,0,24,0.0,253,1920x1080,Firefox,en-IN,-330,landscape,Chennai,6440.56,2025-02-01 07:45:09,324,0,normal
user_144,session_1450,Tablet,5,0,4,18,0.72,62,768x1024,Chrome,en-US,-330,landscape,Hyderabad,1963.62,2025-01-05 14:10:54,52,0,normal
user_280,session_2805,Tablet,8,8,10,14,0.05,47,810x1080,Safari,en-IN,-330,landscape,Hyderabad,1652.98,2025-05-18 15:29:35,68,0,normal
user_261,session_2611,Mobile,9,2,4,22,0.3,304,414x896,Safari,en-US,-330,landscape,Ahmedabad,5690.27,2025-05-11 17:43:36,8,0,normal
user_190,session_1901,Desktop,2,10,0,7,0.0,208,1440x900,Chrome,en-IN,-330,landscape,Kolkata,4251.31,2025-03-03 09:42:11,214,0,normal
user_275,session_2758,Mobile,6,8,3,15,0.48,86,360x640,Edge,en-US,-330,landscape,Mumbai,7455.5,2025-03-12 12:00:31,14,0,normal
user_202,session_2029,Desktop,33,0,0,0,0.0,8,1440x900,Chrome,en-IN,-330,landscape,Ahmedabad,5129.36,2025-05-05 22:32:18,13,1,bot_script
user_230,session_2302,Mobile,6,5,6,15,0.49,146,360x640,Edge,en-IN,-330,portrait,Bengaluru,7878.08,2025-03-01 10:16:01,43,0,normal
user_188,session_1886,Mobile,0,8,5,12,0.1,220,390x844,Firefox,en-IN,-330,landscape,Pune,11133.09,2025-02-18 19:58:53,38,0,normal
user_164,session_1643,Desktop,8,11,0,17,0.0,223,1440x900,Firefox,en-IN,-330,landscape,Kolkata,5028.9,2025-02-22 10:29:17,490,0,normal
user_97,session_973,Mobile,5,0,7,7,0.27,35,390x844,Chrome,en-IN,-330,portrait,Mumbai,5252.68,2025-04-22 23:21:33,72,0,normal
user_576,session_5765,Desktop,2,4,0,12,0.0,188,1920x1080,Firefox,en-IN,-330,landscape,Pune,996.85,2025-04-22 19:40:12,310,0,normal
user_209,session_2098,Desktop,3,4,0,7,0.0,174,1440x900,Firefox,en-IN,-330,landscape,Hyderabad,1391.86,2025-04-30 20:10:25,169,0,normal
user_520,session_5209,Desktop,1,6,0,8,0.0,171,1920x1080,Edge,hi-IN,-330,landscape,Hyderabad,3601.65,2025-03-02 16:16:26,308,0,normal
user_457,session_4576,Tablet,13,7,5,10,0.53,131,810x1080,Edge,hi-IN,-330,portrait,Chennai,14303.44,2025-01-10 16:16:55,71,1,account_takeover
user_549,session_5491,Desktop,8,9,0,14,0.0,121,1440x900,Chrome,en-IN,-330,landscape,Pune,2031.71,2025-05-10 15:04:42,620,0,normal
user_595,session_5959,Mobile,1,7,4,24,0.12,109,414x896,Firefox,en-IN,-330,landscape,Chennai,829.05,2025-05-02 21:42:54,26,0,normal
user_83,session_837,Tablet,5,3,2,10,0.73,241,768x1024,Edge,en-US,-330,portrait,Kolkata,4288.11,2025-05-19 16:56:56,29,0,normal
user_60,session_602,Mobile,0,5,3,7,0.43,79,360x640,Chrome,en-IN,-330,portrait,Mumbai,7683.07,2025-04-03 14:36:47,93,0,normal
user_218,session_2185,Desktop,7,6,0,10,0.0,102,1366x768,Edge,hi-IN,-330,landscape,Chennai,2784.95,2025-05-11 18:13:57,474,0,normal
user_476,session_4769,Desktop,2,4,0,17,0.0,99,1366x768,Chrome,en-IN,-330,landscape,Bengaluru,8129.35,2025-05-23 14:44:01,245,0,normal
user_351,session_3517,Desktop,9,10,0,24,0.0,52,1440x900,Firefox,en-IN,-330,landscape,Hyderabad,2405.7,2025-04-23 17:14:41,252,0,normal
user_514,session_5150,Mobile,6,4,5,15,0.0,249,414x896,Chrome,en-IN,-330,portrait,Hyderabad,2762.14,2025-03-02 15:37:05,7,0,normal
user_158,session_1583,Desktop,2,9,0,7,0.0,145,1366x768,Firefox,en-IN,-330,landscape,Ahmedabad,7041.08,2025-01-28 14:35:40,468,0,normal
user_510,session_5102,Desktop,7,4,0,17,0.0,57,1920x1080,Firefox,en-IN,-330,landscape,Mumbai,3889.14,2025-04-08 09:38:20,201,0,normal
user_358,session_3584,Desktop,5,6,0,0,0.0,80,1920x1080,Firefox,en-IN,-330,landscape,Pune,1078.73,2025-01-24 15:50:34,343,0,normal
user_385,session_3859,Mobile,7,9,11,9,0.62,242,390x844,Firefox,en-IN,-330,portrait,Bengaluru,5332.9,2025-03-18 18:37:02,39,0,normal
user_107,session_1071,Mobile,6,5,2,8,0.48,115,390x844,Chrome,en-IN,-330,portrait,Kolkata,2249.0,2025-05-04 10:19:32,33,0,normal
user_177,session_1776,Mobile,0,2,5,18,0.18,67,390x844,Edge,en-IN,-330,landscape,Mumbai,443.96,2025-03-04 13:43:01,46,0,normal
user_576,session_5764,Desktop,4,10,0,2,0.0,81,1920x1080,Firefox,en-IN,-330,landscape,Pune,599.27,2025-04-22 17:02:47,287,0,normal
user_128,session_1284,Desktop,8,1,0,16,0.0,263,1366x768,Firefox,en-US,-330,landscape,Pune,3494.73,2025-01-24 13:00:19,284,0,normal
user_498,session_4988,Desktop,3,15,0,17,0.0,236,1920x1080,Safari,en-IN,-330,landscape,Hyderabad,1363.06,2025-03-10 19:16:01,358,0,normal
user_488,session_4885,Mobile,8,13,5,21,0.42,136,414x896,Edge,en-IN,-330,portrait,Bengaluru,256.96,2025-04-08 08:36:14,10,0,normal
user_569,session_5700,Desktop,3,11,0,18,0.0,197,1920x1080,Firefox,en-IN,-330,landscape,Ahmedabad,531.67,2025-04-05 15:39:44,315,0,normal
user_183,session_1837,Desktop,8,6,0,16,0.0,87,1920x1080,Edge,en-US,-330,landscape,Chennai,2493.07,2025-05-20 22:02:55,411,0,normal
user_545,session_5453,Desktop,5,12,0,23,0.0,71,1440x900,Chrome,en-IN,-330,landscape,Bengaluru,1021.43,2025-01-20 12:37:42,396,0,normal
user_101,session_1020,Desktop,7,7,0,13,0.0,112,1440x900,Firefox,en-IN,-330,landscape,Kolkata,1432.85,2025-05-03 07:10:41,241,0,normal
user_97,session_971,Mobile,3,2,6,8,0.81,46,390x844,Chrome,en-IN,-330,portrait,Mumbai,3750.56,2025-02-03 23:37:06,23,0,normal
user_132,session_1327,Desktop,7,10,0,18,0.0,392,1440x900,Firefox,en-US,-330,landscape,Hyderabad,1069.22,2025-05-16 23:52:06,350,0,normal
user_333,session_3334,Desktop,4,6,0,13,0.0,115,1440x900,Edge,en-IN,-330,landscape,Ahmedabad,4186.84,2025-04-15 23:49:08,259,0,normal
user_47,session_476,Desktop,2,5,0,25,0.0,81,1366x768,Firefox,en-IN,-330,landscape,Hyderabad,2065.02,2025-01-31 11:59:55,126,0,normal
user_281,session_2811,Desktop,7,9,0,17,0.0,84,1920x1080,Firefox,en-IN,-330,landscape,Ahmedabad,3489.15,2025-04-20 16:01:44,691,0,normal
user_560,session_5609,Desktop,9,9,0,8,0.0,197,1366x768,Chrome,en-US,-330,landscape,Hyderabad,2880.21,2025-01-07 09:22:12,317,0,normal
user_165,session_1652,Tablet,11,6,0,12,0.68,178,810x1080,Edge,en-IN,-330,landscape,Pune,4848.46,2025-02-24 19:07:02,45,0,normal
user_556,session_5570,Mobile,4,10,8,8,0.43,107,414x896,Firefox,en-IN,-330,portrait,Bengaluru,1984.33,2025-01-01 13:34:54,29,0,normal
user_512,session_5122,Desktop,2,0,0,0,0.0,13,1440x900,Chrome,hi-IN,-330,landscape,Chennai,9259.91,2025-01-17 13:07:17,169,1,copy_paste_drain
user_252,session_2529,Desktop,8,2,0,16,0.0,59,1366x768,Firefox,en-US,-330,landscape,Ahmedabad,2000.71,2025-02-22 05:30:44,32,0,normal
user_369,session_3692,Mobile,5,7,2,5,0.62,178,360x640,Firefox,en-US,-330,portrait,Kolkata,8009.43,2025-02-20 15:40:11,6,0,normal
user_450,session_4510,Mobile,5,20,0,16,0.67,205,360x640,Firefox,en-IN,-330,portrait,Chennai,1917.64,2025-03-20 06:14:22,54,0,normal
user_408,session_4087,Mobile,5,6,4,9,0.0,151,414x896,Firefox,en-IN,-330,portrait,Ahmedabad,803.82,2025-01-02 19:36:05,23,0,normal
user_137,session_1374,Tablet,8,2,6,11,1.05,232,810x1080,Firefox,en-IN,-330,landscape,Delhi,1581.06,2025-01-13 16:42:11,65,0,normal
user_73,session_740,Desktop,4,2,0,16,0.0,96,1920x1080,Firefox,en-IN,-330,landscape,Chennai,2644.76,2025-05-03 13:53:11,234,0,normal
user_460,session_4609,Mobile,2,12,2,14,0.0,46,390x844,Edge,en-IN,-330,portrait,Ahmedabad,6753.8,2025-02-05 19:57:51,46,0,normal
user_580,session_5803,Tablet,9,9,7,1,0.35,123,768x1024,Edge,en-IN,-330,landscape,Hyderabad,3201.65,2025-03-28 16:38:08,43,0,normal
user_86,session_868,Desktop,1,11,0,18,0.0,190,1920x1080,Chrome,en-IN,-330,landscape,Pune,7413.65,2025-04-30 14:07:40,566,0,normal
user_297,session_2975,Mobile,2,1,5,5,1.76,217,414x896,Firefox,en-US,-330,portrait,Pune,6815.05,2025-01-01 13:44:51,33,0,normal
user_114,session_1141,Desktop,1,13,0,11,0.0,20,1440x900,Edge,en-IN,-330,landscape,Mumbai,3918.07,2025-01-19 16:39:02,289,0,normal
user_99,session_998,Mobile,7,17,5,12,0.48,149,360x640,Chrome,en-IN,-330,portrait,Pune,188.83,2025-04-08 20:53:38,77,0,normal
user_133,session_1338,Tablet,7,4,5,14,1.2,108,810x1080,Firefox,en-US,-330,portrait,Pune,2463.4,2025-01-05 16:09:05,52,0,normal
user_54,session_542,Desktop,4,13,0,7,0.0,272,1920x1080,Firefox,en-IN,-330,landscape,Chennai,8129.25,2025-01-24 15:17:19,174,0,normal
user_109,session_1100,Desktop,11,8,0,13,0.0,182,1366x768,Edge,en-IN,-330,landscape,Ahmedabad,5077.3,2025-04-08 15:17:48,325,0,normal
user_113,session_1133,Mobile,4,13,4,19,1.12,116,414x896,Safari,en-IN,-330,portrait,Delhi,264.47,2025-04-08 12:16:45,64,0,normal
user_581,session_5817,Desktop,4,17,0,16,0.0,91,1440x900,Edge,hi-IN,-330,landscape,Pune,5166.24,2025-01-29 17:24:36,340,0,normal
user_592,session_5928,Desktop,8,15,0,6,0.0,174,1920x1080,Safari,en-IN,-330,landscape,Kolkata,3787.01,2025-05-21 11:54:16,280,0,normal
user_225,session_2259,Desktop,4,2,0,13,0.0,149,1440x900,Chrome,en-IN,-330,landscape,Hyderabad,6379.95,2025-05-09 07:58:11,505,0,normal
user_597,session_5974,Tablet,4,7,1,14,0.0,234,768x1024,Safari,en-IN,-330,portrait,Hyderabad,865.07,2025-02-18 16:26:20,48,0,normal
user_296,session_2963,Desktop,1,6,0,2,0.0,112,1366x768,Chrome,en-IN,-330,landscape,Chennai,4524.36,2025-01-18 12:21:52,308,0,normal
user_5,session_60,Desktop,7,8,0,14,0.0,69,1366x768,Chrome,en-IN,-330,landscape,Chennai,3137.68,2025-05-22 14:50:32,218,0,normal
user_325,session_3260,Mobile,8,0,3,0,0.29,118,414x896,Safari,hi-IN,-330,landscape,Mumbai,1020.06,2025-01-30 17:21:55,22,0,normal
user_408,session_4084,Mobile,4,4,6,9,0.1,220,414x896,Firefox,en-IN,-330,portrait,Ahmedabad,1078.66,2025-03-31 21:35:35,48,0,normal
user_193,session_1939,Mobile,11,7,13,17,1.22,127,414x896,Edge,en-US,-330,portrait,Pune,578.1,2025-04-28 19:05:11,42,0,normal
user_365,session_3651,Desktop,5,5,0,4,0.0,317,1920x1080,Edge,en-IN,-330,landscape,Bengaluru,1102.12,2025-04-28 20:56:06,186,0,normal
user_592,session_5924,Desktop,8,1,0,15,0.0,167,1920x1080,Safari,en-IN,-330,landscape,Kolkata,3837.98,2025-02-27 11:59:27,110,0,normal
user_339,session_3396,Desktop,1,10,0,12,0.0,161,1366x768,Chrome,en-US,-330,landscape,Kolkata,899.18,2025-02-09 12:28:29,83,0,normal
user_281,session_2814,Desktop,7,7,0,11,0.0,198,1920x1080,Firefox,en-IN,-330,landscape,Ahmedabad,4334.02,2025-03-05 17:30:17,318,0,normal
user_599,session_5997,Tablet,4,5,3,12,0.92,115,810x1080,Edge,en-IN,-330,landscape,Kolkata,2944.63,2025-02-05 08:08:42,57,0,normal
user_565,session_5657,Desktop,1,6,0,17,0.0,83,1440x900,Edge,en-US,-330,landscape,Pune,2383.68,2025-05-11 12:14:33,358,0,normal
user_107,session_1079,Mobile,7,6,2,21,0.44,107,390x844,Chrome,en-IN,-330,portrait,Kolkata,2094.75,2025-02-22 10:21:07,51,0,normal
user_453,session_4533,Desktop,8,10,0,26,0.0,219,1920x1080,Chrome,en-US,-330,landscape,Bengaluru,1597.33,2025-05-06 06:00:27,432,0,normal
user_583,session_5832,Desktop,5,17,0,15,0.0,29,1440x900,Firefox,en-IN,-330,landscape,Bengaluru,6062.81,2025-03-02 15:24:27,241,0,normal
user_427,session_4273,Mobile,0,5,0,8,0.29,80,390x844,Firefox,en-IN,-330,portrait,Kolkata,910.81,2025-01-30 14:46:11,42,0,normal
user_428,session_4284,Mobile,2,1,5,11,0.52,184,360x640,Safari,en-IN,-330,landscape,Pune,7307.94,2025-02-04 17:54:57,42,0,normal
user_509,session_5100,Desktop,6,8,0,0,0.0,193,1920x1080,Chrome,hi-IN,-330,landscape,Ahmedabad,2423.87,2025-05-22 14:57:44,384,0,normal
user_263,session_2631,Mobile,8,12,5,19,0.38,170,390x844,Firefox,hi-IN,-330,portrait,Chennai,6619.04,2025-04-11 12:11:29,12,0,normal
user_480,session_4802,Desktop,6,6,0,7,0.0,182,1366x768,Safari,en-IN,-330,landscape,Pune,4761.62,2025-04-27 11:00:43,537,0,normal
user_352,session_3525,Desktop,4,5,0,15,0.0,95,1920x1080,Safari,hi-IN,-330,landscape,Delhi,3466.62,2025-02-12 14:44:06,59,0,normal
user_356,session_3564,Desktop,7,7,0,13,0.0,189,1920x1080,Safari,en-IN,-330,landscape,Mumbai,396.01,2025-05-29 20:37:10,284,0,normal
user_94,session_941,Desktop,9,3,6,2,0.0,274,1366x768,Safari,hi-IN,-330,landscape,Bengaluru,9163.56,2025-04-21 15:15:51,47,1,account_takeover
user_108,session_1081,Desktop,5,8,0,15,0.0,252,1440x900,Edge,en-IN,-330,landscape,Mumbai,1100.05,2025-05-01 17:07:11,308,0,normal
user_18,session_188,Mobile,4,13,8,22,0.58,141,414x896,Safari,en-IN,-330,portrait,Delhi,3371.16,2025-01-02 12:43:03,32,0,normal
user_372,session_3723,Desktop,10,8,0,9,0.0,183,1366x768,Edge,en-IN,-330,landscape,Mumbai,8808.37,2025-04-09 13:43:53,212,0,normal
user_561,session_5614,Desktop,12,12,0,7,0.0,148,1366x768,Safari,en-US,-330,landscape,Delhi,2980.38,2025-01-27 18:14:36,224,0,normal
user_208,session_2086,Desktop,2,7,0,23,0.0,144,1366x768,Safari,en-US,-330,landscape,Mumbai,5846.8,2025-04-08 11:54:57,433,0,normal
user_224,session_2250,Desktop,7,8,0,17,0.0,75,1440x900,Safari,hi-IN,-330,landscape,Pune,507.83,2025-03-22 21:25:04,381,0,normal
user_368,session_3689,Desktop,7,5,0,15,0.0,87,1440x900,Chrome,en-IN,-330,landscape,Delhi,1402.22,2025-03-15 23:44:21,205,0,normal
user_586,session_5869,Mobile,1,8,2,9,0.65,219,390x844,Firefox,en-IN,-330,landscape,Ahmedabad,4393.74,2025-02-11 16:38:04,39,0,normal
user_202,session_2024,Desktop,4,9,0,12,0.0,101,1440x900,Chrome,en-IN,-330,landscape,Ahmedabad,8738.76,2025-04-03 15:45:02,103,0,normal
user_379,session_3795,Desktop,6,11,0,12,0.0,164,1920x1080,Chrome,en-US,-330,landscape,Hyderabad,3701.22,2025-04-11 07:25:10,321,0,normal
user_149,session_1493,Desktop,6,15,0,10,0.0,62,1920x1080,Chrome,en-IN,-330,landscape,Bengaluru,3529.16,2025-04-13 10:29:17,319,0,normal
user_460,session_4602,Mobile,5,8,6,23,0.26,64,390x844,Edge,en-IN,-330,portrait,Ahmedabad,8368.55,2025-05-02 14:56:18,31,0,normal
user_404,session_4041,Mobile,1,6,2,7,1.0,163,414x896,Safari,en-IN,-330,portrait,Hyderabad,5770.54,2025-05-21 08:05:07,39,0,normal
user_22,session_227,Mobile,2,9,8,13,0.75,213,414x896,Safari,en-IN,-330,landscape,Ahmedabad,106.9,2025-03-21 11:15:04,35,0,normal
user_101,session_1014,Desktop,2,15,0,17,0.0,98,1440x900,Firefox,en-IN,-330,landscape,Kolkata,231.36,2025-05-25 09:27:55,237,0,normal
user_258,session_2584,Desktop,9,15,0,22,0.0,91,1920x1080,Edge,en-IN,-330,landscape,Ahmedabad,2863.23,2025-03-05 20:12:06,519,0,normal
user_192,session_1930,Mobile,5,5,9,20,1.24,144,360x640,Edge,en-IN,-330,landscape,Pune,1861.48,2025-02-15 04:07:11,26,0,normal
user_421,session_4216,Desktop,3,16,0,18,0.0,113,1440x900,Safari,en-IN,-330,landscape,Hyderabad,1154.83,2025-01-19 15:56:34,376,0,normal
user_538,session_5383,Mobile,7,5,4,21,0.91,129,414x896,Safari,en-US,-330,portrait,Ahmedabad,4777.84,2025-03-28 09:37:28,0,0,normal
user_140,session_1405,Mobile,7,7,1,29,1.42,176,360x640,Edge,hi-IN,-330,portrait,Mumbai,866.34,2025-03-02 20:38:27,28,0,normal
user_217,session_2180,Tablet,4,13,10,8,0.0,111,810x1080,Firefox,hi-IN,-330,landscape,Pune,5741.79,2025-02-09 18:51:44,51,0,normal
user_69,session_698,Mobile,3,2,0,21,0.23,302,414x896,Chrome,en-US,-330,landscape,Mumbai,682.39,2025-01-13 14:45:09,75,0,normal
user_112,session_1125,Desktop,4,0,0,10,0.0,172,1920x1080,Firefox,en-IN,-330,landscape,Mumbai,674.9,2025-04-18 05:34:22,85,0,normal
user_328,session_3283,Tablet,7,10,5,13,1.19,19,768x1024,Edge,en-IN,-330,landscape,Pune,2315.57,2025-05-06 13:55:10,25,0,normal
user_396,session_3961,Desktop,5,5,0,19,0.0,80,1920x1080,Firefox,en-IN,-330,landscape,Pune,403.93,2025-03-30 18:58:52,473,0,normal
user_411,session_4111,Desktop,9,7,0,21,0.0,80,1440x900,Safari,en-IN,-330,landscape,Chennai,7740.31,2025-04-23 10:38:48,121,0,normal
user_177,session_1779,Mobile,3,1,5,8,0.19,146,390x844,Edge,en-IN,-330,landscape,Mumbai,335.1,2025-01-02 13:14:32,13,0,normal
user_263,session_2635,Mobile,7,9,2,16,0.34,245,390x844,Firefox,hi-IN,-330,portrait,Chennai,6550.18,2025-01-29 12:54:03,20,0,normal
user_309,session_3092,Mobile,11,5,6,14,0.1,66,360x640,Chrome,en-IN,-330,landscape,Mumbai,3334.52,2025-03-08 11:23:33,15,0,normal
user_404,session_4048,Mobile,4,0,3,1,0.85,252,414x896,Safari,en-IN,-330,landscape,Hyderabad,10518.91,2025-04-03 11:36:10,27,0,normal
user_103,session_1038,Desktop,0,2,0,8,0.0,132,1920x1080,Chrome,hi-IN,-330,landscape,Kolkata,3474.08,2025-01-10 18:50:18,238,0,normal
user_499,session_4995,Desktop,6,8,0,21,0.0,228,1366x768,Edge,en-IN,-330,landscape,Kolkata,5540.2,2025-03-04 07:36:58,536,0,normal
user_225,session_2257,Desktop,6,6,0,13,0.0,137,1440x900,Chrome,en-IN,-330,landscape,Hyderabad,4561.16,2025-02-12 11:47:51,258,0,normal
user_377,session_3774,Mobile,7,2,2,12,0.12,128,414x896,Chrome,en-US,-330,portrait,Hyderabad,5359.11,2025-03-27 22:15:26,41,0,normal
user_592,session_5930,Desktop,11,5,0,18,0.0,174,1920x1080,Safari,en-IN,-330,landscape,Kolkata,2512.94,2025-04-17 12:32:15,306,0,normal
user_31,session_314,Desktop,5,7,0,11,0.0,111,1366x768,Safari,en-IN,-330,landscape,Delhi,5312.8,2025-04-06 10:25:25,83,0,normal
user_264,session_2650,Desktop,1,0,0,3,0.0,122,1920x1080,Firefox,en-IN,-330,landscape,Ahmedabad,5454.75,2025-01-17 17:05:15,208,0,normal
user_228,session_2282,Mobile,3,14,5,28,0.0,34,360x640,Chrome,en-IN,-330,landscape,Kolkata,5986.83,2025-05-30 04:44:08,19,0,normal
user_369,session_3694,Mobile,10,3,5,18,0.8,279,360x640,Firefox,en-US,-330,landscape,Kolkata,8858.35,2025-04-01 18:15:14,14,0,normal
user_428,session_4288,Mobile,8,8,4,20,0.78,199,360x640,Safari,en-IN,-330,landscape,Pune,9020.45,2025-05-21 17:56:22,45,0,normal
user_254,session_2548,Desktop,4,3,0,14,0.0,200,1920x1080,Safari,en-IN,-330,landscape,Mumbai,3459.86,2025-05-28 23:00:14,195,0,normal
user_141,session_1417,Desktop,7,9,0,19,0.0,48,1366x768,Edge,en-IN,-330,landscape,Bengaluru,6126.46,2025-04-09 13:36:51,236,0,normal
user_103,session_1037,Desktop,4,15,0,24,0.0,208,1920x1080,Chrome,hi-IN,-330,landscape,Kolkata,3075.15,2025-04-19 14:09:58,219,0,normal
user_215,session_2160,Mobile,8,10,7,15,0.4,67,414x896,Firefox,en-IN,-330,portrait,Chennai,882.23,2025-03-15 22:01:10,44,0,normal
user_298,session_2985,Mobile,6,8,5,19,0.46,47,390x844,Chrome,en-IN,-330,portrait,Pune,1462.03,2025-03-01 10:16:38,41,0,normal
user_313,session_3138,Mobile,3,7,10,15,0.77,138,414x896,Edge,en-IN,-330,landscape,Ahmedabad,2088.78,2025-05-15 22:40:02,13,0,normal
user_498,session_4982,Desktop,1,7,0,7,0.0,179,1920x1080,Safari,en-IN,-330,landscape,Hyderabad,2052.17,2025-04-21 21:53:15,79,0,normal
user_175,session_1755,Desktop,7,10,0,6,0.0,153,1440x900,Safari,en-IN,-330,landscape,Hyderabad,6642.88,2025-05-05 10:38:59,456,0,normal
user_426,session_4263,Tablet,4,4,5,12,1.12,110,768x1024,Chrome,en-US,-330,portrait,Delhi,374.44,2025-04-07 20:55:56,19,0,normal
user_398,session_3981,Desktop,8,14,0,15,0.0,142,1920x1080,Safari,en-IN,-330,landscape,Pune,368.84,2025-01-25 14:55:19,326,0,normal
user_381,session_3818,Desktop,12,3,0,11,0.0,94,1920x1080,Chrome,hi-IN,-330,landscape,Bengaluru,890.32,2025-03-06 13:34:46,454,0,normal
user_534,session_5346,Desktop,9,13,0,13,0.0,226,1366x768,Firefox,en-IN,-330,landscape,Chennai,4838.83,2025-01-14 17:56:11,440,0,normal
user_252,session_2521,Desktop,4,7,0,11,0.0,91,1366x768,Firefox,en-US,-330,landscape,Ahmedabad,2164.1,2025-01-24 05:09:09,294,0,normal
user_87,session_874,Mobile,5,10,6,19,0.63,116,414x896,Firefox,en-IN,-330,landscape,Mumbai,9752.39,2025-03-21 17:08:49,30,0,normal
user_522,session_5230,Desktop,5,7,0,16,0.0,79,1920x1080,Firefox,hi-IN,-330,landscape,Pune,5416.33,2025-03-16 09:45:40,0,0,normal
user_448,session_4490,Desktop,9,8,0,17,0.0,100,1920x1080,Firefox,en-IN,-330,landscape,Bengaluru,477.49,2025-02-15 08:42:13,0,0,normal
user_150,session_1507,Mobile,10,14,0,20,0.37,179,360x640,Safari,en-IN,-330,landscape,Kolkata,7791.56,2025-05-14 12:14:14,34,0,normal
user_389,session_3892,Mobile,2,2,1,0,0.85,238,390x844,Firefox,en-IN,-330,landscape,Kolkata,6508.56,2025-01-18 14:33:13,35,0,normal
user_192,session_1924,Mobile,2,4,6,7,0.0,152,360x640,Edge,en-IN,-330,landscape,Pune,1139.8,2025-04-11 09:00:53,32,0,normal
user_44,session_449,Desktop,8,1,0,10,0.0,44,1920x1080,Safari,en-IN,-330,landscape,Ahmedabad,8501.05,2025-04-30 06:03:10,136,0,normal
user_346,session_3461,Desktop,8,6,0,25,0.0,116,1366x768,Firefox,en-US,-330,landscape,Mumbai,5108.2,2025-05-01 16:32:37,286,0,normal
user_357,session_3576,Desktop,12,8,0,16,0.0,107,1366x768,Chrome,en-IN,-330,landscape,Chennai,1483.06,2025-03-15 08:37:54,232,0,normal
user_596,session_5961,Mobile,2,7,2,3,1.22,187,390x844,Firefox,en-IN,-330,landscape,Ahmedabad,15913.99,2025-05-16 22:15:30,73,1,account_takeover
user_363,session_3633,Mobile,5,5,6,15,0.06,240,390x844,Edge,en-IN,-330,portrait,Mumbai,5608.62,2025-02-07 13:55:37,43,0,normal
user_325,session_3258,Mobile,5,6,5,17,0.81,79,414x896,Safari,hi-IN,-330,portrait,Mumbai,1286.71,2025-02-04 18:28:28,59,0,normal
user_36,session_362,Tablet,2,9,3,5,1.46,128,810x1080,Edge,en-IN,-330,portrait,Hyderabad,7159.01,2025-02-12 20:15:32,58,0,normal
user_218,session_2184,Desktop,4,17,0,7,0.0,66,1366x768,Edge,hi-IN,-330,landscape,Chennai,4597.98,2025-03-28 22:29:35,304,0,normal
user_113,session_1135,Mobile,4,1,12,13,0.33,133,414x896,Safari,en-IN,-330,portrait,Delhi,200.05,2025-04-09 12:42:05,18,0,normal
user_483,session_4831,Desktop,4,12,0,7,0.0,74,1366x768,Firefox,hi-IN,-330,landscape,Delhi,8349.52,2025-04-08 04:53:24,276,0,normal
user_319,session_3200,Desktop,1,14,0,21,0.0,87,1920x1080,Safari,hi-IN,-330,landscape,Kolkata,595.92,2025-01-26 13:37:28,299,0,normal
user_581,session_5818,Desktop,8,14,0,23,0.0,57,1440x900,Edge,hi-IN,-330,landscape,Pune,8786.58,2025-05-13 17:39:04,435,0,normal
user_343,session_3439,Desktop,11,11,0,16,0.0,118,1920x1080,Firefox,en-IN,-330,landscape,Hyderabad,12586.21,2025-02-24 13:21:52,282,0,normal
user_215,session_2156,Mobile,12,10,9,17,0.44,88,414x896,Firefox,en-IN,-330,landscape,Chennai,4078.0,2025-03-12 18:19:14,62,0,normal
user_183,session_1831,Desktop,8,10,0,11,0.0,371,1920x1080,Edge,en-US,-330,landscape,Chennai,2126.17,2025-03-03 19:59:32,356,0,normal
user_105,session_1054,Desktop,3,9,0,8,0.0,142,1920x1080,Edge,en-IN,-330,landscape,Hyderabad,9033.01,2025-05-04 14:09:17,460,0,normal
user_246,session_2461,Desktop,10,8,0,17,0.0,155,1366x768,Edge,en-IN,-330,landscape,Bengaluru,4213.63,2025-04-21 18:42:47,128,0,normal
user_2,session_23,Mobile,2,4,2,16,0.63,45,414x896,Safari,en-IN,-330,landscape,Mumbai,4461.94,2025-03-01 11:32:12,57,0,normal
user_206,session_2067,Desktop,7,7,0,9,0.0,146,1920x1080,Chrome,en-US,-330,landscape,Kolkata,4173.53,2025-05-21 08:06:12,303,0,normal
user_165,session_1654,Tablet,8,8,4,15,0.8,145,810x1080,Edge,en-IN,-330,portrait,Pune,5598.48,2025-01-27 17:32:10,67,0,normal
user_366,session_3662,Mobile,0,8,2,7,0.92,72,390x844,Edge,en-IN,-330,landscape,Chennai,4163.96,2025-04-22 08:16:42,31,0,normal
user_433,session_4332,Mobile,6,14,6,14,0.73,113,360x640,Firefox,en-IN,-330,landscape,Bengaluru,2002.96,2025-05-11 13:33:06,23,0,normal
user_274,session_2744,Mobile,15,12,9,12,0.0,157,390x844,Safari,en-IN,-330,landscape,Pune,4908.83,2025-05-24 07:34:10,47,0,normal
user_524,session_5245,Desktop,1,11,0,16,0.0,250,1440x900,Safari,en-IN,-330,landscape,Hyderabad,5303.03,2025-05-09 08:50:20,305,0,normal
user_487,session_4873,Desktop,11,9,0,20,0.0,140,1440x900,Chrome,en-IN,-330,landscape,Delhi,8838.77,2025-03-03 16:05:28,278,0,normal
user_246,session_2469,Desktop,10,14,0,19,0.0,100,1366x768,Edge,en-IN,-330,landscape,Bengaluru,2806.94,2025-05-23 22:24:38,441,0,normal
user_232,session_2326,Desktop,5,2,0,7,0.0,57,1440x900,Firefox,en-IN,-330,landscape,Chennai,5047.97,2025-02-06 09:54:05,298,0,normal
user_46,session_461,Mobile,12,8,1,10,0.84,231,414x896,Edge,en-IN,-330,portrait,Pune,2546.73,2025-05-21 16:04:42,32,0,normal
user_106,session_1068,Desktop,3,8,0,14,0.0,182,1366x768,Safari,en-US,-330,landscape,Chennai,4504.51,2025-02-01 14:46:37,278,0,normal
user_8,session_88,Mobile,6,1,0,13,0.83,156,390x844,Firefox,en-US,-330,landscape,Bengaluru,511.04,2025-05-14 21:37:17,79,0,normal
user_143,session_1431,Desktop,3,8,0,8,0.0,192,1440x900,Edge,en-IN,-330,landscape,Bengaluru,2798.35,2025-05-09 07:07:10,488,0,normal
user_373,session_3740,Mobile,6,12,6,11,0.49,157,360x640,Chrome,en-IN,-330,portrait,Mumbai,4546.16,2025-05-24 17:01:18,83,0,normal
user_28,session_283,Desktop,10,7,0,11,0.0,132,1440x900,Safari,en-US,-330,landscape,Bengaluru,4789.85,2025-03-31 18:30:37,334,0,normal
user_248,session_2484,Mobile,4,4,1,1,1.39,93,414x896,Safari,en-US,-330,landscape,Pune,6980.94,2025-05-30 09:46:22,22,0,normal
user_46,session_463,Mobile,4,5,1,10,0.64,273,414x896,Edge,en-IN,-330,landscape,Pune,2823.28,2025-04-04 13:58:15,63,0,normal
user_21,session_213,Desktop,11,11,0,19,0.0,120,1920x1080,Safari,en-IN,-330,landscape,Pune,6761.97,2025-02-06 08:28:02,266,0,normal
user_258,session_2589,Desktop,8,9,0,12,0.0,80,1920x1080,Edge,en-IN,-330,landscape,Ahmedabad,2889.31,2025-05-26 15:19:55,411,0,normal
user_429,session_4292,Desktop,4,1,0,8,0.0,225,1440x900,Firefox,en-IN,-330,landscape,Pune,2974.55,2025-04-14 14:18:01,327,0,normal
user_290,session_2908,Desktop,2,6,0,19,0.0,55,1440x900,Chrome,en-IN,-330,landscape,Kolkata,7002.77,2025-02-26 15:35:35,198,0,normal
user_258,session_2582,Desktop,34,1,0,0,0.0,9,1920x1080,Edge,en-IN,-330,landscape,Ahmedabad,2551.39,2025-04-14 17:50:29,4,1,bot_script
user_136,session_1369,Desktop,6,8,0,10,0.0,132,1440x900,Safari,en-IN,-330,landscape,Pune,3742.75,2025-02-06 08:38:40,48,0,normal
user_23,session_235,Mobile,10,5,3,7,1.28,202,414x896,Chrome,en-IN,-330,landscape,Ahmedabad,3530.19,2025-05-26 14:54:13,33,0,normal
user_392,session_3923,Desktop,9,3,0,9,0.0,154,1366x768,Safari,en-IN,-330,landscape,Delhi,1129.9,2025-02-20 14:59:01,287,0,normal
user_59,session_598,Desktop,1,0,0,0,0.0,15,1366x768,Firefox,en-US,-330,landscape,Ahmedabad,15504.46,2025-05-22 21:31:48,545,1,copy_paste_drain
user_529,session_5296,Mobile,3,6,5,7,1.22,39,360x640,Safari,en-IN,-330,landscape,Bengaluru,2331.57,2025-05-09 07:40:01,51,0,normal
user_225,session_2251,Desktop,5,6,0,10,0.0,99,1440x900,Chrome,en-IN,-330,landscape,Hyderabad,5512.47,2025-03-22 14:08:14,97,0,normal
user_587,session_5875,Desktop,9,4,0,9,0.0,135,1440x900,Chrome,en-IN,-330,landscape,Bengaluru,4850.17,2025-04-04 17:01:30,271,0,normal
user_228,session_2284,Mobile,6,12,1,26,0.74,25,360x640,Chrome,en-IN,-330,portrait,Kolkata,7215.31,2025-02-12 07:10:32,49,0,normal
user_66,session_663,Mobile,6,18,12,10,0.18,109,390x844,Edge,en-US,-330,landscape,Pune,2430.19,2025-02-03 17:53:25,21,0,normal
user_595,session_5955,Mobile,4,7,9,0,0.79,93,414x896,Firefox,en-IN,-330,portrait,Chennai,1095.83,2025-04-29 20:13:48,40,0,normal
user_228,session_2286,Mobile,8,13,4,20,0.88,56,360x640,Chrome,en-IN,-330,landscape,Kolkata,10324.19,2025-05-24 09:56:13,63,0,normal
user_343,session_3432,Desktop,3,15,0,10,0.0,159,1920x1080,Firefox,en-IN,-330,landscape,Hyderabad,4819.47,2025-02-19 21:36:46,298,0,normal
user_565,session_5656,Mobile,7,4,0,10,0.0,113,390x844,Firefox,en-US,-330,landscape,Delhi,6602.33,2025-04-13 10:38:48,573,1,account_takeover
user_432,session_4321,Desktop,8,5,0,11,0.0,104,1366x768,Chrome,en-IN,-330,landscape,Delhi,20.0,2025-05-20 19:02:47,273,0,normal
user_368,session_3685,Desktop,6,10,0,18,0.0,132,1440x900,Chrome,en-IN,-330,landscape,Delhi,1582.02,2025-02-08 21:50:12,317,0,normal
user_547,session_5474,Desktop,7,4,0,9,0.0,140,1920x1080,Firefox,en-IN,-330,landscape,Ahmedabad,4871.86,2025-04-05 12:51:54,431,0,normal
user_346,session_3469,Desktop,4,13,0,17,0.0,136,1366x768,Firefox,en-US,-330,landscape,Mumbai,3331.81,2025-03-30 15:28:28,217,0,normal
user_354,session_3542,Mobile,7,12,6,9,0.17,79,360x640,Safari,en-IN,-330,portrait,Pune,2149.9,2025-04-19 13:05:52,22,0,normal
user_299,session_2991,Mobile,4,5,0,10,1.29,202,414x896,Firefox,en-IN,-330,portrait,Ahmedabad,7147.19,2025-05-01 16:21:19,34,0,normal
user_533,session_5334,Mobile,4,11,2,17,0.9,82,360x640,Chrome,en-IN,-330,portrait,Kolkata,3883.45,2025-05-19 13:00:45,71,0,normal
user_77,session_780,Mobile,7,9,7,9,1.15,88,414x896,Chrome,en-IN,-330,landscape,Ahmedabad,4581.57,2025-02-24 17:11:30,40,0,normal
user_254,session_2545,Desktop,6,11,0,6,0.0,272,1920x1080,Safari,en-IN,-330,landscape,Mumbai,7798.04,2025-02-02 22:53:38,0,0,normal
user_569,session_5699,Desktop,3,9,0,23,0.0,216,1920x1080,Firefox,en-IN,-330,landscape,Ahmedabad,1010.01,2025-02-06 10:17:10,411,0,normal
user_461,session_4619,Desktop,6,3,0,11,0.0,76,1440x900,Edge,en-IN,-330,landscape,Ahmedabad,2019.11,2025-05-14 17:52:42,353,0,normal
user_577,session_5777,Desktop,5,5,0,17,0.0,105,1920x1080,Edge,en-US,-330,landscape,Chennai,2936.66,2025-03-23 16:41:19,221,0,normal
user_565,session_5651,Desktop,3,11,0,18,0.0,143,1440x900,Edge,en-US,-330,landscape,Pune,1232.89,2025-03-31 14:07:41,492,0,normal
user_578,session_5784,Desktop,2,8,0,0,0.0,123,1920x1080,Edge,en-IN,-330,landscape,Delhi,1078.2,2025-01-07 18:33:04,398,0,normal
user_579,session_5797,Desktop,7,4,0,14,0.0,117,1920x1080,Safari,en-IN,-330,landscape,Pune,5421.83,2025-03-09 16:59:48,385,0,normal
user_68,session_686,Mobile,10,11,5,16,0.72,311,360x640,Chrome,en-IN,-330,landscape,Mumbai,20.0,2025-03-18 15:24:49,70,0,normal
user_382,session_3821,Desktop,0,1,0,17,0.0,168,1920x1080,Edge,en-IN,-330,landscape,Pune,3834.35,2025-03-08 18:18:53,243,0,normal
user_470,session_4702,Desktop,5,1,0,10,0.0,121,1440x900,Firefox,en-IN,-330,landscape,Pune,4725.43,2025-04-19 12:22:40,106,0,normal
user_324,session_3244,Mobile,7,13,1,15,0.54,172,390x844,Edge,en-IN,-330,portrait,Kolkata,1497.91,2025-02-24 10:31:12,24,0,normal
user_174,session_1749,Desktop,3,7,0,7,0.0,101,1920x1080,Chrome,en-US,-330,landscape,Mumbai,2998.04,2025-02-26 23:24:34,216,0,normal
user_430,session_4304,Mobile,4,3,8,20,0.03,36,414x896,Firefox,en-IN,-330,landscape,Kolkata,2346.08,2025-04-28 13:44:14,34,0,normal
user_463,session_4639,Desktop,4,6,0,14,0.0,221,1920x1080,Safari,en-US,-330,landscape,Ahmedabad,8365.36,2025-02-16 14:06:34,273,0,normal
user_283,session_2838,Desktop,5,0,0,10,0.0,221,1366x768,Chrome,en-IN,-330,landscape,Kolkata,3556.78,2025-04-09 10:59:49,294,0,normal
user_303,session_3033,Desktop,6,3,0,10,0.0,81,1440x900,Edge,en-US,-330,landscape,Ahmedabad,1677.94,2025-03-25 10:04:27,127,0,normal
user_217,session_2172,Tablet,7,3,4,10,0.91,99,810x1080,Firefox,hi-IN,-330,portrait,Pune,4361.06,2025-02-09 17:33:52,61,0,normal
user_376,session_3768,Desktop,7,14,0,19,0.0,247,1366x768,Firefox,en-IN,-330,landscape,Chennai,2690.46,2025-01-01 11:06:02,337,0,normal
user_185,session_1851,Mobile,4,6,13,13,0.42,111,414x896,Safari,en-IN,-330,landscape,Mumbai,1055.34,2025-02-18 18:36:30,23,0,normal
user_48,session_488,Desktop,4,6,0,15,0.0,104,1440x900,Safari,en-IN,-330,landscape,Hyderabad,2799.74,2025-02-09 08:09:06,142,0,normal
user_168,session_1689,Desktop,5,8,0,15,0.0,237,1920x1080,Safari,en-IN,-330,landscape,Bengaluru,4443.95,2025-04-03 15:47:06,238,0,normal
user_223,session_2231,Mobile,3,1,5,16,0.25,192,414x896,Edge,en-US,-330,landscape,Kolkata,927.5,2025-01-26 16:50:34,38,0,normal
user_347,session_3474,Tablet,7,8,5,6,1.19,156,810x1080,Edge,en-IN,-330,landscape,Pune,4247.83,2025-01-18 15:43:55,42,0,normal
user_437,session_4375,Desktop,9,13,0,10,0.0,110,1920x1080,Firefox,en-IN,-330,landscape,Chennai,2248.82,2025-03-25 14:46:29,339,0,normal
user_232,session_2321,Desktop,5,7,0,24,0.0,74,1440x900,Firefox,en-IN,-330,landscape,Chennai,7172.37,2025-05-01 09:41:16,167,0,normal
user_78,session_783,Mobile,1,12,6,10,0.04,191,414x896,Safari,en-IN,-330,landscape,Mumbai,3262.8,2025-01-18 09:00:53,55,0,normal
user_52,session_522,Desktop,2,12,0,24,0.0,47,1440x900,Edge,en-IN,-330,landscape,Ahmedabad,9126.55,2025-04-01 23:08:36,272,0,normal
user_52,session_523,Desktop,9,11,0,12,0.0,130,1440x900,Edge,en-IN,-330,landscape,Ahmedabad,10676.25,2025-01-12 20:53:46,333,0,normal
user_401,session_4018,Desktop,3,25,0,10,0.0,312,1920x1080,Edge,en-IN,-330,landscape,Hyderabad,5591.28,2025-02-19 12:41:34,712,0,normal
user_293,session_2940,Desktop,11,13,0,9,0.0,236,1920x1080,Firefox,en-IN,-330,landscape,Chennai,390.09,2025-02-14 16:24:30,356,0,normal
user_468,session_4681,Mobile,11,3,8,15,0.18,133,414x896,Safari,en-US,-330,landscape,Delhi,5860.32,2025-01-13 16:48:15,32,0,normal
user_482,session_4827,Desktop,6,17,0,10,0.0,29,1920x1080,Firefox,en-US,-330,landscape,Kolkata,2849.73,2025-04-21 16:36:17,363,0,normal
user_239,session_2399,Desktop,2,4,0,13,0.0,208,1920x1080,Firefox,hi-IN,-330,landscape,Pune,13403.67,2025-03-08 12:44:24,308,0,normal
user_220,session_2208,Tablet,3,0,4,13,1.07,46,810x1080,Firefox,en-IN,-330,landscape,Bengaluru,907.07,2025-04-22 10:27:31,42,0,normal
user_451,session_4519,Mobile,9,8,3,15,0.06,110,414x896,Firefox,en-IN,-330,portrait,Ahmedabad,1012.68,2025-05-29 12:55:34,47,0,normal
user_78,session_781,Mobile,4,2,4,21,0.76,222,414x896,Safari,en-IN,-330,landscape,Mumbai,2569.65,2025-04-18 10:35:19,45,0,normal
user_468,session_4688,Mobile,2,9,3,18,0.46,110,414x896,Safari,en-US,-330,portrait,Delhi,5432.4,2025-03-04 20:04:20,50,0,normal
user_399,session_3997,Desktop,4,12,0,18,0.0,157,1440x900,Firefox,en-IN,-330,landscape,Ahmedabad,7039.6,2025-02-20 10:02:02,422,0,normal
user_151,session_1512,Mobile,6,10,6,16,0.38,166,390x844,Safari,en-IN,-330,landscape,Chennai,939.85,2025-04-12 19:13:06,55,0,normal
user_188,session_1883,Mobile,3,6,3,10,1.49,180,390x844,Firefox,en-IN,-330,portrait,Pune,10991.82,2025-04-05 19:03:20,45,0,normal
user_65,session_652,Desktop,10,14,0,13,0.0,63,1920x1080,Edge,en-US,-330,landscape,Kolkata,493.75,2025-01-01 19:55:36,106,0,normal
user_394,session_3948,Mobile,6,10,5,8,0.89,104,360x640,Firefox,en-IN,-330,portrait,Hyderabad,1376.12,2025-01-29 15:26:51,23,0,normal
user_180,session_1802,Desktop,5,4,0,10,0.0,183,1440x900,Firefox,en-IN,-330,landscape,Bengaluru,2638.79,2025-04-13 18:28:29,382,0,normal
user_36,session_370,Tablet,4,1,1,12,0.58,72,810x1080,Edge,en-IN,-330,portrait,Hyderabad,7962.92,2025-03-04 18:58:39,68,0,normal
user_523,session_5235,Desktop,10,7,0,10,0.0,240,1366x768,Firefox,en-IN,-330,landscape,Pune,6410.88,2025-04-17 14:53:28,230,0,normal
user_373,session_3732,Mobile,9,8,2,27,0.39,36,360x640,Chrome,en-IN,-330,landscape,Mumbai,4418.04,2025-03-09 17:41:18,24,0,normal
user_11,session_119,Mobile,5,7,0,9,0.77,71,360x640,Chrome,en-IN,-330,portrait,Delhi,6228.92,2025-05-04 19:23:15,33,0,normal
user_37,session_378,Mobile,4,5,5,9,0.53,109,360x640,Safari,en-IN,-330,portrait,Delhi,3554.2,2025-04-18 17:45:42,39,0,normal
user_21,session_217,Desktop,4,3,0,19,0.0,69,1920x1080,Safari,en-IN,-330,landscape,Pune,5840.7,2025-04-07 15:04:20,332,0,normal
user_221,session_2217,Desktop,0,9,0,8,0.0,66,1366x768,Firefox,hi-IN,-330,landscape,Ahmedabad,849.22,2025-03-21 11:56:57,198,0,normal
user_455,session_4559,Desktop,6,0,0,17,0.0,182,1920x1080,Firefox,en-US,-330,landscape,Ahmedabad,7385.19,2025-05-26 18:57:36,405,0,normal
user_161,session_1614,Mobile,6,3,2,14,0.0,208,360x640,Edge,en-IN,-330,landscape,Pune,3692.95,2025-03-24 21:43:27,67,0,normal
user_288,session_2884,Tablet,4,13,0,13,0.64,31,768x1024,Edge,hi-IN,-330,portrait,Kolkata,4077.71,2025-01-20 17:38:27,51,0,normal
user_429,session_4296,Desktop,5,6,0,20,0.0,115,1440x900,Firefox,en-IN,-330,landscape,Pune,4158.81,2025-04-23 12:12:49,362,0,normal
user_538,session_5382,Mobile,3,15,1,9,0.59,99,414x896,Safari,en-US,-330,landscape,Ahmedabad,5879.93,2025-01-14 17:22:41,24,0,normal
user_96,session_963,Tablet,6,4,7,10,0.91,164,768x1024,Safari,en-US,-330,portrait,Hyderabad,8417.56,2025-03-12 07:12:51,26,0,normal
user_539,session_5398,Mobile,2,7,4,22,1.07,323,360x640,Chrome,en-IN,-330,landscape,Kolkata,2603.74,2025-03-11 16:36:31,47,0,normal
user_251,session_2511,Mobile,3,10,10,11,0.43,176,414x896,Firefox,hi-IN,-330,portrait,Hyderabad,7351.93,2025-04-29 14:07:16,26,0,normal
user_562,session_5630,Desktop,7,5,0,10,0.0,155,1366x768,Safari,en-IN,-330,landscape,Kolkata,177.96,2025-03-02 06:05:20,356,0,normal
user_456,session_4564,Desktop,3,11,0,16,0.0,260,1366x768,Firefox,en-IN,-330,landscape,Pune,3230.27,2025-02-02 11:05:34,175,0,normal
user_399,session_3998,Desktop,4,11,0,38,0.0,121,1440x900,Firefox,en-IN,-330,landscape,Ahmedabad,12023.89,2025-04-08 10:52:16,355,0,normal
user_35,session_360,Mobile,6,13,2,12,1.09,135,360x640,Edge,en-IN,-330,portrait,Mumbai,1111.96,2025-02-07 19:55:47,49,0,normal
user_124,session_1247,Mobile,3,5,2,16,1.04,217,360x640,Chrome,en-IN,-330,landscape,Mumbai,8459.23,2025-03-07 19:12:06,57,0,normal
user_340,session_3409,Tablet,6,13,7,20,1.24,134,810x1080,Safari,en-US,-330,landscape,Bengaluru,612.1,2025-03-30 08:47:25,64,0,normal
user_508,session_5084,Desktop,7,8,0,9,0.0,135,1366x768,Edge,en-US,-330,landscape,Bengaluru,1365.15,2025-01-20 08:10:27,309,0,normal
user_241,session_2416,Desktop,5,8,0,5,0.0,106,1440x900,Firefox,en-IN,-330,landscape,Chennai,3818.37,2025-05-02 14:03:51,200,0,normal
user_557,session_5580,Desktop,6,4,0,10,0.0,184,1366x768,Firefox,en-US,-330,landscape,Chennai,7657.97,2025-01-18 13:24:05,387,0,normal
user_531,session_5320,Desktop,7,12,0,15,0.0,84,1366x768,Chrome,hi-IN,-330,landscape,Mumbai,6107.35,2025-05-07 18:29:09,346,0,normal
user_218,session_2186,Desktop,12,7,0,0,0.0,60,1366x768,Edge,hi-IN,-330,landscape,Chennai,3157.01,2025-04-24 17:05:31,415,0,normal
user_399,session_3996,Desktop,7,9,0,21,0.0,145,1440x900,Firefox,en-IN,-330,landscape,Ahmedabad,9892.94,2025-05-13 14:00:48,642,0,normal
user_256,session_2568,Tablet,6,7,3,21,0.98,300,810x1080,Edge,en-US,-330,landscape,Mumbai,2441.61,2025-05-09 08:14:32,35,0,normal
user_342,session_3424,Desktop,5,1,0,12,0.0,142,1440x900,Edge,en-IN,-330,landscape,Chennai,6126.65,2025-04-08 14:48:23,189,0,normal
user_203,session_2038,Desktop,0,8,0,12,0.0,145,1366x768,Chrome,en-IN,-330,landscape,Chennai,6114.84,2025-05-01 11:37:44,447,0,normal
user_509,session_5097,Desktop,3,14,0,20,0.0,173,1920x1080,Chrome,hi-IN,-330,landscape,Ahmedabad,3032.74,2025-04-26 17:34:53,310,0,normal
user_77,session_773,Mobile,7,9,8,22,0.94,96,414x896,Chrome,en-IN,-330,landscape,Ahmedabad,2327.44,2025-03-09 13:08:59,49,0,normal
user_128,session_1285,Desktop,5,5,0,18,0.0,248,1366x768,Firefox,en-US,-330,landscape,Pune,3554.61,2025-05-05 16:37:59,557,0,normal
user_551,session_5513,Desktop,1,4,0,18,0.0,193,1366x768,Firefox,hi-IN,-330,landscape,Hyderabad,3934.79,2025-02-04 19:30:00,249,0,normal
user_356,session_3563,Desktop,1,9,0,22,0.0,125,1920x1080,Safari,en-IN,-330,landscape,Mumbai,458.45,2025-04-30 21:44:32,290,0,normal
user_567,session_5680,Desktop,2,0,0,31,0.0,177,1920x1080,Safari,en-IN,-330,landscape,Ahmedabad,4423.29,2025-05-29 10:18:13,164,0,normal
user_258,session_2588,Desktop,6,7,0,15,0.0,79,1920x1080,Edge,en-IN,-330,landscape,Ahmedabad,2480.93,2025-04-06 17:41:15,288,0,normal
user_548,session_5482,Tablet,2,16,3,20,0.16,62,810x1080,Chrome,hi-IN,-330,landscape,Bengaluru,7813.99,2025-02-25 16:17:22,52,0,normal
user_141,session_1415,Desktop,0,12,0,19,0.0,64,1366x768,Edge,en-IN,-330,landscape,Bengaluru,5502.77,2025-05-08 14:17:18,244,0,normal
user_123,session_1235,Mobile,9,8,0,17,0.9,146,390x844,Edge,en-US,-330,landscape,Bengaluru,1576.76,2025-01-17 09:02:55,22,0,normal
user_520,session_5201,Desktop,3,10,0,10,0.0,218,1920x1080,Edge,hi-IN,-330,landscape,Hyderabad,5398.85,2025-03-08 13:03:55,421,0,normal
user_43,session_436,Desktop,2,16,0,20,0.0,113,1366x768,Safari,en-IN,-330,landscape,Delhi,2204.71,2025-01-02 12:38:51,251,0,normal
user_167,session_1675,Mobile,0,15,5,12,0.61,133,390x844,Chrome,en-IN,-330,portrait,Pune,6486.83,2025-02-24 17:17:43,16,0,normal
user_329,session_3300,Mobile,2,14,1,4,0.79,176,390x844,Safari,en-IN,-330,portrait,Ahmedabad,2362.27,2025-05-05 08:54:30,12,0,normal
user_36,session_366,Tablet,8,2,1,3,1.05,227,810x1080,Edge,en-IN,-330,portrait,Hyderabad,6422.15,2025-01-12 15:21:21,66,0,normal
user_450,session_4509,Mobile,5,7,6,21,0.08,154,360x640,Firefox,en-IN,-330,portrait,Chennai,2308.28,2025-04-12 10:55:37,54,0,normal
user_23,session_232,Mobile,12,5,2,16,1.18,165,414x896,Chrome,en-IN,-330,landscape,Ahmedabad,5757.24,2025-05-27 12:00:39,44,0,normal
user_510,session_5103,Desktop,0,8,0,12,0.0,129,1920x1080,Firefox,en-IN,-330,landscape,Mumbai,584.84,2025-03-16 10:16:25,234,0,normal
user_14,session_148,Mobile,11,4,3,18,1.11,120,414x896,Safari,en-IN,-330,landscape,Delhi,1076.72,2025-04-23 12:35:19,2,0,normal
user_526,session_5267,Desktop,5,7,1,12,0.49,133,1366x768,Chrome,en-IN,-330,landscape,Kolkata,10630.88,2025-03-23 16:24:08,60,1,account_takeover
user_308,session_3089,Tablet,9,13,3,10,0.28,49,768x1024,Firefox,en-IN,-330,portrait,Bengaluru,1082.4,2025-04-15 21:17:19,34,0,normal
user_403,session_4036,Mobile,6,11,4,14,0.26,196,390x844,Edge,en-IN,-330,portrait,Ahmedabad,1615.75,2025-02-02 14:23:04,50,0,normal
user_355,session_3555,Mobile,0,4,4,5,1.02,57,414x896,Firefox,hi-IN,-330,landscape,Ahmedabad,1696.78,2025-04-30 21:50:57,19,0,normal
user_40,session_408,Desktop,7,9,0,14,0.0,76,1920x1080,Edge,en-IN,-330,landscape,Ahmedabad,1441.22,2025-04-21 07:11:06,565,0,normal
user_553,session_5539,Tablet,12,9,6,17,0.33,134,768x1024,Firefox,en-US,-330,portrait,Pune,1486.51,2025-04-22 11:07:05,9,0,normal
user_345,session_3457,Desktop,7,6,0,18,0.0,104,1920x1080,Firefox,en-IN,-330,landscape,Chennai,4601.92,2025-04-30 14:07:47,274,0,normal
user_209,session_2091,Desktop,5,7,0,15,0.0,184,1440x900,Firefox,en-IN,-330,landscape,Hyderabad,3420.0,2025-02-10 21:23:25,373,0,normal
user_8,session_87,Mobile,4,10,4,17,0.08,221,390x844,Firefox,en-US,-330,landscape,Bengaluru,1258.15,2025-01-17 18:38:59,22,0,normal
user_357,session_3577,Desktop,7,3,0,25,0.0,72,1366x768,Chrome,en-IN,-330,landscape,Chennai,2030.86,2025-04-17 15:05:24,239,0,normal
user_327,session_3272,Desktop,3,8,0,16,0.0,39,1440x900,Safari,en-IN,-330,landscape,Bengaluru,6963.37,2025-03-18 18:15:02,442,0,normal
user_84,session_845,Desktop,6,10,0,15,0.0,212,1920x1080,Chrome,en-US,-330,landscape,Mumbai,1445.83,2025-01-24 09:09:10,434,0,normal
user_103,session_1032,Desktop,8,11,0,3,0.0,295,1920x1080,Chrome,hi-IN,-330,landscape,Kolkata,2563.5,2025-04-19 18:07:53,442,0,normal
user_371,session_3719,Desktop,5,5,0,21,0.0,94,1366x768,Chrome,en-IN,-330,landscape,Kolkata,2457.52,2025-01-22 10:58:39,217,0,normal
user_432,session_4330,Desktop,6,12,0,0,0.0,122,1366x768,Chrome,en-IN,-330,landscape,Delhi,543.93,2025-02-10 14:43:02,243,0,normal
user_385,session_3856,Mobile,2,5,3,9,0.0,226,390x844,Firefox,en-IN,-330,landscape,Bengaluru,5849.29,2025-04-10 15:50:42,50,0,normal
user_298,session_2988,Mobile,6,3,2,17,1.04,139,390x844,Chrome,en-IN,-330,portrait,Pune,1729.01,2025-02-08 09:36:30,13,0,normal
user_435,session_4351,Mobile,2,4,5,13,0.0,62,414x896,Firefox,en-IN,-330,landscape,Hyderabad,7722.08,2025-04-24 19:53:40,19,0,normal
user_262,session_2629,Mobile,6,16,6,16,0.0,152,414x896,Safari,hi-IN,-330,portrait,Delhi,2685.45,2025-02-02 09:22:55,55,0,normal
user_375,session_3754,Desktop,0,7,0,16,0.0,62,1440x900,Firefox,hi-IN,-330,landscape,Pune,2980.66,2025-04-06 16:01:27,264,0,normal
user_530,session_5305,Desktop,8,12,0,24,0.0,50,1920x1080,Firefox,en-US,-330,landscape,Bengaluru,7658.75,2025-02-19 11:10:03,392,0,normal
user_85,session_856,Tablet,1,8,2,19,0.77,110,768x1024,Edge,en-IN,-330,landscape,Mumbai,2089.05,2025-05-10 08:37:59,50,0,normal
user_300,session_3004,Tablet,10,0,9,14,1.27,101,810x1080,Chrome,en-US,-330,portrait,Hyderabad,4011.53,2025-05-28 23:05:51,49,0,normal
user_7,session_79,Desktop,3,4,0,7,0.0,74,1366x768,Edge,en-IN,-330,landscape,Bengaluru,141.82,2025-04-13 13:40:50,160,0,normal
user_299,session_2993,Mobile,9,3,0,11,0.26,214,414x896,Firefox,en-IN,-330,portrait,Ahmedabad,2990.52,2025-02-14 19:34:29,65,0,normal
user_224,session_2248,Desktop,10,4,0,20,0.0,64,1440x900,Safari,hi-IN,-330,landscape,Pune,2155.26,2025-02-25 14:00:11,472,0,normal
user_405,session_4057,Mobile,0,4,1,19,0.77,142,414x896,Firefox,en-IN,-330,portrait,Kolkata,6464.33,2025-05-15 09:46:11,45,0,normal
user_547,session_5476,Desktop,4,5,0,16,0.0,92,1920x1080,Firefox,en-IN,-330,landscape,Ahmedabad,3414.75,2025-05-15 17:00:52,254,0,normal
user_551,session_5516,Desktop,7,7,0,14,0.0,259,1366x768,Firefox,hi-IN,-330,landscape,Hyderabad,3025.0,2025-04-28 19:03:58,243,0,normal
user_75,session_759,Mobile,7,5,9,11,0.69,96,414x896,Safari,en-US,-330,portrait,Kolkata,2026.21,2025-01-28 13:49:52,21,0,normal
user_469,session_4697,Desktop,7,3,0,12,0.0,183,1440x900,Chrome,en-IN,-330,landscape,Ahmedabad,6079.11,2025-02-07 16:22:47,113,0,normal
user_335,session_3356,Desktop,9,8,0,22,0.0,356,1440x900,Firefox,en-US,-330,landscape,Ahmedabad,1427.35,2025-02-08 13:14:23,463,0,normal
user_78,session_789,Mobile,5,5,6,12,0.42,92,414x896,Safari,en-IN,-330,portrait,Mumbai,2348.5,2025-01-10 06:27:34,30,0,normal
user_227,session_2280,Desktop,4,1,0,11,0.0,102,1440x900,Safari,en-IN,-330,landscape,Ahmedabad,836.62,2025-04-12 10:19:46,319,0,normal
user_367,session_3675,Tablet,4,6,3,10,1.31,77,768x1024,Safari,en-US,-330,portrait,Mumbai,8247.64,2025-01-19 08:04:17,26,0,normal
user_424,session_4248,Mobile,4,12,5,14,1.09,115,414x896,Firefox,en-IN,-330,portrait,Kolkata,975.78,2025-05-11 14:48:03,39,0,normal
user_497,session_4978,Desktop,6,6,0,11,0.0,68,1440x900,Chrome,en-IN,-330,landscape,Kolkata,3583.52,2025-05-03 13:44:10,320,0,normal
user_477,session_4774,Desktop,5,5,0,15,0.0,149,1920x1080,Chrome,en-US,-330,landscape,Ahmedabad,2201.66,2025-01-05 10:09:16,223,0,normal
user_448,session_4487,Desktop,3,6,0,16,0.0,147,1920x1080,Firefox,en-IN,-330,landscape,Bengaluru,312.74,2025-02-19 10:24:53,290,0,normal
user_496,session_4961,Desktop,8,16,0,22,0.0,85,1366x768,Edge,en-IN,-330,landscape,Chennai,3247.18,2025-04-26 08:21:53,199,0,normal
user_217,session_2177,Tablet,4,1,9,21,0.72,53,810x1080,Firefox,hi-IN,-330,landscape,Pune,6330.57,2025-05-09 18:42:06,19,0,normal
user_42,session_425,Mobile,3,11,1,27,1.25,201,414x896,Firefox,en-IN,-330,portrait,Pune,9891.8,2025-04-15 11:35:38,84,0,normal
user_39,session_393,Desktop,0,6,0,3,0.0,72,1440x900,Edge,en-US,-330,landscape,Hyderabad,6791.32,2025-03-19 20:59:22,120,0,normal
user_589,session_5891,Mobile,2,5,10,11,0.23,121,360x640,Firefox,en-IN,-330,portrait,Chennai,4692.23,2025-05-02 19:03:49,39,0,normal
user_566,session_5666,Desktop,1,0,0,0,0.0,12,1920x1080,Firefox,en-IN,-330,landscape,Ahmedabad,5000.0,2025-04-25 14:00:49,301,1,copy_paste_drain
user_223,session_2240,Mobile,8,7,12,9,0.02,317,414x896,Edge,en-US,-330,landscape,Kolkata,778.45,2025-02-20 12:01:11,38,0,normal
user_10,session_105,Mobile,4,5,5,11,0.47,254,360x640,Firefox,en-IN,-330,portrait,Kolkata,3789.04,2025-04-18 06:26:25,17,0,normal
user_267,session_2673,Mobile,7,0,1,10,0.49,206,390x844,Safari,en-IN,-330,landscape,Delhi,1771.4,2025-02-05 15:54:38,13,0,normal
user_548,session_5486,Tablet,10,4,6,12,0.38,44,810x1080,Chrome,hi-IN,-330,portrait,Bengaluru,6657.38,2025-02-06 18:01:50,79,0,normal
user_502,session_5024,Desktop,4,14,0,25,0.0,70,1366x768,Safari,en-IN,-330,landscape,Chennai,1658.18,2025-04-10 14:01:13,442,0,normal
user_206,session_2069,Desktop,9,10,0,5,0.0,231,1920x1080,Chrome,en-US,-330,landscape,Kolkata,5135.75,2025-02-04 16:26:40,384,0,normal
user_397,session_3976,Mobile,7,8,5,8,0.56,37,390x844,Safari,en-IN,-330,portrait,Mumbai,3139.7,2025-04-03 12:19:26,32,0,normal
user_349,session_3494,Mobile,9,10,6,21,0.37,147,414x896,Firefox,en-IN,-330,portrait,Hyderabad,8801.05,2025-04-05 10:17:47,0,0,normal
user_194,session_1949,Desktop,7,14,0,20,0.0,274,1920x1080,Safari,hi-IN,-330,landscape,Mumbai,15828.61,2025-01-24 16:07:42,271,0,normal
user_145,session_1460,Desktop,11,15,0,16,0.0,226,1366x768,Chrome,en-IN,-330,landscape,Chennai,6737.98,2025-04-06 19:38:30,304,0,normal
user_176,session_1769,Desktop,6,4,0,12,0.0,102,1440x900,Safari,en-US,-330,landscape,Hyderabad,1237.04,2025-04-09 18:15:27,115,0,normal
user_329,session_3299,Mobile,9,8,0,15,0.0,278,390x844,Safari,en-IN,-330,landscape,Ahmedabad,3196.26,2025-01-31 08:52:58,3,0,normal
user_548,session_5483,Tablet,6,6,4,19,0.83,35,810x1080,Chrome,hi-IN,-330,landscape,Bengaluru,7408.11,2025-04-18 22:39:15,52,0,normal
user_383,session_3832,Tablet,8,15,6,18,1.36,246,768x1024,Chrome,en-IN,-330,landscape,Chennai,4246.22,2025-03-03 20:06:43,66,0,normal
user_574,session_5742,Tablet,9,11,13,17,0.7,62,768x1024,Firefox,en-IN,-330,portrait,Ahmedabad,6089.89,2025-01-11 08:13:18,29,0,normal
user_158,session_1588,Desktop,3,6,0,3,0.0,214,1366x768,Firefox,en-IN,-330,landscape,Ahmedabad,8924.09,2025-02-12 19:22:07,357,0,normal
user_463,session_4640,Desktop,3,9,0,7,0.0,220,1920x1080,Safari,en-US,-330,landscape,Ahmedabad,6561.07,2025-01-20 11:15:51,279,0,normal
user_173,session_1732,Mobile,1,8,5,19,0.62,175,360x640,Chrome,en-IN,-330,portrait,Kolkata,2615.08,2025-01-25 17:36:09,78,0,normal
user_571,session_5713,Tablet,5,6,8,20,0.72,209,810x1080,Firefox,en-US,-330,landscape,Pune,9553.99,2025-01-24 14:33:19,19,0,normal
user_467,session_4673,Mobile,8,4,9,9,0.8,172,390x844,Edge,en-IN,-330,landscape,Mumbai,5989.93,2025-05-19 17:24:54,60,0,normal
user_18,session_183,Mobile,7,7,1,16,0.0,188,414x896,Safari,en-IN,-330,landscape,Delhi,4055.11,2025-03-10 16:12:38,35,0,normal
user_179,session_1792,Desktop,11,9,0,16,0.0,141,1366x768,Chrome,en-US,-330,landscape,Pune,811.99,2025-05-14 15:03:50,443,0,normal
user_235,session_2356,Desktop,3,12,0,14,0.0,82,1440x900,Safari,en-IN,-330,landscape,Bengaluru,7630.62,2025-03-16 14:05:09,439,0,normal
user_194,session_1941,Desktop,4,12,0,7,0.0,94,1920x1080,Safari,hi-IN,-330,landscape,Mumbai,8979.49,2025-01-22 16:31:18,249,0,normal
user_70,session_703,Desktop,1,0,0,19,0.0,105,1440x900,Edge,en-IN,-330,landscape,Kolkata,1750.12,2025-01-03 19:12:03,405,0,normal
user_244,session_2443,Desktop,5,7,0,15,0.0,184,1366x768,Firefox,en-IN,-330,landscape,Delhi,7398.98,2025-03-02 10:12:20,129,0,normal
user_523,session_5231,Desktop,3,6,0,11,0.0,303,1366x768,Firefox,en-IN,-330,landscape,Pune,3402.31,2025-02-16 14:04:32,295,0,normal
user_49,session_497,Tablet,3,11,0,17,0.37,54,810x1080,Firefox,en-IN,-330,portrait,Ahmedabad,5792.09,2025-01-07 20:33:56,61,0,normal
user_466,session_4664,Desktop,8,5,0,5,0.0,104,1440x900,Edge,en-IN,-330,landscape,Bengaluru,7255.58,2025-01-30 10:28:50,404,0,normal
user_46,session_465,Mobile,6,7,4,8,1.2,231,414x896,Edge,en-IN,-330,portrait,Pune,3067.55,2025-02-02 12:18:56,55,0,normal
user_380,session_3801,Desktop,7,9,0,13,0.0,101,1366x768,Edge,en-US,-330,landscape,Bengaluru,961.88,2025-05-14 15:10:26,367,0,normal
user_518,session_5184,Mobile,1,4,3,1,1.08,197,414x896,Chrome,en-IN,-330,landscape,Mumbai,1235.71,2025-04-25 17:29:35,67,0,normal
user_17,session_173,Desktop,8,10,0,21,0.0,103,1366x768,Firefox,en-IN,-330,landscape,Bengaluru,12923.77,2025-05-14 14:25:02,366,0,normal
user_202,session_2021,Desktop,2,3,0,0,0.0,149,1440x900,Chrome,en-IN,-330,landscape,Ahmedabad,7031.25,2025-04-26 19:22:28,330,0,normal
user_575,session_5751,Mobile,9,16,4,11,1.29,67,360x640,Edge,en-IN,-330,portrait,Chennai,5599.16,2025-03-28 12:46:17,14,0,normal
user_533,session_5339,Mobile,7,13,13,10,0.75,81,360x640,Chrome,en-IN,-330,portrait,Kolkata,1593.81,2025-01-14 12:20:45,65,0,normal
user_254,session_2541,Desktop,9,7,0,7,0.0,221,1920x1080,Safari,en-IN,-330,landscape,Mumbai,20.0,2025-01-16 17:06:52,469,0,normal
user_594,session_5948,Desktop,3,0,0,12,0.0,91,1366x768,Firefox,en-IN,-330,landscape,Delhi,1828.71,2025-04-09 20:12:48,313,0,normal
user_200,session_2010,Desktop,2,11,0,11,0.0,248,1366x768,Firefox,en-US,-330,landscape,Kolkata,6856.02,2025-03-16 09:55:46,281,0,normal
user_226,session_2261,Desktop,8,11,0,12,0.0,129,1366x768,Edge,en-IN,-330,landscape,Pune,4350.02,2025-03-26 07:55:52,237,0,normal
user_308,session_3085,Tablet,8,7,6,2,0.9,104,768x1024,Firefox,en-IN,-330,portrait,Bengaluru,2667.21,2025-03-21 16:05:52,22,0,normal
user_211,session_2113,Desktop,7,5,0,21,0.0,53,1920x1080,Chrome,hi-IN,-330,landscape,Pune,4588.67,2025-05-04 10:51:14,459,0,normal
user_90,session_901,Mobile,8,4,2,20,0.0,202,414x896,Chrome,en-IN,-330,portrait,Bengaluru,4284.38,2025-04-27 13:52:46,52,0,normal
user_144,session_1447,Tablet,6,11,2,6,0.0,123,768x1024,Chrome,en-US,-330,landscape,Hyderabad,2867.96,2025-01-19 05:28:54,38,0,normal
user_191,session_1912,Desktop,5,10,0,0,0.0,132,1366x768,Chrome,en-IN,-330,landscape,Mumbai,3121.69,2025-01-25 11:05:11,138,0,normal
user_354,session_3543,Mobile,10,2,6,2,0.42,142,360x640,Safari,en-IN,-330,portrait,Pune,11107.09,2025-04-18 16:30:07,184,1,rat_fraud
user_269,session_2698,Desktop,10,1,0,28,0.0,223,1440x900,Chrome,en-IN,-330,landscape,Hyderabad,2652.33,2025-01-07 07:53:02,397,0,normal
user_563,session_5633,Desktop,2,1,0,4,0.0,189,1366x768,Edge,en-US,-330,landscape,Ahmedabad,2119.49,2025-01-15 12:43:33,323,0,normal
user_366,session_3663,Mobile,4,4,1,2,0.22,82,390x844,Edge,en-IN,-330,landscape,Chennai,3725.07,2025-02-24 10:34:48,26,0,normal
user_74,session_742,Desktop,8,6,0,11,0.0,125,1366x768,Firefox,en-IN,-330,landscape,Ahmedabad,3201.53,2025-05-14 06:22:37,383,0,normal
user_229,session_2294,Desktop,6,9,0,15,0.0,106,1440x900,Firefox,en-US,-330,landscape,Mumbai,1676.48,2025-03-15 16:23:50,466,0,normal
user_245,session_2453,Desktop,3,0,0,0,0.0,67,1920x1080,Chrome,en-IN,-330,landscape,Pune,6824.58,2025-04-14 16:55:21,196,0,normal
user_370,session_3706,Desktop,5,10,0,25,0.0,68,1440x900,Firefox,en-IN,-330,landscape,Pune,806.56,2025-02-23 09:52:56,478,0,normal
user_489,session_4898,Desktop,3,6,0,5,0.0,82,1440x900,Firefox,en-IN,-330,landscape,Ahmedabad,763.83,2025-03-28 20:49:26,413,0,normal
user_120,session_1207,Desktop,6,6,0,16,0.0,8,1920x1080,Edge,en-IN,-330,landscape,Ahmedabad,10591.07,2025-05-22 15:47:00,387,0,normal
user_50,session_510,Mobile,2,6,2,4,0.14,83,360x640,Edge,en-IN,-330,portrait,Pune,1517.18,2025-04-26 14:32:45,23,0,normal
user_528,session_5289,Tablet,3,7,4,20,0.15,145,768x1024,Chrome,en-IN,-330,landscape,Delhi,307.19,2025-05-06 15:24:56,45,0,normal
user_370,session_3704,Desktop,9,10,0,14,0.0,101,1440x900,Firefox,en-IN,-330,landscape,Pune,11510.96,2025-01-30 11:41:06,299,0,normal
user_396,session_3969,Desktop,2,2,0,8,0.0,80,1920x1080,Firefox,en-IN,-330,landscape,Pune,182.24,2025-04-19 21:58:44,251,0,normal
user_543,session_5432,Desktop,0,7,0,9,0.0,89,1366x768,Edge,en-IN,-330,landscape,Mumbai,2597.43,2025-01-13 08:31:09,317,0,normal
user_154,session_1550,Desktop,5,1,0,17,0.0,124,1366x768,Chrome,en-IN,-330,landscape,Pune,2172.49,2025-02-23 13:03:12,162,0,normal
user_302,session_3030,Desktop,5,11,0,25,0.0,96,1440x900,Firefox,en-IN,-330,landscape,Hyderabad,4661.37,2025-02-06 12:26:17,524,0,normal
user_452,session_4523,Desktop,7,7,0,17,0.0,221,1440x900,Chrome,hi-IN,-330,landscape,Pune,3698.3,2025-02-02 08:13:31,228,0,normal
user_220,session_2203,Tablet,11,9,0,23,0.0,124,810x1080,Firefox,en-IN,-330,portrait,Bengaluru,1218.63,2025-04-11 07:18:05,61,0,normal
user_256,session_2567,Tablet,6,4,7,21,0.19,166,810x1080,Edge,en-US,-330,landscape,Mumbai,2258.43,2025-04-10 12:41:58,28,0,normal
user_378,session_3790,Desktop,7,5,0,14,0.0,111,1920x1080,Safari,en-IN,-330,landscape,Ahmedabad,6161.27,2025-03-20 20:01:11,292,0,normal
user_204,session_2045,Desktop,4,7,0,9,0.0,74,1366x768,Firefox,en-IN,-330,landscape,Hyderabad,2584.61,2025-02-03 14:27:16,164,0,normal
user_76,session_768,Mobile,3,1,8,10,0.73,242,414x896,Firefox,en-IN,-330,portrait,Kolkata,7298.5,2025-05-22 14:58:33,24,0,normal
user_588,session_5881,Desktop,10,1,0,13,0.0,76,1440x900,Chrome,en-US,-330,landscape,Bengaluru,7052.19,2025-03-07 13:57:34,231,0,normal
user_369,session_3700,Mobile,7,14,4,17,0.86,237,360x640,Firefox,en-US,-330,landscape,Kolkata,7430.18,2025-05-17 18:27:25,44,0,normal
user_150,session_1509,Mobile,2,8,3,14,1.02,300,360x640,Safari,en-IN,-330,landscape,Kolkata,9758.33,2025-03-02 14:09:13,27,0,normal
user_313,session_3135,Mobile,8,8,3,18,0.85,28,414x896,Edge,en-IN,-330,landscape,Ahmedabad,9330.76,2025-05-01 02:36:37,37,1,odd_hour_drain
user_583,session_5834,Desktop,4,12,0,22,0.0,85,1440x900,Firefox,en-IN,-330,landscape,Bengaluru,10747.7,2025-04-22 21:25:22,409,0,normal
user_42,session_422,Mobile,6,10,2,13,0.39,164,414x896,Firefox,en-IN,-330,landscape,Pune,5786.31,2025-05-20 11:53:36,34,0,normal
user_12,session_124,Mobile,7,11,6,20,0.97,73,414x896,Edge,en-IN,-330,landscape,Chennai,386.57,2025-03-05 14:17:38,68,0,normal
user_542,session_5425,Desktop,0,7,0,7,0.0,141,1366x768,Firefox,en-IN,-330,landscape,Hyderabad,3660.56,2025-04-06 08:46:06,289,0,normal
user_371,session_3716,Desktop,8,12,0,12,0.0,43,1366x768,Chrome,en-IN,-330,landscape,Kolkata,5149.7,2025-01-31 12:29:51,195,0,normal
user_329,session_3293,Mobile,12,13,4,6,1.4,117,390x844,Safari,en-IN,-330,portrait,Ahmedabad,2447.59,2025-03-23 09:15:04,0,0,normal
user_81,session_820,Tablet,5,9,6,11,0.94,239,768x1024,Safari,en-IN,-330,landscape,Pune,4455.9,2025-03-07 23:47:41,31,0,normal
user_140,session_1404,Mobile,11,4,12,14,0.56,98,360x640,Edge,hi-IN,-330,landscape,Mumbai,832.42,2025-05-19 22:18:34,57,0,normal
user_138,session_1383,Desktop,7,2,18,13,3.43,55,1366x768,Chrome,en-IN,-330,landscape,Mumbai,5514.01,2025-03-11 15:23:45,259,1,device_spoof
user_214,session_2149,Mobile,1,3,9,10,1.04,138,390x844,Chrome,en-IN,-330,portrait,Mumbai,4494.15,2025-02-28 15:27:18,55,0,normal
user_504,session_5045,Desktop,3,11,0,22,0.0,143,1440x900,Firefox,en-IN,-330,landscape,Ahmedabad,2794.57,2025-03-15 11:28:54,257,0,normal
user_157,session_1576,Mobile,5,10,2,8,0.87,111,414x896,Safari,en-IN,-330,landscape,Ahmedabad,10401.61,2025-04-29 20:43:06,67,0,normal
user_163,session_1639,Tablet,3,1,0,10,0.37,267,810x1080,Firefox,en-IN,-330,portrait,Kolkata,11854.55,2025-03-12 11:46:44,58,0,normal
user_179,session_1796,Desktop,6,8,0,20,0.0,76,1366x768,Chrome,en-US,-330,landscape,Pune,751.78,2025-02-19 21:57:36,245,0,normal
user_333,session_3332,Desktop,6,10,0,13,0.0,47,1440x900,Edge,en-IN,-330,landscape,Ahmedabad,4858.74,2025-02-17 18:13:30,435,0,normal
user_577,session_5771,Desktop,4,9,0,4,0.0,132,1920x1080,Edge,en-US,-330,landscape,Chennai,1178.34,2025-05-23 18:20:14,375,0,normal
user_533,session_5337,Mobile,12,3,3,6,0.6,24,360x640,Chrome,en-IN,-330,landscape,Kolkata,6451.5,2025-01-02 05:53:02,76,0,normal
user_39,session_400,Desktop,6,15,0,5,0.0,92,1440x900,Edge,en-US,-330,landscape,Hyderabad,6908.79,2025-02-28 18:09:53,103,0,normal
user_315,session_3152,Desktop,6,8,0,16,0.0,40,1440x900,Edge,hi-IN,-330,landscape,Bengaluru,6868.54,2025-01-08 08:10:23,231,0,normal
user_231,session_2311,Desktop,3,0,0,10,0.0,72,1366x768,Firefox,en-US,-330,landscape,Chennai,5081.3,2025-03-14 10:50:16,287,0,normal
user_88,session_883,Desktop,9,6,0,25,0.0,71,1440x900,Edge,en-US,-330,landscape,Bengaluru,4125.43,2025-01-09 16:03:23,437,0,normal
user_356,session_3566,Desktop,11,7,0,13,0.0,196,1920x1080,Safari,en-IN,-330,landscape,Mumbai,532.7,2025-04-14 15:09:41,226,0,normal
user_596,session_5965,Tablet,2,5,3,11,1.29,246,810x1080,Safari,en-IN,-330,landscape,Delhi,3547.14,2025-01-22 18:04:12,30,0,normal
user_117,session_1180,Desktop,2,3,0,10,0.0,204,1440x900,Firefox,en-IN,-330,landscape,Mumbai,1835.96,2025-02-24 09:52:54,113,0,normal
user_135,session_1353,Mobile,4,8,2,15,0.9,163,414x896,Firefox,en-IN,-330,landscape,Kolkata,4492.95,2025-05-16 05:05:43,17,0,normal
user_388,session_3883,Desktop,10,12,0,23,0.0,70,1366x768,Firefox,hi-IN,-330,landscape,Chennai,3929.05,2025-05-02 07:16:57,330,0,normal
user_545,session_5456,Desktop,7,6,0,18,0.0,98,1440x900,Chrome,en-IN,-330,landscape,Bengaluru,1668.17,2025-03-04 13:37:17,375,0,normal
user_213,session_2131,Desktop,1,11,0,8,0.0,245,1366x768,Chrome,en-IN,-330,landscape,Hyderabad,5652.33,2025-01-18 17:25:48,348,0,normal
user_98,session_983,Mobile,8,18,7,0,0.0,89,414x896,Edge,en-US,-330,landscape,Hyderabad,1883.05,2025-02-03 23:03:09,93,0,normal
user_45,session_457,Desktop,8,7,0,14,0.0,226,1920x1080,Edge,hi-IN,-330,landscape,Pune,9510.41,2025-01-23 12:11:08,342,0,normal
user_148,session_1487,Desktop,4,7,0,28,0.0,78,1440x900,Chrome,hi-IN,-330,landscape,Mumbai,3198.13,2025-05-05 13:33:00,365,0,normal
user_107,session_1080,Mobile,4,11,8,15,0.6,113,390x844,Chrome,en-IN,-330,portrait,Kolkata,3371.53,2025-02-11 07:59:33,67,0,normal
user_195,session_1951,Desktop,4,6,0,0,0.0,120,1920x1080,Firefox,hi-IN,-330,landscape,Chennai,6723.15,2025-05-13 23:28:49,465,0,normal
user_515,session_5159,Mobile,5,3,0,7,0.85,59,390x844,Safari,en-IN,-330,portrait,Chennai,2909.09,2025-04-16 10:35:01,32,0,normal
user_68,session_690,Mobile,3,8,7,12,0.48,220,360x640,Chrome,en-IN,-330,landscape,Mumbai,466.83,2025-05-25 15:07:53,48,0,normal
user_242,session_2430,Mobile,4,5,4,18,0.2,83,390x844,Chrome,en-IN,-330,portrait,Delhi,5071.62,2025-03-01 16:32:36,50,0,normal
user_64,session_642,Desktop,10,7,0,18,0.0,106,1366x768,Edge,en-IN,-330,landscape,Mumbai,136.72,2025-01-21 19:29:50,409,0,normal
user_239,session_2393,Desktop,11,12,0,6,0.0,150,1920x1080,Firefox,hi-IN,-330,landscape,Pune,9970.28,2025-01-22 15:48:59,304,0,normal
user_282,session_2826,Desktop,2,7,0,6,0.0,69,1440x900,Chrome,en-IN,-330,landscape,Kolkata,5049.43,2025-05-09 08:47:08,139,0,normal
user_195,session_1954,Desktop,3,6,0,18,0.0,81,1920x1080,Firefox,hi-IN,-330,landscape,Chennai,4416.57,2025-01-07 22:38:11,309,0,normal
user_353,session_3539,Desktop,9,15,0,18,0.0,36,1920x1080,Chrome,en-IN,-330,landscape,Hyderabad,5215.02,2025-05-25 23:39:43,422,0,normal
user_388,session_3890,Desktop,11,9,0,19,0.0,61,1366x768,Firefox,hi-IN,-330,landscape,Chennai,6931.49,2025-02-04 10:35:40,325,0,normal
user_305,session_3059,Desktop,5,10,0,14,0.0,134,1440x900,Firefox,hi-IN,-330,landscape,Kolkata,6931.4,2025-02-13 11:11:35,585,0,normal
user_391,session_3916,Tablet,1,9,0,10,0.0,126,768x1024,Safari,en-IN,-330,landscape,Mumbai,2259.57,2025-05-05 23:11:18,374,1,account_takeover
user_480,session_4801,Desktop,10,5,0,18,0.0,228,1366x768,Safari,en-IN,-330,landscape,Pune,3247.16,2025-04-12 13:44:46,345,0,normal
user_271,session_2711,Desktop,7,8,0,11,0.0,56,1920x1080,Chrome,en-IN,-330,landscape,Mumbai,1107.01,2025-04-02 11:50:26,495,0,normal
user_108,session_1084,Desktop,8,7,0,11,0.0,123,1440x900,Edge,en-IN,-330,landscape,Mumbai,5582.21,2025-01-07 19:48:48,381,0,normal
user_444,session_4449,Desktop,4,5,0,6,0.0,266,1440x900,Edge,en-IN,-330,landscape,Hyderabad,4254.26,2025-04-04 08:45:57,343,0,normal
user_571,session_5715,Tablet,8,7,11,12,0.0,171,810x1080,Firefox,en-US,-330,portrait,Pune,10007.53,2025-02-19 21:54:29,39,0,normal
user_411,session_4119,Desktop,7,11,0,7,0.0,249,1440x900,Safari,en-IN,-330,landscape,Chennai,8852.63,2025-03-05 12:40:08,160,0,normal
user_188,session_1885,Mobile,5,5,7,15,1.42,200,390x844,Firefox,en-IN,-330,portrait,Pune,8740.49,2025-05-25 18:02:44,44,0,normal
user_451,session_4511,Mobile,5,9,7,34,0.12,172,414x896,Firefox,en-IN,-330,landscape,Ahmedabad,1528.09,2025-02-10 20:28:16,67,0,normal
user_38,session_390,Desktop,4,11,0,17,0.0,98,1920x1080,Safari,en-IN,-330,landscape,Mumbai,2081.95,2025-02-05 14:35:58,357,0,normal
user_249,session_2495,Desktop,6,0,0,0,0.0,295,1440x900,Chrome,en-IN,-330,landscape,Delhi,5143.48,2025-04-02 19:16:05,353,0,normal
user_185,session_1852,Mobile,8,4,4,15,0.76,178,414x896,Safari,en-IN,-330,portrait,Mumbai,2709.66,2025-05-26 20:33:30,25,0,normal
user_303,session_3037,Desktop,1,7,0,11,0.0,40,1440x900,Edge,en-US,-330,landscape,Ahmedabad,1809.34,2025-03-12 16:37:05,220,0,normal
user_579,session_5796,Desktop,6,9,0,5,0.0,138,1920x1080,Safari,en-IN,-330,landscape,Pune,636.18,2025-02-13 14:40:15,282,0,normal
user_360,session_3604,Desktop,2,9,0,19,0.0,45,1366x768,Chrome,en-US,-330,landscape,Ahmedabad,9557.12,2025-02-13 08:29:50,475,0,normal
user_84,session_846,Desktop,9,10,0,11,0.0,251,1920x1080,Chrome,en-US,-330,landscape,Mumbai,1583.17,2025-04-21 14:42:02,217,0,normal
user_54,session_543,Desktop,5,8,0,17,0.0,245,1920x1080,Firefox,en-IN,-330,landscape,Chennai,4843.78,2025-01-08 15:19:46,224,0,normal
user_372,session_3725,Desktop,7,2,0,17,0.0,209,1366x768,Edge,en-IN,-330,landscape,Mumbai,6505.9,2025-01-22 14:10:51,415,0,normal
user_9,session_92,Desktop,3,1,0,9,0.0,67,1440x900,Safari,en-IN,-330,landscape,Hyderabad,2240.25,2025-01-08 18:35:39,250,0,normal
user_367,session_3680,Tablet,3,7,7,8,0.68,80,768x1024,Safari,en-US,-330,portrait,Mumbai,8925.43,2025-02-27 10:14:09,57,0,normal
user_564,session_5642,Desktop,10,9,0,14,0.0,264,1440x900,Chrome,en-IN,-330,landscape,Mumbai,1476.64,2025-01-10 11:14:11,423,0,normal
user_390,session_3905,Mobile,4,3,6,0,1.17,163,360x640,Edge,en-IN,-330,landscape,Bengaluru,2401.91,2025-05-24 04:36:00,20,0,normal
user_197,session_1980,Desktop,4,8,0,19,0.0,241,1440x900,Safari,en-IN,-330,landscape,Chennai,4712.7,2025-04-22 12:53:12,531,0,normal
user_324,session_3245,Mobile,5,4,5,0,0.55,168,390x844,Edge,en-IN,-330,portrait,Kolkata,942.74,2025-04-08 11:57:04,35,0,normal
user_397,session_3979,Mobile,10,4,4,4,1.05,47,390x844,Safari,en-IN,-330,landscape,Mumbai,3665.76,2025-04-05 12:17:29,56,0,normal
user_315,session_3151,Desktop,3,9,0,9,0.0,60,1440x900,Edge,hi-IN,-330,landscape,Bengaluru,10863.98,2025-03-15 10:18:05,0,0,normal
user_490,session_4901,Desktop,9,13,0,4,0.0,144,1366x768,Firefox,en-US,-330,landscape,Delhi,417.64,2025-03-01 09:45:05,236,0,normal
user_410,session_4105,Mobile,9,5,0,17,0.23,81,414x896,Edge,en-IN,-330,portrait,Hyderabad,4594.1,2025-04-17 15:31:32,20,0,normal
user_462,session_4623,Mobile,5,8,5,12,0.57,155,360x640,Chrome,en-US,-330,portrait,Hyderabad,3985.69,2025-03-18 13:40:54,39,0,normal
user_296,session_2965,Desktop,6,3,0,5,0.0,101,1366x768,Chrome,en-IN,-330,landscape,Chennai,5730.83,2025-05-10 14:22:46,285,0,normal
user_346,session_3464,Desktop,3,8,0,20,0.0,170,1366x768,Firefox,en-US,-330,landscape,Mumbai,3065.07,2025-05-08 13:18:43,320,0,normal
user_252,session_2530,Desktop,6,10,0,15,0.0,60,1366x768,Firefox,en-US,-330,landscape,Ahmedabad,2704.57,2025-01-10 07:16:38,181,0,normal
user_410,session_4109,Mobile,5,6,2,17,0.22,122,414x896,Edge,en-IN,-330,landscape,Hyderabad,2260.69,2025-01-30 16:33:52,50,0,normal
user_167,session_1677,Mobile,1,0,5,9,0.71,157,390x844,Chrome,en-IN,-330,landscape,Pune,1600.87,2025-03-07 15:48:06,66,0,normal
user_104,session_1049,Tablet,3,4,8,9,1.0,148,768x1024,Safari,en-IN,-330,landscape,Mumbai,354.82,2025-03-16 14:57:58,12,0,normal
user_294,session_2950,Desktop,2,7,0,11,0.0,153,1440x900,Edge,en-IN,-330,landscape,Hyderabad,4293.73,2025-05-17 11:31:47,249,0,normal
user_196,session_1961,Desktop,5,5,0,17,0.0,34,1440x900,Safari,en-IN,-330,landscape,Ahmedabad,3388.78,2025-03-18 08:34:12,325,0,normal
user_253,session_2531,Desktop,6,8,0,22,0.0,237,1920x1080,Chrome,en-US,-330,landscape,Bengaluru,653.84,2025-03-06 08:46:54,561,0,normal
user_441,session_4413,Mobile,5,12,9,18,0.68,110,360x640,Safari,en-IN,-330,portrait,Ahmedabad,497.01,2025-02-27 14:25:45,78,0,normal
user_490,session_4904,Desktop,4,10,0,4,0.0,146,1366x768,Firefox,en-US,-330,landscape,Delhi,490.22,2025-04-17 12:56:55,452,0,normal
user_393,session_3940,Mobile,5,1,2,8,0.76,169,390x844,Edge,en-IN,-330,portrait,Mumbai,5412.76,2025-02-20 07:37:34,44,0,normal
user_23,session_238,Mobile,0,2,5,17,0.61,206,414x896,Chrome,en-IN,-330,landscape,Ahmedabad,2811.27,2025-01-22 16:07:27,20,0,normal
user_414,session_4150,Desktop,2,0,0,13,0.0,259,1920x1080,Edge,hi-IN,-330,landscape,Chennai,284.92,2025-03-25 18:05:30,419,0,normal
user_485,session_4858,Desktop,7,2,0,10,0.0,68,1440x900,Safari,en-IN,-330,landscape,Delhi,3197.88,2025-01-24 02:27:23,29,0,normal
user_113,session_1134,Mobile,6,10,4,17,0.13,147,414x896,Safari,en-IN,-330,portrait,Delhi,28.39,2025-04-07 13:52:34,12,0,normal
user_288,session_2881,Tablet,2,12,0,4,0.59,44,768x1024,Edge,hi-IN,-330,portrait,Kolkata,5498.97,2025-03-27 23:13:39,33,0,normal
user_180,session_1806,Desktop,10,11,0,13,0.0,89,1440x900,Firefox,en-IN,-330,landscape,Bengaluru,4816.39,2025-05-13 17:42:40,356,0,normal
user_495,session_4959,Desktop,12,6,0,24,0.0,216,1440x900,Chrome,en-IN,-330,landscape,Bengaluru,6289.48,2025-03-10 16:54:48,513,0,normal
user_16,session_164,Mobile,4,5,3,13,0.68,116,360x640,Firefox,en-IN,-330,portrait,Hyderabad,4625.89,2025-01-28 14:02:58,90,0,normal
user_452,session_4528,Desktop,4,12,0,26,0.0,208,1440x900,Chrome,hi-IN,-330,landscape,Pune,3273.81,2025-03-25 07:51:19,386,0,normal
user_570,session_5705,Desktop,2,10,0,16,0.0,104,1440x900,Safari,en-IN,-330,landscape,Pune,5943.63,2025-03-15 17:16:52,540,0,normal
user_564,session_5648,Desktop,5,9,0,7,0.0,175,1440x900,Chrome,en-IN,-330,landscape,Mumbai,2986.14,2025-05-01 12:30:44,204,0,normal
user_442,session_4429,Desktop,0,14,0,16,0.0,73,1366x768,Chrome,en-IN,-330,landscape,Mumbai,211.89,2025-01-30 11:44:15,228,0,normal
user_449,session_4499,Mobile,4,7,6,14,1.01,49,390x844,Edge,en-IN,-330,landscape,Ahmedabad,497.06,2025-03-01 20:51:50,67,0,normal
user_432,session_4327,Desktop,5,4,0,17,0.0,140,1366x768,Chrome,en-IN,-330,landscape,Delhi,556.68,2025-04-06 22:18:30,343,0,normal
user_26,session_266,Tablet,8,5,8,14,0.48,74,810x1080,Safari,en-IN,-330,portrait,Ahmedabad,460.6,2025-02-05 14:13:06,18,0,normal
user_200,session_2002,Desktop,8,6,0,9,0.0,166,1366x768,Firefox,en-US,-330,landscape,Kolkata,3888.32,2025-05-29 08:41:54,225,0,normal
user_181,session_1812,Desktop,7,2,0,5,0.0,186,1366x768,Safari,en-IN,-330,landscape,Delhi,1260.08,2025-01-31 15:25:35,203,0,normal
user_327,session_3278,Desktop,6,17,0,19,0.0,46,1440x900,Safari,en-IN,-330,landscape,Bengaluru,2163.43,2025-04-12 17:11:19,470,0,normal
user_560,session_5610,Desktop,3,9,0,6,0.0,339,1366x768,Chrome,en-US,-330,landscape,Hyderabad,5477.0,2025-01-31 12:38:25,133,0,normal
user_297,session_2979,Mobile,4,4,4,2,0.57,142,414x896,Firefox,en-US,-330,portrait,Pune,5372.83,2025-01-08 06:37:40,47,0,normal
user_426,session_4261,Tablet,6,5,0,9,1.1,71,768x1024,Chrome,en-US,-330,landscape,Delhi,1676.75,2025-05-19 20:39:42,32,0,normal
user_290,session_2907,Desktop,6,7,0,19,0.0,63,1440x900,Chrome,en-IN,-330,landscape,Kolkata,5734.12,2025-02-14 17:35:03,370,0,normal
user_429,session_4291,Desktop,4,9,0,14,0.0,145,1440x900,Firefox,en-IN,-330,landscape,Pune,6114.78,2025-03-19 12:30:48,222,0,normal
user_549,session_5498,Desktop,10,5,0,11,0.0,103,1440x900,Chrome,en-IN,-330,landscape,Pune,2947.36,2025-03-12 11:35:35,211,0,normal
user_142,session_1429,Desktop,2,1,0,15,0.0,94,1440x900,Chrome,en-IN,-330,landscape,Chennai,3678.32,2025-01-02 12:20:46,350,0,normal
user_39,session_399,Desktop,6,11,0,20,0.0,43,1440x900,Edge,en-US,-330,landscape,Hyderabad,2497.09,2025-05-06 19:55:39,307,0,normal
user_396,session_3965,Desktop,6,8,0,10,0.0,58,1920x1080,Firefox,en-IN,-330,landscape,Pune,186.05,2025-05-30 18:43:49,322,0,normal
user_500,session_5006,Tablet,2,8,7,6,0.27,37,810x1080,Firefox,en-IN,-330,landscape,Ahmedabad,8000.0,2025-05-01 04:22:57,19,1,odd_hour_drain
user_94,session_948,Mobile,11,10,4,18,0.71,163,414x896,Edge,hi-IN,-330,landscape,Delhi,4200.48,2025-03-14 10:17:36,0,0,normal
user_307,session_3079,Desktop,13,9,0,29,0.0,157,1440x900,Firefox,en-US,-330,landscape,Bengaluru,2009.9,2025-04-07 21:54:19,306,0,normal
user_313,session_3139,Mobile,9,1,5,21,0.63,105,414x896,Edge,en-IN,-330,landscape,Ahmedabad,1153.65,2025-01-10 23:47:18,0,0,normal
user_534,session_5348,Desktop,7,8,0,0,0.0,200,1366x768,Firefox,en-IN,-330,landscape,Chennai,12758.29,2025-02-27 15:06:08,177,0,normal
user_492,session_4924,Desktop,8,16,0,7,0.0,211,1440x900,Edge,en-US,-330,landscape,Bengaluru,5976.32,2025-03-21 16:47:48,591,0,normal
user_557,session_5574,Desktop,9,6,0,0,0.0,228,1366x768,Firefox,en-US,-330,landscape,Chennai,31289.2,2025-05-15 13:08:14,136,1,rat_fraud
user_514,session_5149,Mobile,2,12,3,8,0.27,154,414x896,Chrome,en-IN,-330,portrait,Hyderabad,7397.09,2025-03-08 14:41:39,43,0,normal
user_322,session_3230,Desktop,4,8,0,6,0.0,130,1920x1080,Edge,en-IN,-330,landscape,Hyderabad,1058.72,2025-04-30 09:34:21,310,0,normal
user_399,session_3995,Desktop,9,14,0,15,0.0,140,1440x900,Firefox,en-IN,-330,landscape,Ahmedabad,5147.5,2025-02-22 10:00:40,457,0,normal
user_145,session_1453,Desktop,8,11,0,22,0.0,257,1366x768,Chrome,en-IN,-330,landscape,Chennai,7515.73,2025-01-25 20:24:04,543,0,normal
user_59,session_594,Desktop,0,6,0,2,0.0,250,1366x768,Firefox,en-US,-330,landscape,Ahmedabad,8280.2,2025-01-06 18:18:28,185,0,normal
user_272,session_2726,Desktop,0,13,0,9,0.0,153,1440x900,Edge,en-IN,-330,landscape,Mumbai,7970.86,2025-01-15 17:24:43,280,0,normal
user_4,session_42,Desktop,7,0,0,18,0.0,188,1440x900,Chrome,en-IN,-330,landscape,Hyderabad,2783.13,2025-04-30 17:45:09,348,0,normal
user_56,session_561,Mobile,4,11,7,5,0.0,14,390x844,Safari,en-US,-330,portrait,Delhi,7036.39,2025-05-28 18:29:20,34,0,normal
user_483,session_4832,Desktop,0,10,0,19,0.0,45,1366x768,Firefox,hi-IN,-330,landscape,Delhi,7714.5,2025-05-11 13:32:48,451,0,normal
user_515,session_5151,Mobile,5,7,6,8,0.0,81,390x844,Safari,en-IN,-330,landscape,Chennai,3248.21,2025-02-03 13:58:09,0,0,normal
user_48,session_490,Desktop,9,4,0,0,0.0,88,1440x900,Safari,en-IN,-330,landscape,Hyderabad,1549.7,2025-05-21 06:31:13,158,0,normal
user_24,session_244,Desktop,9,5,0,0,0.0,227,1920x1080,Firefox,en-US,-330,landscape,Ahmedabad,10192.58,2025-01-03 17:25:31,160,1,rat_fraud
user_317,session_3173,Desktop,10,17,0,8,0.0,81,1920x1080,Edge,en-IN,-330,landscape,Kolkata,3764.41,2025-02-10 13:18:17,502,0,normal
user_133,session_1340,Tablet,2,6,2,19,0.56,92,810x1080,Firefox,en-US,-330,landscape,Pune,8459.35,2025-04-15 19:36:37,72,0,normal
user_393,session_3937,Mobile,0,1,7,11,1.01,132,390x844,Edge,en-IN,-330,landscape,Mumbai,4469.08,2025-01-19 09:16:44,64,0,normal
user_598,session_5990,Mobile,3,3,4,18,0.17,155,390x844,Edge,en-IN,-330,landscape,Kolkata,2858.42,2025-04-26 08:02:44,75,0,normal
user_40,session_406,Desktop,12,12,0,23,0.0,182,1920x1080,Edge,en-IN,-330,landscape,Ahmedabad,3251.1,2025-01-26 07:12:22,433,0,normal
user_144,session_1443,Tablet,6,7,0,13,0.0,51,768x1024,Chrome,en-US,-330,landscape,Hyderabad,1402.85,2025-02-01 10:32:18,27,0,normal
user_26,session_262,Tablet,4,7,6,12,0.21,66,810x1080,Safari,en-IN,-330,portrait,Ahmedabad,230.39,2025-05-23 12:45:10,41,0,normal
user_391,session_3913,Desktop,4,12,0,24,0.0,120,1440x900,Edge,en-IN,-330,landscape,Delhi,1719.61,2025-04-08 18:58:16,487,0,normal
user_353,session_3538,Desktop,13,8,0,20,0.0,37,1920x1080,Chrome,en-IN,-330,landscape,Hyderabad,4719.76,2025-01-25 18:37:41,184,0,normal
user_546,session_5469,Mobile,3,13,0,15,0.0,83,414x896,Edge,en-IN,-330,portrait,Bengaluru,3978.17,2025-04-10 13:56:16,50,0,normal
user_168,session_1690,Desktop,3,0,0,4,0.0,226,1920x1080,Safari,en-IN,-330,landscape,Bengaluru,6666.28,2025-05-26 15:48:49,325,0,normal
user_347,session_3479,Tablet,5,6,5,21,0.97,102,810x1080,Edge,en-IN,-330,landscape,Pune,11768.36,2025-04-01 19:16:49,32,0,normal
user_172,session_1726,Desktop,7,3,0,16,0.0,106,1440x900,Edge,en-IN,-330,landscape,Chennai,4174.64,2025-02-11 05:46:39,491,0,normal
user_120,session_1204,Desktop,5,4,0,25,0.0,72,1920x1080,Edge,en-IN,-330,landscape,Ahmedabad,4356.54,2025-01-22 16:57:16,433,0,normal
user_83,session_835,Tablet,10,3,9,8,1.11,126,768x1024,Edge,en-US,-330,landscape,Kolkata,5509.92,2025-05-06 14:37:22,8,0,normal
user_186,session_1867,Desktop,9,6,0,10,0.0,212,1920x1080,Edge,en-US,-330,landscape,Bengaluru,5809.45,2025-05-17 14:36:06,328,0,normal
user_249,session_2497,Desktop,2,4,0,10,0.0,161,1440x900,Chrome,en-IN,-330,landscape,Delhi,4122.81,2025-01-11 18:06:29,32,0,normal
user_301,session_3017,Desktop,2,11,0,19,0.0,142,1366x768,Chrome,en-IN,-330,landscape,Pune,4003.66,2025-03-25 21:09:35,158,0,normal
user_451,session_4512,Mobile,4,12,3,11,0.99,147,414x896,Firefox,en-IN,-330,landscape,Ahmedabad,818.19,2025-04-12 19:06:04,75,0,normal
user_201,session_2011,Mobile,11,17,9,28,0.0,104,390x844,Edge,hi-IN,-330,landscape,Mumbai,4629.17,2025-02-01 19:28:04,26,0,normal
user_393,session_3932,Mobile,7,7,2,10,0.74,153,390x844,Edge,en-IN,-330,portrait,Mumbai,5157.34,2025-02-08 12:03:48,37,0,normal
user_34,session_341,Desktop,11,6,0,15,0.0,110,1440x900,Firefox,hi-IN,-330,landscape,Kolkata,2764.72,2025-02-17 14:40:08,439,0,normal
user_417,session_4173,Desktop,3,7,0,4,0.0,178,1440x900,Safari,en-IN,-330,landscape,Delhi,4801.01,2025-04-27 06:11:26,122,0,normal
user_160,session_1602,Desktop,1,6,0,12,0.0,58,1920x1080,Firefox,en-IN,-330,landscape,Hyderabad,2114.77,2025-05-15 16:21:51,272,0,normal
user_279,session_2797,Mobile,0,5,3,15,0.6,178,390x844,Safari,en-US,-330,portrait,Kolkata,2717.07,2025-04-11 22:22:08,51,0,normal
user_536,session_5368,Mobile,7,8,2,4,0.99,128,360x640,Firefox,en-IN,-330,landscape,Bengaluru,7331.02,2025-01-28 17:03:07,42,0,normal
user_575,session_5760,Mobile,10,8,6,20,1.4,34,360x640,Edge,en-IN,-330,landscape,Chennai,4123.38,2025-03-25 10:10:59,56,0,normal
user_48,session_481,Desktop,2,15,0,3,0.0,77,1440x900,Safari,en-IN,-330,landscape,Hyderabad,3013.22,2025-05-26 14:18:48,107,0,normal
user_372,session_3726,Desktop,11,13,0,12,0.0,254,1366x768,Edge,en-IN,-330,landscape,Mumbai,6139.33,2025-02-01 11:29:27,286,0,normal
user_590,session_5906,Desktop,4,10,0,20,0.0,162,1366x768,Firefox,en-IN,-330,landscape,Pune,5351.02,2025-05-02 18:37:53,171,0,normal
user_278,session_2786,Desktop,9,9,0,15,0.0,165,1920x1080,Safari,en-IN,-330,landscape,Ahmedabad,2487.48,2025-05-25 12:34:31,407,0,normal
user_152,session_1524,Desktop,7,10,0,13,0.0,140,1920x1080,Edge,en-IN,-330,landscape,Mumbai,8519.42,2025-03-17 17:59:49,596,0,normal
user_362,session_3622,Desktop,12,6,0,16,0.0,169,1366x768,Safari,en-US,-330,landscape,Ahmedabad,573.48,2025-02-11 11:51:09,206,0,normal
user_446,session_4468,Desktop,7,11,0,19,0.0,181,1920x1080,Safari,hi-IN,-330,landscape,Bengaluru,5013.19,2025-01-04 10:41:00,778,0,normal
user_532,session_5321,Desktop,7,3,0,3,0.0,110,1920x1080,Edge,en-IN,-330,landscape,Chennai,7105.53,2025-05-20 16:01:37,285,0,normal
user_556,session_5561,Mobile,2,7,3,4,0.8,161,414x896,Firefox,en-IN,-330,portrait,Bengaluru,5481.37,2025-04-17 09:21:25,57,0,normal
user_564,session_5645,Desktop,13,11,0,19,0.0,193,1440x900,Chrome,en-IN,-330,landscape,Mumbai,1139.92,2025-04-26 19:03:12,471,0,normal
user_79,session_800,Desktop,3,11,0,9,0.0,256,1920x1080,Safari,en-IN,-330,landscape,Delhi,7950.4,2025-02-28 07:09:18,290,0,normal
user_176,session_1767,Desktop,8,0,0,13,0.0,79,1440x900,Safari,en-US,-330,landscape,Hyderabad,1258.05,2025-04-23 23:07:20,286,0,normal
user_536,session_5364,Mobile,7,15,0,15,0.58,75,360x640,Firefox,en-IN,-330,portrait,Bengaluru,2594.35,2025-04-16 23:42:43,20,0,normal
user_302,session_3026,Desktop,9,15,0,18,0.0,72,1440x900,Firefox,en-IN,-330,landscape,Hyderabad,3506.94,2025-05-23 18:35:18,459,0,normal
user_245,session_2454,Desktop,6,15,0,14,0.0,104,1920x1080,Chrome,en-IN,-330,landscape,Pune,8944.56,2025-04-10 20:38:58,68,0,normal
user_407,session_4074,Mobile,7,5,4,12,0.78,268,360x640,Edge,en-IN,-330,landscape,Pune,3315.93,2025-01-10 09:55:32,58,0,normal
user_473,session_4740,Tablet,2,1,1,7,0.97,136,810x1080,Firefox,en-IN,-330,landscape,Bengaluru,2342.92,2025-05-22 09:27:58,12,0,normal
user_485,session_4856,Desktop,2,10,0,7,0.0,49,1440x900,Safari,en-IN,-330,landscape,Delhi,3910.53,2025-05-20 02:24:16,162,0,normal
user_370,session_3705,Desktop,8,5,0,8,0.0,190,1440x900,Firefox,en-IN,-330,landscape,Pune,8369.82,2025-03-31 10:23:21,562,0,normal
user_561,session_5611,Desktop,8,2,0,14,0.0,90,1366x768,Safari,en-US,-330,landscape,Delhi,3966.25,2025-01-17 22:36:24,170,0,normal
user_36,session_364,Tablet,5,2,4,7,0.9,200,810x1080,Edge,en-IN,-330,landscape,Hyderabad,8579.1,2025-01-13 14:02:38,17,0,normal
user_127,session_1272,Mobile,8,0,2,18,0.75,102,390x844,Chrome,en-US,-330,landscape,Delhi,2318.68,2025-02-09 18:21:22,14,0,normal
user_200,session_2004,Desktop,7,9,0,19,0.0,213,1366x768,Firefox,en-US,-330,landscape,Kolkata,7193.87,2025-03-22 07:36:41,345,0,normal
user_539,session_5395,Mobile,7,15,5,16,0.55,242,360x640,Chrome,en-IN,-330,landscape,Kolkata,96.16,2025-05-07 16:49:01,24,0,normal
user_424,session_4246,Mobile,6,6,3,16,0.31,218,414x896,Firefox,en-IN,-330,landscape,Kolkata,1000.45,2025-04-28 16:16:02,67,0,normal
user_562,session_5624,Desktop,5,8,0,8,0.0,137,1366x768,Safari,en-IN,-330,landscape,Kolkata,896.02,2025-01-15 09:23:05,331,0,normal
user_495,session_4958,Desktop,7,1,0,17,0.0,295,1440x900,Chrome,en-IN,-330,landscape,Bengaluru,5571.13,2025-01-29 16:53:29,235,0,normal
user_34,session_348,Desktop,8,7,0,6,0.0,116,1440x900,Firefox,hi-IN,-330,landscape,Kolkata,3343.25,2025-02-20 10:40:02,280,0,normal
user_335,session_3351,Desktop,9,8,0,16,0.0,259,1440x900,Firefox,en-US,-330,landscape,Ahmedabad,1673.91,2025-01-29 13:47:44,411,0,normal
user_589,session_5896,Mobile,2,14,1,15,0.25,167,360x640,Firefox,en-IN,-330,portrait,Chennai,3627.51,2025-02-17 20:10:20,95,0,normal
user_361,session_3614,Mobile,13,13,3,0,0.76,65,360x640,Chrome,en-IN,-330,portrait,Mumbai,7518.98,2025-02-17 23:47:34,134,1,rat_fraud
user_571,session_5719,Tablet,8,4,8,8,0.46,123,810x1080,Firefox,en-US,-330,portrait,Pune,3454.42,2025-05-28 15:20:19,0,0,normal
user_256,session_2563,Tablet,9,2,0,14,1.1,332,810x1080,Edge,en-US,-330,portrait,Mumbai,1626.95,2025-03-27 09:36:25,50,0,normal
user_302,session_3028,Desktop,7,7,0,30,0.0,132,1440x900,Firefox,en-IN,-330,landscape,Hyderabad,6761.38,2025-05-07 17:14:17,505,0,normal
user_418,session_4181,Tablet,8,6,1,28,0.77,102,768x1024,Chrome,en-IN,-330,landscape,Kolkata,2380.12,2025-01-26 13:35:07,40,0,normal
user_549,session_5499,Desktop,3,12,0,17,0.0,111,1440x900,Chrome,en-IN,-330,landscape,Pune,1795.44,2025-04-23 10:46:41,374,0,normal
user_142,session_1424,Desktop,8,5,0,7,0.0,165,1440x900,Chrome,en-IN,-330,landscape,Chennai,3994.88,2025-02-15 09:51:00,189,0,normal
user_65,session_657,Desktop,6,2,0,16,0.0,108,1920x1080,Edge,en-US,-330,landscape,Kolkata,1022.06,2025-02-22 17:20:07,213,0,normal
user_308,session_3084,Tablet,6,11,2,12,0.67,116,768x1024,Firefox,en-IN,-330,portrait,Bengaluru,1232.3,2025-04-04 21:43:40,69,0,normal
user_552,session_5525,Mobile,9,7,5,14,0.63,131,414x896,Safari,en-US,-330,portrait,Mumbai,689.44,2025-05-13 17:20:02,79,0,normal
user_210,session_2103,Desktop,10,14,0,18,0.0,81,1366x768,Chrome,en-IN,-330,landscape,Kolkata,4421.64,2025-04-03 12:42:55,206,0,normal
user_63,session_633,Mobile,4,10,7,14,0.8,266,360x640,Chrome,en-IN,-330,landscape,Hyderabad,2441.61,2025-01-24 16:59:40,29,0,normal
user_486,session_4861,Desktop,6,8,0,11,0.0,71,1366x768,Edge,hi-IN,-330,landscape,Ahmedabad,3717.68,2025-03-02 07:59:55,605,0,normal
user_249,session_2494,Desktop,10,4,0,9,0.0,329,1440x900,Chrome,en-IN,-330,landscape,Delhi,2580.42,2025-05-16 18:20:02,185,0,normal
user_266,session_2666,Desktop,2,9,0,17,0.0,126,1440x900,Edge,en-IN,-330,landscape,Bengaluru,8241.18,2025-05-22 15:04:25,266,0,normal
user_433,session_4339,Mobile,2,6,7,22,0.66,81,360x640,Firefox,en-IN,-330,portrait,Bengaluru,3176.15,2025-04-17 12:03:36,45,0,normal
user_566,session_5669,Desktop,5,12,0,18,0.0,89,1920x1080,Firefox,en-IN,-330,landscape,Ahmedabad,1128.46,2025-05-15 10:28:17,486,0,normal
user_440,session_4404,Desktop,9,3,0,15,0.0,185,1366x768,Firefox,en-IN,-330,landscape,Kolkata,3805.33,2025-05-20 11:03:22,211,0,normal
user_554,session_5541,Desktop,0,4,0,0,0.0,123,1920x1080,Firefox,en-IN,-330,landscape,Chennai,1755.07,2025-04-11 22:03:50,110,0,normal
user_233,session_2335,Desktop,6,7,0,11,0.0,78,1366x768,Firefox,hi-IN,-330,landscape,Mumbai,2147.86,2025-03-24 15:48:01,23,0,normal
user_354,session_3549,Mobile,0,4,8,20,0.4,142,360x640,Safari,en-IN,-330,portrait,Pune,2577.17,2025-03-22 13:46:30,58,0,normal
user_459,session_4594,Desktop,0,9,0,0,0.0,152,1920x1080,Firefox,en-IN,-330,landscape,Delhi,2077.46,2025-03-27 17:37:42,141,0,normal
user_250,session_2501,Mobile,2,7,3,7,0.8,143,360x640,Safari,en-IN,-330,landscape,Delhi,5455.98,2025-04-26 13:31:12,30,0,normal
user_361,session_3620,Mobile,5,11,10,19,0.26,55,360x640,Chrome,en-IN,-330,landscape,Mumbai,2697.51,2025-02-10 19:43:30,42,0,normal
user_146,session_1466,Desktop,0,4,0,21,0.0,38,1440x900,Firefox,en-IN,-330,landscape,Bengaluru,6602.73,2025-05-28 15:12:09,139,0,normal
user_394,session_3941,Mobile,11,9,10,11,0.63,93,360x640,Firefox,en-IN,-330,landscape,Hyderabad,1372.54,2025-03-14 16:23:30,88,0,normal
user_401,session_4014,Desktop,13,10,0,11,0.0,302,1920x1080,Edge,en-IN,-330,landscape,Hyderabad,4437.55,2025-03-10 17:03:05,497,0,normal
user_540,session_5406,Tablet,3,10,3,22,0.48,219,810x1080,Firefox,hi-IN,-330,portrait,Delhi,5203.09,2025-03-16 18:57:43,47,0,normal
user_11,session_116,Mobile,4,11,11,6,0.25,114,360x640,Chrome,en-IN,-330,landscape,Delhi,8377.84,2025-05-17 15:14:22,19,0,normal
user_182,session_1822,Desktop,9,7,0,28,0.0,210,1920x1080,Chrome,en-US,-330,landscape,Mumbai,2722.11,2025-04-21 18:48:19,331,0,normal
user_149,session_1495,Desktop,6,9,0,26,0.0,75,1920x1080,Chrome,en-IN,-330,landscape,Bengaluru,2369.76,2025-05-18 16:39:56,364,0,normal
user_240,session_2402,Tablet,3,4,6,19,0.82,164,768x1024,Firefox,en-US,-330,portrait,Pune,681.48,2025-01-14 21:42:44,55,0,normal
user_387,session_3875,Desktop,3,7,0,9,0.0,79,1920x1080,Chrome,en-IN,-330,landscape,Delhi,6925.63,2025-02-05 23:53:07,200,0,normal
user_123,session_1233,Mobile,6,3,4,10,0.74,153,390x844,Edge,en-US,-330,portrait,Bengaluru,1506.87,2025-02-09 10:22:05,46,0,normal
user_266,session_2662,Desktop,5,6,0,12,0.0,182,1440x900,Edge,en-IN,-330,landscape,Bengaluru,6371.86,2025-02-15 19:02:55,432,0,normal
user_281,session_2818,Desktop,5,9,0,13,0.0,102,1920x1080,Firefox,en-IN,-330,landscape,Ahmedabad,374.21,2025-02-16 12:01:37,126,0,normal
user_570,session_5701,Desktop,9,11,0,13,0.0,236,1440x900,Safari,en-IN,-330,landscape,Pune,4447.03,2025-02-17 11:09:49,208,0,normal
user_547,session_5479,Desktop,7,16,0,19,0.0,183,1920x1080,Firefox,en-IN,-330,landscape,Ahmedabad,235.73,2025-03-03 10:55:02,283,0,normal
user_115,session_1154,Mobile,4,4,0,3,0.34,63,360x640,Safari,en-IN,-330,portrait,Pune,4333.8,2025-03-27 14:51:57,23,0,normal
user_390,session_3910,Mobile,0,8,8,14,0.4,124,360x640,Edge,en-IN,-330,landscape,Bengaluru,4807.37,2025-02-08 09:17:53,44,0,normal
user_476,session_4761,Desktop,2,2,0,11,0.0,81,1366x768,Chrome,en-IN,-330,landscape,Bengaluru,7244.95,2025-03-03 11:55:16,189,0,normal
user_532,session_5327,Desktop,5,1,0,0,0.0,112,1920x1080,Edge,en-IN,-330,landscape,Chennai,3239.09,2025-03-19 17:29:09,376,0,normal
user_5,session_58,Desktop,4,11,0,17,0.0,92,1366x768,Chrome,en-IN,-330,landscape,Chennai,1752.76,2025-05-12 14:48:58,294,0,normal
user_558,session_5583,Mobile,8,15,10,23,0.58,136,390x844,Firefox,en-IN,-330,landscape,Delhi,3528.2,2025-02-24 10:17:29,29,0,normal
user_388,session_3884,Desktop,10,1,0,12,0.0,62,1366x768,Firefox,hi-IN,-330,landscape,Chennai,7785.41,2025-03-19 09:46:24,363,0,normal
user_306,session_3062,Desktop,10,1,0,12,0.0,47,1440x900,Chrome,en-IN,-330,landscape,Pune,8309.35,2025-05-19 12:21:17,135,0,normal
user_517,session_5180,Desktop,4,11,0,7,0.0,117,1366x768,Safari,en-IN,-330,landscape,Kolkata,4532.98,2025-02-11 09:46:29,240,0,normal
user_593,session_5935,Desktop,6,6,0,13,0.0,185,1440x900,Safari,en-IN,-330,landscape,Pune,2977.99,2025-03-23 18:53:40,334,0,normal
user_173,session_1736,Mobile,8,4,6,14,0.87,193,360x640,Chrome,en-IN,-330,portrait,Kolkata,9111.89,2025-02-14 20:43:38,48,0,normal
user_540,session_5402,Tablet,9,7,6,13,0.25,226,810x1080,Firefox,hi-IN,-330,portrait,Delhi,5730.63,2025-05-07 21:35:44,6,0,normal
user_282,session_2824,Desktop,1,8,0,7,0.0,77,1440x900,Chrome,en-IN,-330,landscape,Kolkata,8449.52,2025-03-04 10:41:21,156,0,normal
user_219,session_2197,Desktop,7,8,0,11,0.0,57,1440x900,Chrome,en-IN,-330,landscape,Chennai,2785.9,2025-02-16 16:17:57,93,0,normal
user_15,session_160,Desktop,4,0,0,15,0.0,227,1440x900,Safari,hi-IN,-330,landscape,Ahmedabad,7535.27,2025-01-07 13:05:39,392,0,normal
user_410,session_4101,Mobile,6,8,7,21,0.55,147,414x896,Edge,en-IN,-330,landscape,Hyderabad,2329.99,2025-03-05 17:24:22,4,0,normal
user_247,session_2476,Tablet,7,6,1,21,0.07,56,768x1024,Firefox,en-IN,-330,portrait,Bengaluru,9689.95,2025-04-06 19:40:48,40,0,normal
user_256,session_2565,Tablet,4,0,5,17,0.88,192,810x1080,Edge,en-US,-330,landscape,Mumbai,2904.06,2025-05-17 16:40:05,64,0,normal
user_429,session_4295,Desktop,6,16,0,16,0.0,177,1440x900,Firefox,en-IN,-330,landscape,Pune,2516.97,2025-03-15 09:43:35,325,0,normal
user_504,session_5050,Desktop,5,8,0,14,0.0,162,1440x900,Firefox,en-IN,-330,landscape,Ahmedabad,1950.39,2025-05-22 08:57:08,182,0,normal
user_413,session_4140,Mobile,8,3,3,22,1.25,31,414x896,Safari,en-IN,-330,landscape,Delhi,6787.49,2025-01-03 08:53:57,27,0,normal
user_260,session_2609,Mobile,8,8,0,16,0.82,43,390x844,Edge,en-IN,-330,portrait,Pune,1037.43,2025-02-18 16:45:08,12,0,normal
user_585,session_5856,Desktop,4,5,0,12,0.0,145,1920x1080,Safari,en-IN,-330,landscape,Mumbai,1191.52,2025-01-31 09:11:58,347,0,normal
user_70,session_708,Desktop,6,0,0,5,0.0,128,1440x900,Edge,en-IN,-330,landscape,Kolkata,2439.31,2025-01-06 16:39:57,285,0,normal
user_304,session_3047,Desktop,7,6,0,24,0.0,73,1440x900,Edge,en-US,-330,landscape,Mumbai,1375.35,2025-01-21 12:06:30,481,0,normal
user_555,session_5555,Desktop,1,9,0,11,0.0,102,1920x1080,Safari,en-IN,-330,landscape,Delhi,9453.74,2025-02-18 16:05:22,227,0,normal
user_109,session_1094,Desktop,3,7,0,12,0.0,151,1366x768,Edge,en-IN,-330,landscape,Ahmedabad,4965.68,2025-04-05 06:02:08,373,0,normal
user_457,session_4575,Mobile,3,11,8,22,0.36,135,360x640,Safari,hi-IN,-330,landscape,Delhi,4703.5,2025-01-15 21:27:55,43,0,normal
user_137,session_1377,Tablet,8,6,1,13,0.81,147,810x1080,Firefox,en-IN,-330,portrait,Delhi,2493.24,2025-01-02 16:30:09,38,0,normal
user_589,session_5898,Mobile,7,8,9,6,0.94,132,360x640,Firefox,en-IN,-330,portrait,Chennai,3372.48,2025-04-05 21:06:44,26,0,normal
user_7,session_73,Desktop,6,4,0,16,0.0,111,1366x768,Edge,en-IN,-330,landscape,Bengaluru,164.32,2025-05-18 16:35:12,162,0,normal
user_192,session_1923,Mobile,6,8,0,5,0.45,133,360x640,Edge,en-IN,-330,landscape,Pune,588.26,2025-05-21 12:14:50,52,0,normal
user_443,session_4439,Desktop,10,9,0,15,0.0,128,1440x900,Chrome,en-IN,-330,landscape,Mumbai,3757.46,2025-03-16 12:43:15,387,0,normal
user_430,session_4306,Mobile,5,10,6,13,1.2,106,414x896,Firefox,en-IN,-330,landscape,Kolkata,5339.89,2025-03-13 15:25:37,51,0,normal
user_176,session_1765,Desktop,2,11,0,16,0.0,52,1440x900,Safari,en-US,-330,landscape,Hyderabad,1058.93,2025-01-07 13:57:10,308,0,normal
user_74,session_744,Desktop,3,5,0,15,0.0,59,1366x768,Firefox,en-IN,-330,landscape,Ahmedabad,2351.88,2025-04-10 04:29:15,510,0,normal
user_407,session_4075,Mobile,6,17,2,22,1.49,264,360x640,Edge,en-IN,-330,portrait,Pune,4325.97,2025-05-28 14:02:13,24,0,normal
user_100,session_1006,Desktop,9,12,0,25,0.0,104,1366x768,Edge,en-IN,-330,landscape,Bengaluru,7649.11,2025-01-03 12:08:12,575,0,normal
user_266,session_2669,Mobile,15,6,0,2,0.0,155,390x844,Firefox,en-IN,-330,landscape,Mumbai,14485.89,2025-04-03 09:08:34,277,1,account_takeover
user_119,session_1191,Desktop,6,9,0,18,0.0,90,1440x900,Safari,en-IN,-330,landscape,Pune,10045.22,2025-02-13 19:49:58,298,0,normal
user_431,session_4317,Desktop,1,10,0,0,0.0,89,1366x768,Safari,en-IN,-330,landscape,Kolkata,7712.07,2025-04-27 10:36:39,372,0,normal
user_260,session_2602,Mobile,6,2,4,24,0.62,57,390x844,Edge,en-IN,-330,landscape,Pune,1062.01,2025-01-15 17:26:56,46,0,normal
user_112,session_1126,Desktop,4,8,0,13,0.0,141,1920x1080,Firefox,en-IN,-330,landscape,Mumbai,723.26,2025-02-18 09:48:39,218,0,normal
user_124,session_1242,Mobile,3,1,8,2,0.0,169,360x640,Chrome,en-IN,-330,landscape,Mumbai,8770.81,2025-02-10 20:20:45,36,0,normal
user_403,session_4038,Mobile,10,8,0,13,0.74,174,390x844,Edge,en-IN,-330,portrait,Ahmedabad,3022.71,2025-02-20 14:58:02,23,0,normal
user_537,session_5373,Desktop,10,5,0,17,0.0,62,1440x900,Edge,en-IN,-330,landscape,Pune,11142.32,2025-02-27 12:47:00,325,0,normal
user_494,session_4945,Mobile,8,10,4,9,0.5,91,390x844,Edge,en-IN,-330,landscape,Hyderabad,327.23,2025-01-08 10:54:26,61,0,normal
user_565,session_5652,Desktop,7,0,0,23,0.0,114,1440x900,Edge,en-US,-330,landscape,Pune,2827.95,2025-01-07 10:10:55,341,0,normal
user_335,session_3352,Desktop,8,16,0,15,0.0,194,1440x900,Firefox,en-US,-330,landscape,Ahmedabad,806.05,2025-04-19 14:19:16,597,0,normal
user_99,session_999,Mobile,10,11,7,10,1.16,141,360x640,Chrome,en-IN,-330,portrait,Pune,490.45,2025-05-03 16:53:46,57,0,normal
user_446,session_4462,Desktop,8,12,0,24,0.0,198,1920x1080,Safari,hi-IN,-330,landscape,Bengaluru,6739.31,2025-02-25 12:12:35,496,0,normal
user_382,session_3825,Desktop,11,8,0,11,0.0,172,1920x1080,Edge,en-IN,-330,landscape,Pune,1480.08,2025-01-13 16:11:13,470,0,normal
user_403,session_4032,Mobile,1,11,6,15,0.61,239,390x844,Edge,en-IN,-330,landscape,Ahmedabad,4022.44,2025-02-16 14:55:30,72,0,normal
user_268,session_2685,Desktop,5,1,0,15,0.0,250,1440x900,Edge,en-US,-330,landscape,Mumbai,3200.39,2025-02-07 22:13:35,104,0,normal
user_519,session_5195,Desktop,7,11,0,9,0.0,286,1366x768,Firefox,en-IN,-330,landscape,Chennai,4872.16,2025-02-20 18:17:34,339,0,normal
user_157,session_1578,Desktop,6,7,4,4,0.34,143,1440x900,Firefox,en-IN,-330,portrait,Chennai,18098.26,2025-04-26 17:46:25,31,1,account_takeover
user_390,session_3907,Mobile,5,7,12,11,1.13,89,360x640,Edge,en-IN,-330,portrait,Bengaluru,4623.65,2025-01-07 09:20:04,67,0,normal
user_372,session_3730,Desktop,0,8,0,18,0.0,85,1366x768,Edge,en-IN,-330,landscape,Mumbai,6774.09,2025-01-23 09:25:25,461,0,normal
user_366,session_3669,Mobile,10,1,0,11,0.31,76,390x844,Edge,en-IN,-330,portrait,Chennai,3528.53,2025-01-29 05:27:34,41,0,normal
user_574,session_5743,Tablet,5,0,11,13,1.71,68,768x1024,Firefox,en-IN,-330,portrait,Ahmedabad,4541.48,2025-04-02 08:36:03,31,0,normal
user_182,session_1827,Desktop,5,4,0,20,0.0,276,1920x1080,Chrome,en-US,-330,landscape,Mumbai,7253.01,2025-02-07 15:40:26,272,0,normal
user_134,session_1344,Desktop,4,12,0,16,0.0,194,1920x1080,Edge,en-IN,-330,landscape,Pune,2603.52,2025-03-14 18:03:09,330,0,normal
user_598,session_5984,Mobile,4,11,9,8,1.14,230,390x844,Edge,en-IN,-330,portrait,Kolkata,3925.91,2025-01-12 05:04:40,47,0,normal
user_514,session_5147,Mobile,6,9,3,12,1.17,294,414x896,Chrome,en-IN,-330,portrait,Hyderabad,3936.92,2025-03-14 15:37:53,16,0,normal
user_495,session_4952,Desktop,11,1,0,1,0.0,135,1440x900,Chrome,en-IN,-330,landscape,Bengaluru,29956.41,2025-04-05 15:17:40,126,1,rat_fraud
user_44,session_441,Desktop,6,13,0,28,0.0,56,1920x1080,Safari,en-IN,-330,landscape,Ahmedabad,9503.23,2025-03-17 10:13:06,538,0,normal
user_594,session_5941,Desktop,6,3,0,16,0.0,109,1366x768,Firefox,en-IN,-330,landscape,Delhi,434.35,2025-01-04 20:36:30,104,0,normal
user_110,session_1101,Desktop,7,5,0,10,0.0,111,1920x1080,Firefox,en-IN,-330,landscape,Chennai,4900.53,2025-01-13 15:42:05,368,0,normal
user_263,session_2638,Mobile,1,1,9,14,0.6,131,390x844,Firefox,hi-IN,-330,portrait,Chennai,7307.47,2025-01-04 11:11:47,51,0,normal
user_421,session_4218,Desktop,4,8,0,11,0.0,72,1440x900,Safari,en-IN,-330,landscape,Hyderabad,1461.64,2025-03-14 23:28:08,351,0,normal
user_64,session_650,Desktop,4,11,0,6,0.0,269,1366x768,Edge,en-IN,-330,landscape,Mumbai,139.86,2025-05-15 23:07:56,272,0,normal
user_154,session_1547,Desktop,2,10,0,7,0.0,68,1366x768,Chrome,en-IN,-330,landscape,Pune,1380.87,2025-03-22 16:54:54,315,0,normal
user_323,session_3232,Mobile,8,12,7,21,0.86,239,360x640,Safari,en-US,-330,portrait,Delhi,5055.85,2025-03-04 18:33:15,27,0,normal
user_449,session_4491,Mobile,8,12,3,12,0.59,47,390x844,Edge,en-IN,-330,portrait,Ahmedabad,916.7,2025-01-06 23:10:17,55,0,normal
user_455,session_4557,Desktop,5,2,0,13,0.0,306,1920x1080,Firefox,en-US,-330,landscape,Ahmedabad,7417.29,2025-02-02 19:06:34,280,0,normal
user_457,session_4574,Mobile,6,13,4,14,0.74,231,360x640,Safari,hi-IN,-330,portrait,Delhi,3915.58,2025-04-06 23:16:31,39,0,normal
user_414,session_4146,Desktop,3,7,0,16,0.0,323,1920x1080,Edge,hi-IN,-330,landscape,Chennai,631.55,2025-02-26 18:23:58,3,0,normal
user_285,session_2853,Mobile,4,9,11,5,0.7,76,390x844,Safari,hi-IN,-330,portrait,Pune,2771.59,2025-05-14 21:15:54,71,0,normal
user_350,session_3504,Desktop,13,12,0,1,0.0,8,1920x1080,Firefox,en-IN,-330,landscape,Delhi,2401.15,2025-01-07 23:20:07,234,0,normal
user_538,session_5385,Mobile,9,8,0,17,0.14,96,414x896,Safari,en-US,-330,landscape,Ahmedabad,3599.04,2025-01-30 10:48:49,50,0,normal
user_469,session_4691,Desktop,1,6,0,12,0.0,127,1440x900,Chrome,en-IN,-330,landscape,Ahmedabad,3523.82,2025-05-22 22:24:09,59,0,normal
user_63,session_631,Mobile,3,2,0,20,1.05,238,360x640,Chrome,en-IN,-330,landscape,Hyderabad,3085.92,2025-03-26 19:19:46,42,0,normal
user_67,session_673,Desktop,6,9,0,17,0.0,184,1920x1080,Firefox,en-US,-330,landscape,Kolkata,1773.23,2025-03-18 19:31:03,411,0,normal
user_124,session_1250,Mobile,5,5,4,6,0.61,220,360x640,Chrome,en-IN,-330,portrait,Mumbai,2461.96,2025-05-15 22:21:40,30,0,normal
user_408,session_4088,Mobile,3,2,5,24,1.11,122,414x896,Firefox,en-IN,-330,portrait,Ahmedabad,559.92,2025-02-14 18:59:36,58,0,normal
user_48,session_483,Desktop,4,3,0,16,0.0,92,1440x900,Safari,en-IN,-330,landscape,Hyderabad,3302.8,2025-04-03 11:21:36,351,0,normal
user_158,session_1585,Desktop,3,9,0,9,0.0,178,1366x768,Firefox,en-IN,-330,landscape,Ahmedabad,2852.9,2025-05-29 14:37:19,290,0,normal
user_423,session_4234,Desktop,7,6,0,15,0.0,24,1440x900,Chrome,en-US,-330,landscape,Hyderabad,8624.4,2025-05-14 09:59:00,441,0,normal
user_554,session_5544,Desktop,3,2,0,3,0.0,185,1920x1080,Firefox,en-IN,-330,landscape,Chennai,3029.89,2025-03-26 23:56:18,267,0,normal
user_420,session_4205,Desktop,6,2,0,17,0.0,213,1366x768,Safari,en-IN,-330,landscape,Mumbai,1848.59,2025-01-13 13:39:30,155,0,normal
user_146,session_1463,Desktop,9,10,0,3,0.0,57,1440x900,Firefox,en-IN,-330,landscape,Bengaluru,8312.15,2025-04-28 08:44:18,357,0,normal
user_304,session_3041,Desktop,9,12,0,16,0.0,24,1440x900,Edge,en-US,-330,landscape,Mumbai,5950.29,2025-05-07 11:59:40,335,0,normal
user_447,session_4471,Tablet,6,6,4,25,0.0,97,768x1024,Firefox,hi-IN,-330,portrait,Mumbai,1460.06,2025-01-13 15:48:52,24,0,normal
user_481,session_4811,Desktop,7,2,0,7,0.0,143,1920x1080,Firefox,hi-IN,-330,landscape,Hyderabad,1413.44,2025-01-18 06:03:52,560,0,normal
user_461,session_4611,Desktop,7,6,0,18,0.0,228,1440x900,Edge,en-IN,-330,landscape,Ahmedabad,1664.39,2025-02-07 15:29:58,429,0,normal
user_597,session_5973,Tablet,3,9,1,11,0.88,244,768x1024,Safari,en-IN,-330,portrait,Hyderabad,7817.82,2025-05-26 11:24:17,62,0,normal
user_327,session_3274,Desktop,4,0,0,9,0.0,55,1440x900,Safari,en-IN,-330,landscape,Bengaluru,3874.71,2025-03-04 14:00:59,71,0,normal
user_323,session_3239,Mobile,12,5,2,21,0.12,287,360x640,Safari,en-US,-330,portrait,Delhi,6275.14,2025-02-18 17:10:56,14,0,normal
user_313,session_3132,Mobile,3,6,6,9,1.16,103,414x896,Edge,en-IN,-330,landscape,Ahmedabad,3792.63,2025-04-23 22:54:21,31,0,normal
user_368,session_3684,Desktop,9,14,0,3,0.0,99,1440x900,Chrome,en-IN,-330,landscape,Delhi,925.31,2025-03-04 21:42:23,429,0,normal
user_257,session_2579,Mobile,4,5,11,25,1.28,108,390x844,Firefox,en-IN,-330,landscape,Pune,8517.18,2025-03-07 11:59:58,20,0,normal
user_541,session_5411,Desktop,4,11,0,12,0.0,65,1366x768,Chrome,en-US,-330,landscape,Kolkata,1034.17,2025-01-07 16:30:23,398,0,normal
user_4,session_50,Desktop,1,15,0,17,0.0,137,1440x900,Chrome,en-IN,-330,landscape,Hyderabad,1709.57,2025-01-27 16:06:59,497,0,normal
user_512,session_5126,Desktop,0,1,0,21,0.0,73,1440x900,Chrome,hi-IN,-330,landscape,Chennai,2678.2,2025-04-20 11:00:15,45,0,normal
user_421,session_4217,Desktop,9,7,0,29,0.0,66,1440x900,Safari,en-IN,-330,landscape,Hyderabad,2678.39,2025-01-30 22:47:41,390,0,normal
user_85,session_859,Tablet,5,10,7,14,0.37,94,768x1024,Edge,en-IN,-330,portrait,Mumbai,6253.73,2025-01-29 12:37:53,57,0,normal
user_322,session_3226,Desktop,6,9,0,12,0.0,99,1920x1080,Edge,en-IN,-330,landscape,Hyderabad,1578.95,2025-01-25 09:29:22,410,0,normal
user_107,session_1073,Mobile,6,8,4,14,0.13,123,390x844,Chrome,en-IN,-330,landscape,Kolkata,2619.35,2025-03-14 10:00:22,20,0,normal
user_71,session_720,Tablet,3,5,2,22,0.35,293,810x1080,Firefox,en-IN,-330,landscape,Bengaluru,11265.13,2025-05-11 10:10:34,35,0,normal
user_219,session_2200,Desktop,4,10,0,19,0.0,23,1440x900,Chrome,en-IN,-330,landscape,Chennai,3040.93,2025-01-20 16:43:14,328,0,normal
user_263,session_2632,Mobile,3,2,2,10,0.19,211,390x844,Firefox,hi-IN,-330,portrait,Chennai,7978.6,2025-04-25 11:56:09,68,0,normal
user_584,session_5849,Mobile,5,4,1,14,1.02,95,414x896,Edge,en-IN,-330,portrait,Mumbai,2319.45,2025-04-11 11:13:46,18,0,normal
user_166,session_1661,Desktop,11,12,0,17,0.0,217,1366x768,Chrome,hi-IN,-330,landscape,Ahmedabad,8947.4,2025-01-18 18:28:03,552,0,normal
user_165,session_1657,Tablet,4,8,2,8,0.76,94,810x1080,Edge,en-IN,-330,portrait,Pune,4826.94,2025-05-17 23:14:35,31,0,normal
user_242,session_2426,Mobile,6,13,3,21,0.52,83,390x844,Chrome,en-IN,-330,portrait,Delhi,10339.35,2025-03-06 19:47:37,45,0,normal
user_552,session_5527,Mobile,3,0,6,26,0.76,167,414x896,Safari,en-US,-330,portrait,Mumbai,531.09,2025-01-29 11:29:34,36,0,normal
user_505,session_5055,Desktop,4,4,0,13,0.0,198,1920x1080,Chrome,en-IN,-330,landscape,Delhi,581.34,2025-03-04 06:15:07,243,0,normal
user_596,session_5966,Tablet,4,4,4,5,0.83,165,810x1080,Safari,en-IN,-330,portrait,Delhi,1192.4,2025-01-13 16:59:44,32,0,normal
user_440,session_4405,Desktop,7,1,0,13,0.0,240,1366x768,Firefox,en-IN,-330,landscape,Kolkata,3632.56,2025-05-01 10:58:38,234,0,normal
user_309,session_3098,Mobile,4,7,4,9,0.34,50,360x640,Chrome,en-IN,-330,landscape,Mumbai,1378.76,2025-02-27 16:34:42,20,0,normal
user_397,session_3977,Mobile,0,8,3,20,0.82,57,390x844,Safari,en-IN,-330,portrait,Mumbai,2390.08,2025-03-16 06:04:27,35,0,normal
user_536,session_5367,Mobile,2,3,5,7,0.49,167,360x640,Firefox,en-IN,-330,portrait,Bengaluru,2820.52,2025-02-03 18:19:08,37,0,normal
user_587,session_5878,Desktop,7,11,0,14,0.0,233,1440x900,Chrome,en-IN,-330,landscape,Bengaluru,6212.15,2025-04-19 14:59:11,373,0,normal
user_569,session_5698,Desktop,4,10,0,18,0.0,178,1920x1080,Firefox,en-IN,-330,landscape,Ahmedabad,554.84,2025-01-09 12:36:08,357,0,normal
user_318,session_3190,Tablet,9,6,1,13,0.57,100,810x1080,Safari,en-IN,-330,portrait,Hyderabad,5915.28,2025-04-29 20:47:57,37,0,normal
user_398,session_3990,Desktop,9,5,0,6,0.0,236,1920x1080,Safari,en-IN,-330,landscape,Pune,252.65,2025-02-15 16:28:51,487,0,normal
user_293,session_2935,Desktop,10,10,0,22,0.0,215,1920x1080,Firefox,en-IN,-330,landscape,Chennai,298.77,2025-03-17 18:08:55,437,0,normal
user_494,session_4941,Mobile,3,4,4,21,0.64,125,390x844,Edge,en-IN,-330,landscape,Hyderabad,248.39,2025-03-15 07:32:34,28,0,normal
user_425,session_4258,Desktop,6,3,0,16,0.0,101,1366x768,Chrome,hi-IN,-330,landscape,Mumbai,7293.27,2025-02-08 19:31:07,244,0,normal
user_260,session_2607,Mobile,4,2,2,16,0.27,157,390x844,Edge,en-IN,-330,landscape,Pune,1386.93,2025-02-17 16:15:50,40,0,normal
user_138,session_1386,Desktop,5,9,0,16,0.0,93,1366x768,Chrome,en-IN,-330,landscape,Mumbai,4221.97,2025-05-14 15:19:08,274,0,normal
user_557,session_5572,Desktop,3,1,0,20,0.0,195,1366x768,Firefox,en-US,-330,landscape,Chennai,2621.1,2025-02-25 13:46:50,346,0,normal
user_139,session_1400,Tablet,8,1,7,17,0.0,78,768x1024,Chrome,en-IN,-330,landscape,Hyderabad,1562.17,2025-04-15 18:40:13,26,0,normal
user_119,session_1196,Desktop,13,8,0,19,0.0,64,1440x900,Safari,en-IN,-330,landscape,Pune,9117.5,2025-05-13 13:16:53,268,0,normal
user_140,session_1409,Mobile,11,11,3,16,0.64,189,360x640,Edge,hi-IN,-330,landscape,Mumbai,842.68,2025-01-01 20:12:13,26,0,normal
user_184,session_1846,Desktop,3,14,0,18,0.0,167,1440x900,Firefox,en-IN,-330,landscape,Bengaluru,6162.85,2025-05-16 13:10:41,178,0,normal
user_179,session_1799,Desktop,3,10,0,21,0.0,152,1366x768,Chrome,en-US,-330,landscape,Pune,1086.79,2025-01-13 12:12:10,422,0,normal
user_395,session_3958,Mobile,1,8,2,7,0.99,116,360x640,Chrome,en-IN,-330,portrait,Ahmedabad,7566.82,2025-05-14 18:23:55,43,0,normal
user_147,session_1476,Mobile,12,3,0,11,0.45,130,390x844,Safari,en-IN,-330,landscape,Kolkata,4592.28,2025-04-02 18:14:14,24,0,normal
user_521,session_5219,Tablet,8,9,4,20,1.03,19,810x1080,Firefox,en-IN,-330,landscape,Chennai,12109.95,2025-02-14 17:18:55,47,0,normal
user_3,session_36,Mobile,8,9,3,10,0.69,213,390x844,Firefox,hi-IN,-330,portrait,Bengaluru,1701.97,2025-01-05 14:50:57,24,0,normal
user_486,session_4865,Desktop,9,12,0,23,0.0,75,1366x768,Edge,hi-IN,-330,landscape,Ahmedabad,3703.49,2025-01-03 13:21:15,180,0,normal
user_234,session_2346,Desktop,4,17,0,18,0.0,213,1920x1080,Edge,en-US,-330,landscape,Delhi,6721.91,2025-02-28 19:50:07,375,0,normal
user_44,session_445,Desktop,7,10,0,13,0.0,70,1920x1080,Safari,en-IN,-330,landscape,Ahmedabad,12677.73,2025-01-19 10:45:20,399,0,normal
user_535,session_5357,Tablet,10,6,2,23,0.64,131,810x1080,Safari,en-IN,-330,portrait,Kolkata,2521.81,2025-01-18 14:53:11,28,0,normal
user_331,session_3313,Mobile,6,3,5,4,0.64,240,414x896,Firefox,en-IN,-330,landscape,Pune,2449.91,2025-04-13 12:22:50,44,0,normal
user_235,session_2360,Desktop,6,5,0,18,0.0,26,1440x900,Safari,en-IN,-330,landscape,Bengaluru,10210.35,2025-05-07 13:29:47,180,0,normal
user_300,session_3007,Tablet,0,8,9,14,1.15,84,810x1080,Chrome,en-US,-330,landscape,Hyderabad,2740.13,2025-05-18 23:58:04,18,0,normal
user_365,session_3655,Desktop,6,10,0,9,0.0,56,1920x1080,Edge,en-IN,-330,landscape,Bengaluru,1094.64,2025-03-02 16:22:42,290,0,normal
user_220,session_2207,Tablet,2,4,6,8,0.61,103,810x1080,Firefox,en-IN,-330,portrait,Bengaluru,1200.88,2025-02-22 11:51:44,48,0,normal
user_432,session_4328,Desktop,3,11,0,14,0.0,161,1366x768,Chrome,en-IN,-330,landscape,Delhi,638.37,2025-04-25 20:31:08,411,0,normal
user_513,session_5133,Desktop,3,6,0,9,0.0,168,1920x1080,Safari,en-US,-330,landscape,Kolkata,2780.8,2025-04-24 16:43:48,281,0,normal
user_365,session_3658,Desktop,8,13,0,13,0.0,142,1920x1080,Edge,en-IN,-330,landscape,Bengaluru,1356.23,2025-01-27 15:30:42,463,0,normal
user_317,session_3180,Desktop,8,9,0,16,0.0,153,1920x1080,Edge,en-IN,-330,landscape,Kolkata,6509.87,2025-03-27 16:21:23,384,0,normal
user_342,session_3423,Desktop,5,9,0,4,0.0,179,1440x900,Edge,en-IN,-330,landscape,Chennai,6263.97,2025-05-24 16:50:13,137,0,normal
user_128,session_1287,Desktop,7,12,0,23,0.0,155,1366x768,Firefox,en-US,-330,landscape,Pune,1873.35,2025-03-06 14:27:52,515,0,normal
user_444,session_4446,Mobile,10,7,0,12,0.0,291,390x844,Safari,en-IN,-330,landscape,Mumbai,11296.5,2025-01-13 06:46:35,296,1,account_takeover
user_34,session_350,Desktop,8,7,0,26,0.0,160,1440x900,Firefox,hi-IN,-330,landscape,Kolkata,5197.93,2025-01-30 05:10:20,321,0,normal
user_341,session_3417,Tablet,3,2,4,0,0.1,127,768x1024,Firefox,en-IN,-330,portrait,Ahmedabad,987.06,2025-04-16 15:15:46,18,0,normal
user_213,session_2138,Desktop,7,8,0,7,0.0,277,1366x768,Chrome,en-IN,-330,landscape,Hyderabad,9939.3,2025-01-27 12:40:52,288,0,normal
user_269,session_2692,Desktop,0,6,0,12,0.0,186,1440x900,Chrome,en-IN,-330,landscape,Hyderabad,2119.65,2025-04-19 09:31:43,391,0,normal
user_263,session_2637,Mobile,1,15,6,9,0.33,323,390x844,Firefox,hi-IN,-330,portrait,Chennai,5019.27,2025-01-26 12:46:03,41,0,normal
user_401,session_4017,Desktop,6,5,0,25,0.0,259,1920x1080,Edge,en-IN,-330,landscape,Hyderabad,3101.25,2025-05-23 13:35:57,183,0,normal
user_168,session_1682,Desktop,5,3,0,15,0.0,181,1920x1080,Safari,en-IN,-330,landscape,Bengaluru,6057.63,2025-04-18 12:01:39,466,0,normal
user_543,session_5433,Desktop,1,8,0,17,0.0,110,1366x768,Edge,en-IN,-330,landscape,Mumbai,2232.94,2025-04-05 10:14:37,290,0,normal
user_169,session_1693,Desktop,9,5,0,18,0.0,263,1366x768,Safari,en-IN,-330,landscape,Mumbai,1066.39,2025-05-05 14:04:51,420,0,normal
user_442,session_4425,Desktop,2,0,0,20,0.0,64,1366x768,Chrome,en-IN,-330,landscape,Mumbai,244.74,2025-04-23 16:05:09,287,0,normal
user_477,session_4777,Desktop,6,3,0,14,0.0,231,1920x1080,Chrome,en-US,-330,landscape,Ahmedabad,679.45,2025-03-30 12:44:08,248,0,normal
user_363,session_3636,Mobile,5,9,8,26,1.39,82,390x844,Edge,en-IN,-330,landscape,Mumbai,6428.76,2025-05-27 08:46:51,34,0,normal
user_37,session_373,Mobile,5,6,10,11,0.99,104,360x640,Safari,en-IN,-330,portrait,Delhi,4653.42,2025-05-26 16:48:56,51,0,normal
user_460,session_4605,Mobile,11,7,8,6,1.03,44,390x844,Edge,en-IN,-330,portrait,Ahmedabad,5804.05,2025-03-24 16:48:36,53,0,normal
user_14,session_141,Mobile,6,15,7,16,0.35,251,414x896,Safari,en-IN,-330,landscape,Delhi,907.11,2025-05-13 16:50:19,38,0,normal
user_559,session_5591,Mobile,10,8,7,24,0.43,107,414x896,Safari,en-US,-330,portrait,Mumbai,4069.9,2025-01-18 09:36:41,56,0,normal
user_71,session_715,Tablet,2,6,2,16,0.79,188,810x1080,Firefox,en-IN,-330,landscape,Bengaluru,6242.72,2025-02-01 17:30:39,41,0,normal
user_318,session_3189,Tablet,5,6,6,15,0.2,67,810x1080,Safari,en-IN,-330,portrait,Hyderabad,5904.84,2025-02-23 20:41:37,27,0,normal
user_539,session_5400,Mobile,6,10,4,24,0.3,240,360x640,Chrome,en-IN,-330,portrait,Kolkata,2656.66,2025-02-04 13:21:54,35,0,normal
user_418,session_4190,Tablet,6,9,7,14,1.39,89,768x1024,Chrome,en-IN,-330,portrait,Kolkata,3219.5,2025-02-27 10:44:27,53,0,normal
user_40,session_407,Desktop,8,12,0,19,0.0,149,1920x1080,Edge,en-IN,-330,landscape,Ahmedabad,1797.44,2025-01-17 09:18:37,354,0,normal
user_2,session_21,Mobile,2,8,4,15,0.84,237,414x896,Safari,en-IN,-330,portrait,Mumbai,4950.38,2025-04-30 17:02:25,54,0,normal
user_100,session_1005,Desktop,13,2,0,7,0.0,120,1366x768,Edge,en-IN,-330,landscape,Bengaluru,7993.61,2025-01-14 11:48:51,573,0,normal
user_241,session_2412,Desktop,1,6,0,18,0.0,157,1440x900,Firefox,en-IN,-330,landscape,Chennai,4942.12,2025-02-27 15:50:35,394,0,normal
user_254,session_2546,Desktop,5,6,0,17,0.0,409,1920x1080,Safari,en-IN,-330,landscape,Mumbai,9516.76,2025-03-15 19:21:27,380,0,normal
user_239,session_2391,Desktop,3,6,0,16,0.0,55,1920x1080,Firefox,hi-IN,-330,landscape,Pune,5283.04,2025-03-23 09:28:12,341,0,normal
user_481,session_4819,Desktop,2,11,0,8,0.0,101,1920x1080,Firefox,hi-IN,-330,landscape,Hyderabad,643.45,2025-04-09 11:44:30,249,0,normal
user_4,session_43,Desktop,15,6,0,16,0.0,15,1440x900,Chrome,en-IN,-330,landscape,Hyderabad,8000.0,2025-05-21 01:00:38,164,1,odd_hour_drain
user_283,session_2831,Desktop,2,16,0,5,0.0,220,1366x768,Chrome,en-IN,-330,landscape,Kolkata,5380.0,2025-02-07 11:15:39,122,0,normal
user_337,session_3372,Mobile,7,6,1,17,0.33,157,390x844,Safari,en-IN,-330,portrait,Hyderabad,426.63,2025-03-20 14:37:48,53,0,normal
user_302,session_3023,Desktop,4,10,0,23,0.0,163,1440x900,Firefox,en-IN,-330,landscape,Hyderabad,4883.97,2025-01-17 20:09:47,374,0,normal
user_336,session_3365,Desktop,2,4,0,16,0.0,47,1440x900,Chrome,en-US,-330,landscape,Bengaluru,1318.72,2025-04-08 18:01:27,302,0,normal
user_1,session_12,Mobile,11,2,6,17,1.55,115,390x844,Firefox,en-IN,-330,landscape,Delhi,5101.16,2025-05-02 16:07:49,25,0,normal
user_117,session_1178,Desktop,6,0,0,4,0.0,175,1440x900,Firefox,en-IN,-330,landscape,Mumbai,2056.3,2025-04-07 09:08:29,226,0,normal
user_194,session_1948,Desktop,3,12,0,12,0.0,263,1920x1080,Safari,hi-IN,-330,landscape,Mumbai,6218.88,2025-05-29 15:17:13,354,0,normal
user_250,session_2502,Mobile,6,9,1,8,0.61,162,360x640,Safari,en-IN,-330,landscape,Delhi,10135.1,2025-01-04 14:42:31,25,0,normal
user_286,session_2864,Desktop,9,8,0,11,0.0,101,1440x900,Firefox,hi-IN,-330,landscape,Mumbai,10614.27,2025-02-17 19:06:01,128,0,normal
user_386,session_3866,Mobile,8,0,4,4,0.73,241,390x844,Safari,en-IN,-330,portrait,Pune,7947.14,2025-01-13 06:30:12,55,0,normal
user_102,session_1027,Desktop,6,8,0,12,0.0,239,1366x768,Safari,en-US,-330,landscape,Chennai,3381.23,2025-02-18 16:57:22,280,0,normal
user_384,session_3849,Mobile,3,2,2,11,0.27,72,414x896,Chrome,en-US,-330,landscape,Hyderabad,3351.54,2025-02-23 12:09:25,18,0,normal
user_298,session_2990,Mobile,6,1,5,4,0.87,27,390x844,Chrome,en-IN,-330,landscape,Pune,1591.57,2025-03-29 09:07:38,15,0,normal
user_96,session_962,Tablet,5,10,4,10,0.83,163,768x1024,Safari,en-US,-330,landscape,Hyderabad,6096.59,2025-01-31 05:14:19,50,0,normal
user_288,session_2890,Tablet,7,3,8,3,0.9,77,768x1024,Edge,hi-IN,-330,landscape,Kolkata,6750.33,2025-04-10 19:08:16,40,0,normal
user_301,session_3016,Desktop,5,2,0,6,0.0,230,1366x768,Chrome,en-IN,-330,landscape,Pune,5901.16,2025-04-06 23:01:03,249,0,normal
user_333,session_3339,Desktop,1,13,0,5,0.0,64,1440x900,Edge,en-IN,-330,landscape,Ahmedabad,3646.39,2025-04-15 18:17:31,247,0,normal
user_423,session_4231,Desktop,4,12,0,16,0.0,48,1440x900,Chrome,en-US,-330,landscape,Hyderabad,6015.95,2025-03-14 11:52:58,327,0,normal
user_73,session_736,Desktop,1,6,0,24,0.0,201,1920x1080,Firefox,en-IN,-330,landscape,Chennai,3894.49,2025-04-17 10:37:26,166,0,normal
user_144,session_1441,Tablet,2,6,2,6,0.74,8,768x1024,Chrome,en-US,-330,landscape,Hyderabad,1337.62,2025-03-12 08:25:26,40,0,normal
user_287,session_2876,Tablet,5,1,0,1,0.48,195,810x1080,Safari,en-IN,-330,portrait,Delhi,4324.6,2025-04-14 18:02:10,39,0,normal
user_398,session_3987,Desktop,5,6,0,10,0.0,186,1920x1080,Safari,en-IN,-330,landscape,Pune,761.18,2025-04-28 17:50:30,420,0,normal
user_91,session_917,Desktop,8,12,0,15,0.0,131,1366x768,Chrome,en-IN,-330,landscape,Kolkata,6827.87,2025-03-24 17:19:35,314,0,normal
user_500,session_5003,Tablet,2,19,0,9,0.57,90,810x1080,Firefox,en-IN,-330,landscape,Ahmedabad,639.42,2025-05-24 09:32:40,36,0,normal
user_408,session_4090,Mobile,6,10,4,11,0.25,104,414x896,Firefox,en-IN,-330,landscape,Ahmedabad,776.57,2025-04-01 23:47:06,5,0,normal
user_554,session_5542,Desktop,0,9,0,15,0.0,157,1920x1080,Firefox,en-IN,-330,landscape,Chennai,2588.85,2025-05-17 20:01:07,0,0,normal
user_468,session_4686,Mobile,0,1,2,15,0.38,138,414x896,Safari,en-US,-330,landscape,Delhi,6485.57,2025-01-27 20:33:09,12,0,normal
user_277,session_2773,Desktop,4,3,6,1,0.01,141,1920x1080,Safari,en-IN,-330,landscape,Kolkata,4090.43,2025-03-28 18:06:17,24,1,account_takeover
user_162,session_1625,Desktop,0,5,0,10,0.0,173,1920x1080,Safari,en-IN,-330,landscape,Ahmedabad,6205.52,2025-05-17 21:28:18,342,0,normal
user_566,session_5670,Desktop,8,12,0,7,0.0,52,1920x1080,Firefox,en-IN,-330,landscape,Ahmedabad,683.75,2025-04-16 07:35:42,444,0,normal
user_82,session_822,Mobile,4,10,7,19,1.54,231,414x896,Chrome,en-IN,-330,landscape,Pune,5275.34,2025-05-28 14:46:50,49,0,normal
user_136,session_1368,Desktop,10,5,0,16,0.0,132,1440x900,Safari,en-IN,-330,landscape,Pune,3055.59,2025-01-23 05:29:48,417,0,normal
user_371,session_3713,Desktop,5,6,0,9,0.0,91,1366x768,Chrome,en-IN,-330,landscape,Kolkata,5659.43,2025-01-26 16:08:22,221,0,normal
user_599,session_5999,Tablet,7,8,1,18,0.04,115,810x1080,Edge,en-IN,-330,portrait,Kolkata,1782.75,2025-05-17 06:43:33,52,0,normal
user_85,session_851,Tablet,0,14,5,17,0.32,124,768x1024,Edge,en-IN,-330,landscape,Mumbai,3246.38,2025-05-22 09:23:42,54,0,normal
user_100,session_1001,Desktop,12,17,0,21,0.0,138,1366x768,Edge,en-IN,-330,landscape,Bengaluru,3588.63,2025-04-08 09:05:26,377,0,normal
user_465,session_4653,Mobile,6,13,5,10,0.48,118,390x844,Chrome,en-IN,-330,portrait,Bengaluru,4575.23,2025-03-12 14:03:58,16,0,normal
user_411,session_4115,Desktop,5,3,0,3,0.0,169,1440x900,Safari,en-IN,-330,landscape,Chennai,6859.51,2025-01-29 12:42:15,194,0,normal
user_163,session_1638,Tablet,9,9,3,6,0.6,154,810x1080,Firefox,en-IN,-330,landscape,Kolkata,8568.47,2025-05-15 12:53:49,25,0,normal
user_166,session_1668,Desktop,4,5,0,33,0.0,161,1366x768,Chrome,hi-IN,-330,landscape,Ahmedabad,7125.73,2025-01-24 18:39:36,344,0,normal
user_317,session_3174,Desktop,7,10,0,16,0.0,152,1920x1080,Edge,en-IN,-330,landscape,Kolkata,3866.58,2025-02-06 15:13:49,564,0,normal
user_456,session_4561,Desktop,7,11,0,24,0.0,227,1366x768,Firefox,en-IN,-330,landscape,Pune,2804.54,2025-04-02 12:30:55,321,0,normal
user_134,session_1348,Desktop,4,13,0,13,0.0,178,1920x1080,Edge,en-IN,-330,landscape,Pune,2213.58,2025-01-07 18:42:40,323,0,normal
user_572,session_5721,Tablet,6,7,10,24,0.6,65,810x1080,Safari,en-IN,-330,landscape,Kolkata,4714.0,2025-02-08 13:56:40,10,0,normal
user_323,session_3231,Mobile,3,1,5,3,0.17,250,360x640,Safari,en-US,-330,landscape,Delhi,10229.91,2025-05-20 20:04:04,58,0,normal
user_421,session_4211,Desktop,4,12,0,19,0.0,15,1440x900,Safari,en-IN,-330,landscape,Hyderabad,1969.84,2025-01-30 22:44:55,314,0,normal
user_460,session_4607,Mobile,8,7,3,10,0.26,45,390x844,Edge,en-IN,-330,portrait,Ahmedabad,6552.03,2025-03-29 13:02:16,40,0,normal
user_323,session_3233,Mobile,7,11,2,5,1.14,269,360x640,Safari,en-US,-330,landscape,Delhi,5507.93,2025-02-23 17:00:45,59,0,normal
user_490,session_4902,Desktop,7,13,0,20,0.0,122,1366x768,Firefox,en-US,-330,landscape,Delhi,299.95,2025-01-02 09:35:15,411,0,normal
user_70,session_704,Desktop,8,9,0,23,0.0,324,1440x900,Edge,en-IN,-330,landscape,Kolkata,1149.76,2025-05-18 17:50:42,293,0,normal
user_478,session_4782,Mobile,0,8,1,0,0.74,43,414x896,Chrome,hi-IN,-330,portrait,Bengaluru,6035.18,2025-05-23 10:19:38,16,0,normal
user_329,session_3292,Mobile,5,15,8,15,0.0,152,390x844,Safari,en-IN,-330,portrait,Ahmedabad,2851.91,2025-02-15 08:12:43,48,0,normal
user_367,session_3674,Tablet,7,0,11,12,0.9,65,768x1024,Safari,en-US,-330,portrait,Mumbai,5603.0,2025-03-13 06:53:10,74,0,normal
user_240,session_2409,Tablet,11,10,8,18,0.85,111,768x1024,Firefox,en-US,-330,portrait,Pune,1211.92,2025-01-22 23:05:35,50,0,normal
user_132,session_1328,Desktop,5,8,0,14,0.0,182,1440x900,Firefox,en-US,-330,landscape,Hyderabad,956.7,2025-02-21 14:41:09,484,0,normal
user_558,session_5587,Mobile,11,2,10,19,0.82,226,390x844,Firefox,en-IN,-330,landscape,Delhi,3323.4,2025-05-15 13:16:33,52,0,normal
user_569,session_5697,Desktop,8,9,0,23,0.0,172,1920x1080,Firefox,en-IN,-330,landscape,Ahmedabad,378.31,2025-03-05 14:55:39,408,0,normal
user_500,session_5009,Tablet,4,3,2,16,0.31,68,810x1080,Firefox,en-IN,-330,landscape,Ahmedabad,1068.97,2025-05-01 16:54:52,52,0,normal
user_98,session_987,Mobile,7,9,3,3,0.3,143,414x896,Edge,en-US,-330,portrait,Hyderabad,1395.12,2025-04-17 15:47:49,11,0,normal
user_544,session_5441,Desktop,8,6,0,29,0.0,209,1366x768,Firefox,en-IN,-330,landscape,Delhi,4668.16,2025-04-23 06:13:25,239,0,normal
user_515,session_5157,Mobile,2,7,2,2,0.46,68,390x844,Safari,en-IN,-330,portrait,Chennai,2886.05,2025-05-27 11:53:16,86,0,normal
user_530,session_5308,Desktop,10,7,0,12,0.0,30,1920x1080,Firefox,en-US,-330,landscape,Bengaluru,5486.6,2025-01-25 12:07:55,394,0,normal
user_404,session_4050,Mobile,1,9,8,9,0.0,150,414x896,Safari,en-IN,-330,portrait,Hyderabad,11984.02,2025-03-22 14:09:06,25,0,normal
user_348,session_3486,Desktop,6,9,0,13,0.0,17,1920x1080,Chrome,en-IN,-330,landscape,Mumbai,6702.26,2025-02-12 05:25:01,341,0,normal
user_247,session_2475,Tablet,6,7,3,14,0.54,88,768x1024,Firefox,en-IN,-330,landscape,Bengaluru,5864.84,2025-02-05 22:56:23,37,0,normal
user_387,session_3874,Desktop,6,0,0,11,0.0,64,1920x1080,Chrome,en-IN,-330,landscape,Delhi,6561.63,2025-01-26 19:10:41,207,0,normal
user_119,session_1199,Desktop,4,11,0,9,0.0,72,1440x900,Safari,en-IN,-330,landscape,Pune,5431.97,2025-01-14 14:35:04,323,0,normal
user_418,session_4182,Tablet,7,11,7,15,0.59,102,768x1024,Chrome,en-IN,-330,portrait,Kolkata,4293.65,2025-03-23 15:32:14,16,0,normal
user_151,session_1519,Mobile,2,10,0,11,0.78,147,390x844,Safari,en-IN,-330,portrait,Chennai,744.32,2025-05-15 20:31:15,93,0,normal
user_179,session_1800,Desktop,9,10,0,9,0.0,143,1366x768,Chrome,en-US,-330,landscape,Pune,1016.29,2025-01-15 18:07:06,225,0,normal
user_101,session_1015,Desktop,9,10,0,15,0.0,123,1440x900,Firefox,en-IN,-330,landscape,Kolkata,1908.27,2025-01-27 10:23:45,319,0,normal
user_12,session_129,Mobile,4,9,10,26,0.91,117,414x896,Edge,en-IN,-330,landscape,Chennai,211.4,2025-01-22 12:35:35,69,0,normal
user_136,session_1365,Desktop,2,2,0,13,0.0,104,1440x900,Safari,en-IN,-330,landscape,Pune,1319.38,2025-02-11 06:58:25,118,0,normal
user_550,session_5508,Desktop,7,7,0,6,0.0,63,1920x1080,Edge,en-IN,-330,landscape,Hyderabad,6802.35,2025-02-15 20:43:14,361,0,normal
user_89,session_892,Desktop,3,5,0,11,0.0,77,1440x900,Firefox,en-IN,-330,landscape,Chennai,3531.52,2025-02-09 12:56:36,327,0,normal
user_279,session_2794,Mobile,8,13,5,7,0.66,149,390x844,Safari,en-US,-330,portrait,Kolkata,7011.93,2025-04-10 19:18:15,25,0,normal
user_503,session_5034,Tablet,2,16,1,2,0.54,141,810x1080,Safari,en-IN,-330,landscape,Kolkata,3506.84,2025-04-17 14:42:05,11,0,normal
user_571,session_5716,Tablet,4,5,4,15,0.0,202,810x1080,Firefox,en-US,-330,portrait,Pune,7094.84,2025-04-04 23:46:33,32,0,normal
user_514,session_5142,Mobile,4,10,4,5,0.13,250,414x896,Chrome,en-IN,-330,portrait,Hyderabad,6679.3,2025-05-23 14:41:45,38,0,normal
user_324,session_3250,Mobile,5,12,1,23,1.47,242,390x844,Edge,en-IN,-330,portrait,Kolkata,1189.21,2025-01-18 12:39:36,24,0,normal
user_120,session_1209,Desktop,9,5,0,31,0.0,47,1920x1080,Edge,en-IN,-330,landscape,Ahmedabad,6700.62,2025-04-30 12:18:35,214,0,normal
user_386,session_3869,Mobile,9,4,7,8,0.76,148,390x844,Safari,en-IN,-330,portrait,Pune,3668.54,2025-04-10 07:47:07,29,0,normal
user_406,session_4066,Desktop,6,8,0,13,0.0,50,1366x768,Firefox,en-US,-330,landscape,Ahmedabad,5448.88,2025-01-25 13:51:25,398,0,normal
user_512,session_5130,Desktop,4,3,0,16,0.0,54,1440x900,Chrome,hi-IN,-330,landscape,Chennai,3949.83,2025-03-04 08:40:52,347,0,normal
user_123,session_1240,Mobile,3,8,6,15,0.0,177,390x844,Edge,en-US,-330,landscape,Bengaluru,168.59,2025-01-12 09:55:20,54,0,normal
user_228,session_2290,Mobile,8,15,3,22,0.28,48,360x640,Chrome,en-IN,-330,portrait,Kolkata,10206.18,2025-02-03 09:05:33,16,0,normal
user_274,session_2741,Mobile,5,6,8,25,1.05,141,390x844,Safari,en-IN,-330,portrait,Pune,6898.09,2025-04-24 09:07:18,16,0,normal
user_27,session_276,Desktop,2,15,0,14,0.0,211,1920x1080,Edge,en-US,-330,landscape,Ahmedabad,6859.81,2025-02-04 13:32:48,496,0,normal
user_103,session_1036,Desktop,11,7,0,16,0.0,253,1920x1080,Chrome,hi-IN,-330,landscape,Kolkata,5492.1,2025-01-24 19:09:57,459,0,normal
user_122,session_1230,Desktop,7,8,0,10,0.0,209,1366x768,Chrome,en-IN,-330,landscape,Chennai,7283.74,2025-02-28 05:00:42,206,0,normal
user_100,session_1009,Desktop,7,2,0,18,0.0,232,1366x768,Edge,en-IN,-330,landscape,Bengaluru,7231.47,2025-05-15 09:52:48,508,0,normal
user_382,session_3829,Desktop,9,2,0,20,0.0,219,1920x1080,Edge,en-IN,-330,landscape,Pune,5733.06,2025-05-13 15:24:02,256,0,normal
user_253,session_2533,Desktop,2,11,0,1,0.0,223,1920x1080,Chrome,en-US,-330,landscape,Bengaluru,2638.83,2025-05-01 08:47:34,398,0,normal
user_105,session_1059,Desktop,4,3,0,21,0.0,105,1920x1080,Edge,en-IN,-330,landscape,Hyderabad,2631.34,2025-05-09 14:55:37,620,0,normal
user_551,session_5518,Desktop,0,8,0,3,0.0,262,1366x768,Firefox,hi-IN,-330,landscape,Hyderabad,6810.66,2025-01-20 17:58:53,284,0,normal
user_28,session_282,Desktop,1,5,0,13,0.0,215,1440x900,Safari,en-US,-330,landscape,Bengaluru,9501.37,2025-05-19 16:28:16,156,0,normal
user_104,session_1044,Tablet,5,7,4,12,0.04,138,768x1024,Safari,en-IN,-330,portrait,Mumbai,244.38,2025-05-22 15:17:19,49,0,normal
user_131,session_1317,Mobile,6,5,5,24,0.0,187,360x640,Edge,en-IN,-330,landscape,Ahmedabad,6162.77,2025-02-10 13:05:11,31,0,normal
user_96,session_969,Tablet,7,2,4,13,0.17,180,768x1024,Safari,en-US,-330,portrait,Hyderabad,3899.82,2025-01-09 07:32:36,43,0,normal
user_238,session_2382,Mobile,7,3,0,8,0.04,192,360x640,Safari,en-IN,-330,landscape,Bengaluru,4772.68,2025-02-14 07:08:38,12,0,normal
user_478,session_4788,Mobile,2,10,4,0,0.0,124,414x896,Chrome,hi-IN,-330,portrait,Bengaluru,3189.67,2025-04-29 08:55:12,31,0,normal
user_193,session_1940,Mobile,10,13,9,21,1.18,194,414x896,Edge,en-US,-330,portrait,Pune,384.91,2025-02-01 15:06:23,0,0,normal
user_520,session_5202,Desktop,2,5,0,11,0.0,144,1920x1080,Edge,hi-IN,-330,landscape,Hyderabad,1529.56,2025-03-31 12:42:48,351,0,normal
user_127,session_1275,Mobile,9,7,4,16,1.04,148,390x844,Chrome,en-US,-330,portrait,Delhi,2397.92,2025-05-27 22:49:26,51,0,normal
user_61,session_620,Desktop,2,7,0,29,0.0,61,1440x900,Edge,en-IN,-330,landscape,Chennai,5300.05,2025-04-15 05:26:59,603,0,normal
user_435,session_4355,Mobile,6,7,0,30,0.07,96,414x896,Firefox,en-IN,-330,portrait,Hyderabad,8001.08,2025-05-08 16:22:34,30,0,normal
user_174,session_1743,Desktop,4,10,0,14,0.0,104,1920x1080,Chrome,en-US,-330,landscape,Mumbai,1774.54,2025-03-12 22:33:37,246,0,normal
user_139,session_1391,Tablet,11,6,0,7,0.34,21,768x1024,Chrome,en-IN,-330,portrait,Hyderabad,2180.27,2025-01-08 16:12:12,22,0,normal
user_488,session_4881,Mobile,7,6,0,14,1.78,108,414x896,Edge,en-IN,-330,portrait,Bengaluru,314.0,2025-01-26 08:42:45,29,0,normal
user_157,session_1580,Mobile,4,5,3,16,0.06,64,414x896,Safari,en-IN,-330,landscape,Ahmedabad,5779.54,2025-01-06 19:00:14,4,0,normal
user_165,session_1656,Tablet,3,4,6,19,0.71,194,810x1080,Edge,en-IN,-330,portrait,Pune,1184.5,2025-01-24 17:22:48,0,0,normal
user_356,session_3569,Desktop,7,13,0,8,0.0,97,1920x1080,Safari,en-IN,-330,landscape,Mumbai,35.01,2025-05-14 14:52:20,349,0,normal
user_235,session_2353,Desktop,5,6,0,1,0.0,85,1440x900,Safari,en-IN,-330,landscape,Bengaluru,6799.92,2025-05-17 10:54:03,229,0,normal
user_221,session_2213,Desktop,7,0,0,0,0.0,104,1366x768,Firefox,hi-IN,-330,landscape,Ahmedabad,1382.56,2025-05-23 08:54:38,338,0,normal
user_596,session_5964,Tablet,8,5,4,8,1.11,262,810x1080,Safari,en-IN,-330,portrait,Delhi,4099.98,2025-04-15 22:41:10,34,0,normal
user_317,session_3179,Desktop,10,3,0,19,0.0,123,1920x1080,Edge,en-IN,-330,landscape,Kolkata,3920.05,2025-01-21 13:08:36,448,0,normal
user_319,session_3193,Desktop,0,12,0,4,0.0,61,1920x1080,Safari,hi-IN,-330,landscape,Kolkata,422.38,2025-04-01 06:33:32,221,0,normal
user_130,session_1308,Mobile,8,9,5,15,1.08,64,414x896,Safari,en-IN,-330,portrait,Chennai,1015.84,2025-03-22 08:56:06,24,0,normal
user_57,session_576,Desktop,0,8,0,9,0.0,77,1366x768,Edge,en-IN,-330,landscape,Bengaluru,8119.12,2025-05-16 15:44:21,292,0,normal
user_236,session_2361,Desktop,12,8,0,16,0.0,72,1440x900,Safari,en-US,-330,landscape,Kolkata,9983.54,2025-05-10 19:39:37,300,0,normal
user_128,session_1281,Desktop,6,0,0,4,0.0,185,1366x768,Firefox,en-US,-330,landscape,Pune,2759.17,2025-02-08 16:00:25,544,0,normal
user_487,session_4878,Desktop,12,12,0,23,0.0,142,1440x900,Chrome,en-IN,-330,landscape,Delhi,6405.8,2025-04-14 19:38:26,478,0,normal
user_496,session_4962,Desktop,4,12,0,17,0.0,76,1366x768,Edge,en-IN,-330,landscape,Chennai,1997.06,2025-05-16 10:19:08,222,0,normal
user_199,session_1994,Desktop,9,6,0,15,0.0,60,1440x900,Chrome,en-IN,-330,landscape,Chennai,4191.85,2025-01-31 13:36:04,420,0,normal
user_263,session_2640,Mobile,2,9,7,14,1.49,253,390x844,Firefox,hi-IN,-330,landscape,Chennai,7596.85,2025-01-05 11:38:13,19,0,normal
user_26,session_270,Tablet,4,4,10,12,0.81,65,810x1080,Safari,en-IN,-330,portrait,Ahmedabad,613.84,2025-03-13 15:49:48,69,0,normal
user_62,session_630,Desktop,8,7,0,14,0.0,71,1440x900,Edge,en-US,-330,landscape,Hyderabad,12640.36,2025-01-18 11:30:23,201,0,normal
user_444,session_4445,Desktop,1,5,0,7,0.0,145,1440x900,Edge,en-IN,-330,landscape,Hyderabad,4168.5,2025-01-20 07:18:51,43,0,normal
user_308,session_3082,Tablet,3,15,4,17,0.42,127,768x1024,Firefox,en-IN,-330,landscape,Bengaluru,1896.3,2025-02-13 20:25:02,21,0,normal
user_346,session_3467,Desktop,4,3,0,12,0.0,78,1366x768,Firefox,en-US,-330,landscape,Mumbai,3633.63,2025-04-03 07:26:08,253,0,normal
user_523,session_5234,Desktop,3,14,0,14,0.0,216,1366x768,Firefox,en-IN,-330,landscape,Pune,9341.71,2025-03-13 13:49:20,225,0,normal
user_402,session_4024,Mobile,11,8,7,14,0.0,82,360x640,Safari,en-IN,-330,portrait,Bengaluru,7112.93,2025-02-07 05:59:19,56,0,normal
user_204,session_2047,Desktop,6,11,0,16,0.0,80,1366x768,Firefox,en-IN,-330,landscape,Hyderabad,4005.99,2025-01-03 09:30:04,376,0,normal
user_471,session_4711,Desktop,4,6,0,14,0.0,208,1440x900,Chrome,en-IN,-330,landscape,Ahmedabad,1701.84,2025-05-19 05:00:33,125,0,normal
user_211,session_2114,Desktop,4,12,0,18,0.0,87,1920x1080,Chrome,hi-IN,-330,landscape,Pune,7896.74,2025-04-24 10:40:52,304,0,normal
user_2,session_28,Mobile,5,1,4,9,0.71,299,414x896,Safari,en-IN,-330,portrait,Mumbai,4443.97,2025-05-25 12:33:41,109,0,normal
user_204,session_2041,Desktop,8,11,0,17,0.0,61,1366x768,Firefox,en-IN,-330,landscape,Hyderabad,6085.95,2025-05-20 09:39:01,247,0,normal
user_392,session_3929,Desktop,3,6,0,1,0.0,219,1366x768,Safari,en-IN,-330,landscape,Delhi,1323.13,2025-03-31 13:18:27,102,0,normal
user_542,session_5422,Desktop,11,0,0,7,0.0,102,1366x768,Firefox,en-IN,-330,landscape,Hyderabad,4125.87,2025-01-12 11:43:31,168,0,normal
user_321,session_3217,Desktop,7,9,0,20,0.0,101,1920x1080,Safari,en-IN,-330,landscape,Hyderabad,3720.1,2025-02-24 21:45:48,418,0,normal
user_381,session_3815,Desktop,6,9,0,7,0.0,138,1920x1080,Chrome,hi-IN,-330,landscape,Bengaluru,1159.72,2025-02-19 11:53:11,381,0,normal
user_12,session_130,Mobile,9,11,7,10,0.0,123,414x896,Edge,en-IN,-330,portrait,Chennai,112.7,2025-04-28 09:03:46,37,0,normal
user_444,session_4448,Desktop,1,7,0,4,0.0,258,1440x900,Edge,en-IN,-330,landscape,Hyderabad,20.0,2025-01-23 08:03:59,238,0,normal
user_588,session_5889,Desktop,5,2,0,17,0.0,56,1440x900,Chrome,en-US,-330,landscape,Bengaluru,4958.15,2025-04-28 16:08:54,303,0,normal
user_1,session_14,Mobile,4,3,6,18,0.33,95,390x844,Firefox,en-IN,-330,landscape,Delhi,5763.35,2025-01-18 12:23:44,74,0,normal
user_514,session_5143,Mobile,9,8,6,5,0.26,223,414x896,Chrome,en-IN,-330,landscape,Hyderabad,4871.0,2025-04-13 13:35:36,44,0,normal
user_152,session_1526,Desktop,8,11,0,20,0.0,89,1920x1080,Edge,en-IN,-330,landscape,Mumbai,10012.86,2025-04-03 14:39:50,243,0,normal
user_236,session_2366,Desktop,8,7,0,17,0.0,56,1440x900,Safari,en-US,-330,landscape,Kolkata,9027.12,2025-05-16 17:22:00,276,0,normal
user_305,session_3053,Desktop,6,8,0,16,0.0,97,1440x900,Firefox,hi-IN,-330,landscape,Kolkata,13071.52,2025-04-19 10:19:26,344,0,normal
user_400,session_4006,Desktop,7,8,0,11,0.0,58,1366x768,Firefox,en-IN,-330,landscape,Hyderabad,1902.56,2025-05-20 18:23:45,199,0,normal
user_234,session_2341,Desktop,3,10,0,18,0.0,196,1920x1080,Edge,en-US,-330,landscape,Delhi,7854.1,2025-01-20 18:53:46,204,0,normal
user_37,session_375,Mobile,7,13,6,26,0.6,231,360x640,Safari,en-IN,-330,landscape,Delhi,6059.71,2025-03-30 15:05:40,18,0,normal
user_437,session_4373,Desktop,9,4,0,21,0.0,88,1920x1080,Firefox,en-IN,-330,landscape,Chennai,1671.76,2025-01-08 11:32:01,308,0,normal
user_515,session_5153,Mobile,2,4,9,2,0.0,93,390x844,Safari,en-IN,-330,portrait,Chennai,2333.19,2025-05-15 16:04:09,24,0,normal
user_93,session_940,Mobile,4,5,5,9,0.62,202,390x844,Safari,en-IN,-330,landscape,Pune,3538.9,2025-04-24 17:57:13,50,0,normal
user_574,session_5745,Tablet,7,13,4,29,0.52,61,768x1024,Firefox,en-IN,-330,portrait,Ahmedabad,5449.96,2025-05-25 10:27:33,72,0,normal
user_214,session_2148,Mobile,8,4,9,13,0.57,279,390x844,Chrome,en-IN,-330,landscape,Mumbai,11545.45,2025-01-04 19:54:26,6,0,normal
user_359,session_3592,Desktop,3,11,0,21,0.0,76,1366x768,Chrome,en-US,-330,landscape,Hyderabad,665.54,2025-05-06 17:51:28,345,0,normal
user_544,session_5444,Desktop,6,9,0,19,0.0,281,1366x768,Firefox,en-IN,-330,landscape,Delhi,3132.14,2025-02-17 14:46:30,295,0,normal
user_504,session_5042,Desktop,4,16,0,1,0.0,135,1440x900,Firefox,en-IN,-330,landscape,Ahmedabad,2291.41,2025-04-30 10:10:16,368,0,normal
user_362,session_3624,Desktop,10,5,0,11,0.0,175,1366x768,Safari,en-US,-330,landscape,Ahmedabad,2151.22,2025-01-07 12:52:29,200,0,normal
user_52,session_530,Desktop,6,3,0,9,0.0,131,1440x900,Edge,en-IN,-330,landscape,Ahmedabad,9188.12,2025-03-10 20:02:38,200,0,normal
user_371,session_3715,Desktop,2,3,0,13,0.0,42,1366x768,Chrome,en-IN,-330,landscape,Kolkata,3309.79,2025-02-13 11:51:24,81,0,normal
user_126,session_1270,Desktop,8,9,0,14,0.0,192,1366x768,Chrome,en-IN,-330,landscape,Delhi,107.78,2025-03-24 10:11:04,227,0,normal
user_428,session_4282,Mobile,2,6,6,16,0.0,222,360x640,Safari,en-IN,-330,landscape,Pune,9638.15,2025-05-30 17:21:12,60,0,normal
user_139,session_1395,Tablet,1,8,6,14,0.76,29,768x1024,Chrome,en-IN,-330,portrait,Hyderabad,1821.11,2025-05-29 21:32:47,62,0,normal
user_400,session_4010,Desktop,4,4,0,18,0.0,33,1366x768,Firefox,en-IN,-330,landscape,Hyderabad,6460.86,2025-02-06 18:56:03,372,0,normal
user_179,session_1798,Desktop,5,7,0,16,0.0,111,1366x768,Chrome,en-US,-330,landscape,Pune,1232.37,2025-05-16 19:18:45,521,0,normal
user_297,session_2980,Mobile,2,2,1,14,0.66,214,414x896,Firefox,en-US,-330,portrait,Pune,2766.79,2025-01-12 11:59:00,13,0,normal
user_144,session_1442,Tablet,4,11,1,15,1.4,52,768x1024,Chrome,en-US,-330,portrait,Hyderabad,1818.58,2025-03-28 08:39:40,41,0,normal
user_529,session_5297,Mobile,6,11,4,15,0.62,73,360x640,Safari,en-IN,-330,landscape,Bengaluru,6384.34,2025-02-01 07:29:44,29,0,normal
user_584,session_5850,Mobile,4,8,2,19,0.31,116,414x896,Edge,en-IN,-330,portrait,Mumbai,2236.12,2025-05-08 10:21:43,41,0,normal
user_381,session_3812,Desktop,6,6,0,7,0.0,166,1920x1080,Chrome,hi-IN,-330,landscape,Bengaluru,1653.07,2025-04-05 16:14:36,139,0,normal
user_127,session_1274,Mobile,6,7,1,11,0.57,67,390x844,Chrome,en-US,-330,portrait,Delhi,4613.97,2025-03-11 19:50:12,46,0,normal
user_171,session_1713,Mobile,1,14,3,11,0.69,42,360x640,Edge,hi-IN,-330,portrait,Ahmedabad,10190.22,2025-04-06 17:36:52,25,0,normal
user_95,session_956,Desktop,9,10,0,18,0.0,135,1366x768,Safari,en-US,-330,landscape,Mumbai,2623.95,2025-04-12 23:16:13,542,0,normal
user_444,session_4443,Desktop,6,7,0,16,0.0,202,1440x900,Edge,en-IN,-330,landscape,Hyderabad,1700.53,2025-05-23 08:47:16,298,0,normal
user_479,session_4795,Desktop,4,0,0,8,0.0,215,1366x768,Safari,en-IN,-330,landscape,Hyderabad,2351.12,2025-01-17 21:40:22,201,0,normal
user_537,session_5377,Desktop,6,9,0,3,0.0,45,1440x900,Edge,en-IN,-330,landscape,Pune,4498.87,2025-02-24 17:23:23,517,0,normal
user_40,session_404,Desktop,8,13,0,14,0.0,197,1920x1080,Edge,en-IN,-330,landscape,Ahmedabad,3573.73,2025-03-18 07:32:44,280,0,normal
user_207,session_2072,Desktop,4,6,0,15,0.0,70,1366x768,Edge,en-IN,-330,landscape,Bengaluru,7109.8,2025-03-14 11:55:32,193,0,normal
user_570,session_5702,Desktop,3,7,0,19,0.0,221,1440x900,Safari,en-IN,-330,landscape,Pune,8482.78,2025-05-24 13:20:34,370,0,normal
user_197,session_1978,Desktop,7,6,0,12,0.0,315,1440x900,Safari,en-IN,-330,landscape,Chennai,3433.32,2025-05-01 14:12:06,414,0,normal
user_15,session_159,Desktop,12,8,0,4,0.0,203,1440x900,Safari,hi-IN,-330,landscape,Ahmedabad,9142.26,2025-01-03 10:09:44,165,0,normal
user_388,session_3889,Desktop,3,7,0,19,0.0,36,1366x768,Firefox,hi-IN,-330,landscape,Chennai,8747.52,2025-04-29 13:50:04,552,0,normal
user_90,session_903,Mobile,4,14,1,16,0.01,175,414x896,Chrome,en-IN,-330,landscape,Bengaluru,3452.41,2025-04-15 10:21:19,37,0,normal
user_35,session_353,Mobile,7,16,4,20,0.36,132,360x640,Edge,en-IN,-330,landscape,Mumbai,3478.1,2025-03-08 19:35:48,48,0,normal
user_413,session_4131,Mobile,5,7,8,15,0.2,75,414x896,Safari,en-IN,-330,landscape,Delhi,10803.13,2025-04-11 11:13:10,43,0,normal
user_75,session_755,Mobile,6,4,3,13,0.6,193,414x896,Safari,en-US,-330,portrait,Kolkata,2862.8,2025-03-31 14:25:30,44,0,normal
user_297,session_2972,Mobile,4,6,3,7,0.62,213,414x896,Firefox,en-US,-330,portrait,Pune,4310.46,2025-04-20 10:43:19,89,0,normal
user_597,session_5971,Tablet,6,7,8,6,0.56,225,768x1024,Safari,en-IN,-330,landscape,Hyderabad,7338.77,2025-03-12 10:21:05,27,0,normal
user_292,session_2921,Desktop,10,16,0,18,0.0,39,1920x1080,Chrome,en-IN,-330,landscape,Pune,6737.02,2025-02-15 09:24:51,319,0,normal
user_31,session_312,Desktop,3,19,0,13,0.0,68,1366x768,Safari,en-IN,-330,landscape,Delhi,7103.7,2025-02-04 09:23:43,68,0,normal
user_66,session_662,Mobile,7,7,4,13,0.09,176,390x844,Edge,en-US,-330,portrait,Pune,1613.26,2025-05-11 14:55:44,30,0,normal
user_198,session_1990,Desktop,2,3,0,14,0.0,118,1920x1080,Safari,en-IN,-330,landscape,Chennai,3235.23,2025-04-20 15:15:52,390,0,normal
user_366,session_3666,Mobile,7,4,0,1,0.42,79,390x844,Edge,en-IN,-330,portrait,Chennai,6067.83,2025-03-31 12:55:28,26,0,normal
user_30,session_307,Desktop,5,2,0,2,0.0,299,1440x900,Firefox,en-US,-330,landscape,Mumbai,6291.32,2025-03-09 08:09:03,365,0,normal
user_233,session_2336,Desktop,7,3,0,10,0.0,88,1366x768,Firefox,hi-IN,-330,landscape,Mumbai,2050.79,2025-02-21 17:20:06,185,0,normal
user_235,session_2357,Desktop,6,11,0,11,0.0,81,1440x900,Safari,en-IN,-330,landscape,Bengaluru,2344.43,2025-02-11 14:18:10,490,0,normal
user_370,session_3703,Desktop,12,11,0,7,0.0,126,1440x900,Firefox,en-IN,-330,landscape,Pune,7692.71,2025-04-28 10:03:30,386,0,normal
user_380,session_3805,Desktop,7,7,0,2,0.0,99,1366x768,Edge,en-US,-330,landscape,Bengaluru,1809.87,2025-01-15 13:07:22,365,0,normal
user_192,session_1928,Mobile,5,9,0,7,0.61,131,360x640,Edge,en-IN,-330,portrait,Pune,1767.06,2025-03-08 09:45:03,72,0,normal
user_342,session_3428,Desktop,5,5,0,15,0.0,150,1440x900,Edge,en-IN,-330,landscape,Chennai,4440.14,2025-04-20 18:18:33,238,0,normal
user_74,session_750,Desktop,6,9,0,2,0.0,170,1366x768,Firefox,en-IN,-330,landscape,Ahmedabad,900.82,2025-05-15 08:20:26,320,0,normal
user_363,session_3639,Mobile,2,9,5,21,0.12,156,390x844,Edge,en-IN,-330,portrait,Mumbai,5590.32,2025-01-19 10:16:43,70,0,normal
user_524,session_5244,Desktop,10,9,0,15,0.0,275,1440x900,Safari,en-IN,-330,landscape,Hyderabad,1082.54,2025-03-15 08:09:35,400,0,normal
user_126,session_1267,Desktop,4,8,0,10,0.0,122,1366x768,Chrome,en-IN,-330,landscape,Delhi,495.64,2025-03-24 12:44:17,281,0,normal
user_591,session_5918,Mobile,10,4,4,11,0.48,184,390x844,Chrome,hi-IN,-330,landscape,Kolkata,5741.83,2025-01-14 16:07:52,23,0,normal
user_529,session_5300,Mobile,7,2,9,5,1.37,34,360x640,Safari,en-IN,-330,portrait,Bengaluru,6254.3,2025-01-16 10:34:54,34,0,normal
user_359,session_3596,Desktop,8,9,0,14,0.0,55,1366x768,Chrome,en-US,-330,landscape,Hyderabad,865.17,2025-01-31 17:37:23,258,0,normal
user_213,session_2135,Desktop,4,4,0,8,0.0,187,1366x768,Chrome,en-IN,-330,landscape,Hyderabad,3378.46,2025-03-05 17:15:48,424,0,normal
user_410,session_4110,Mobile,5,7,7,5,0.11,88,414x896,Edge,en-IN,-330,landscape,Hyderabad,4790.18,2025-03-25 16:27:43,19,0,normal
user_51,session_515,Mobile,0,11,4,10,0.91,189,390x844,Firefox,en-IN,-330,portrait,Pune,5854.62,2025-01-13 17:36:06,19,0,normal
user_536,session_5362,Mobile,2,6,2,13,0.32,163,360x640,Firefox,en-IN,-330,landscape,Bengaluru,2043.69,2025-04-25 16:23:25,28,0,normal
user_40,session_410,Desktop,7,9,0,28,0.0,128,1920x1080,Edge,en-IN,-330,landscape,Ahmedabad,1053.64,2025-05-14 11:24:13,403,0,normal
user_447,session_4476,Tablet,6,8,3,15,0.31,229,768x1024,Firefox,hi-IN,-330,portrait,Mumbai,694.78,2025-01-06 09:22:40,31,0,normal
user_597,session_5976,Tablet,4,2,6,15,0.74,285,768x1024,Safari,en-IN,-330,portrait,Hyderabad,9525.06,2025-05-22 09:28:56,21,0,normal
user_593,session_5931,Desktop,5,2,0,17,0.0,20,1440x900,Safari,en-IN,-330,landscape,Pune,14683.89,2025-02-17 04:13:36,217,1,odd_hour_drain
user_519,session_5194,Desktop,12,2,0,21,0.0,360,1366x768,Firefox,en-IN,-330,landscape,Chennai,2480.79,2025-03-16 12:05:41,291,0,normal
user_20,session_208,Desktop,7,8,0,0,0.0,126,1920x1080,Edge,en-IN,-330,landscape,Chennai,5273.97,2025-02-26 09:11:54,563,0,normal
user_45,session_459,Desktop,6,11,0,14,0.0,51,1920x1080,Edge,hi-IN,-330,landscape,Pune,7929.94,2025-02-28 12:45:32,358,0,normal
user_205,session_2055,Tablet,11,7,3,5,1.09,96,768x1024,Chrome,en-US,-330,portrait,Ahmedabad,10206.09,2025-03-22 17:01:17,44,0,normal
user_243,session_2431,Mobile,11,1,8,16,0.64,131,390x844,Chrome,en-IN,-330,landscape,Bengaluru,8689.76,2025-05-19 21:50:32,33,0,normal
user_25,session_251,Desktop,6,14,0,26,0.0,188,1366x768,Chrome,en-IN,-330,landscape,Kolkata,3994.24,2025-03-25 15:28:07,181,0,normal
user_511,session_5120,Mobile,6,7,9,13,1.32,229,360x640,Chrome,en-IN,-330,portrait,Pune,4963.87,2025-02-17 09:44:38,34,0,normal
user_110,session_1108,Desktop,6,5,0,19,0.0,205,1920x1080,Firefox,en-IN,-330,landscape,Chennai,4706.73,2025-05-09 16:12:47,355,0,normal
user_486,session_4863,Desktop,0,2,0,21,0.0,22,1366x768,Edge,hi-IN,-330,landscape,Ahmedabad,5567.79,2025-04-27 14:38:13,97,0,normal
user_171,session_1714,Mobile,1,7,7,11,0.28,46,360x640,Edge,hi-IN,-330,landscape,Ahmedabad,7159.94,2025-02-21 16:26:11,33,0,normal
user_391,session_3912,Desktop,5,13,0,14,0.0,136,1440x900,Edge,en-IN,-330,landscape,Delhi,1704.17,2025-02-27 20:21:47,465,0,normal
user_71,session_716,Tablet,5,10,5,5,1.02,174,810x1080,Firefox,en-IN,-330,landscape,Bengaluru,7757.91,2025-04-16 12:33:40,18,0,normal
user_55,session_553,Desktop,5,0,0,8,0.0,33,1366x768,Chrome,hi-IN,-330,landscape,Kolkata,1063.33,2025-03-24 21:27:18,373,0,normal
user_143,session_1440,Desktop,7,11,0,24,0.0,155,1440x900,Edge,en-IN,-330,landscape,Bengaluru,55.37,2025-03-15 14:46:10,494,0,normal
user_227,session_2271,Desktop,3,8,0,11,0.0,137,1440x900,Safari,en-IN,-330,landscape,Ahmedabad,1013.55,2025-01-07 15:17:19,275,0,normal
user_314,session_3145,Mobile,6,9,0,7,0.73,136,414x896,Firefox,hi-IN,-330,landscape,Ahmedabad,7014.58,2025-03-26 22:19:55,7,0,normal
user_574,session_5744,Tablet,8,10,4,17,0.99,116,768x1024,Firefox,en-IN,-330,portrait,Ahmedabad,4973.91,2025-01-22 10:19:02,59,0,normal
user_192,session_1926,Mobile,4,0,2,5,0.55,150,360x640,Edge,en-IN,-330,portrait,Pune,935.38,2025-05-07 03:56:50,15,0,normal
user_63,session_635,Mobile,7,4,8,0,1.17,153,360x640,Chrome,en-IN,-330,portrait,Hyderabad,1430.8,2025-03-29 13:46:53,42,0,normal
user_31,session_317,Desktop,5,8,0,7,0.0,95,1366x768,Safari,en-IN,-330,landscape,Delhi,3745.61,2025-01-24 10:34:28,318,0,normal
user_563,session_5637,Desktop,9,0,0,5,0.0,86,1366x768,Edge,en-US,-330,landscape,Ahmedabad,3431.46,2025-01-16 08:03:09,373,0,normal
user_42,session_428,Mobile,6,7,3,10,0.21,158,414x896,Firefox,en-IN,-330,landscape,Pune,7920.08,2025-03-04 11:55:27,45,0,normal
user_445,session_4454,Mobile,4,3,0,8,0.19,163,390x844,Firefox,en-IN,-330,landscape,Ahmedabad,3947.41,2025-01-18 12:49:16,55,0,normal
user_10,session_106,Mobile,3,8,6,20,0.83,204,360x640,Firefox,en-IN,-330,landscape,Kolkata,3618.62,2025-04-24 10:07:59,25,0,normal
user_304,session_3042,Desktop,9,11,0,21,0.0,228,1440x900,Edge,en-US,-330,landscape,Mumbai,4962.83,2025-03-03 06:49:33,450,0,normal
user_423,session_4239,Desktop,4,10,0,18,0.0,37,1440x900,Chrome,en-US,-330,landscape,Hyderabad,4835.39,2025-03-08 10:30:38,136,0,normal
user_216,session_2170,Desktop,9,7,0,14,0.0,53,1440x900,Safari,hi-IN,-330,landscape,Delhi,8346.88,2025-02-04 04:37:13,269,0,normal
user_170,session_1710,Mobile,5,4,2,9,0.48,226,414x896,Chrome,en-IN,-330,landscape,Chennai,754.52,2025-04-22 20:03:06,33,0,normal
user_8,session_90,Mobile,4,7,5,11,0.58,117,390x844,Firefox,en-US,-330,landscape,Bengaluru,1369.37,2025-03-13 14:39:29,39,0,normal
user_224,session_2242,Desktop,6,6,0,17,0.0,77,1440x900,Safari,hi-IN,-330,landscape,Pune,1977.12,2025-02-20 13:59:53,302,0,normal
user_317,session_3175,Desktop,9,11,0,10,0.0,88,1920x1080,Edge,en-IN,-330,landscape,Kolkata,7426.23,2025-02-17 16:41:52,351,0,normal
user_447,session_4479,Tablet,5,10,8,21,0.0,147,768x1024,Firefox,hi-IN,-330,landscape,Mumbai,1122.12,2025-04-11 13:30:10,48,0,normal
user_194,session_1950,Desktop,8,11,0,22,0.0,267,1920x1080,Safari,hi-IN,-330,landscape,Mumbai,5509.6,2025-05-20 14:11:08,459,0,normal
user_404,session_4045,Mobile,6,3,6,16,1.26,176,414x896,Safari,en-IN,-330,landscape,Hyderabad,10033.1,2025-04-16 07:02:40,4,0,normal
user_284,session_2849,Desktop,9,2,0,13,0.0,103,1440x900,Firefox,en-IN,-330,landscape,Bengaluru,5857.64,2025-05-18 17:37:30,63,0,normal
user_0,session_2,Mobile,5,6,0,4,0.53,184,414x896,Safari,en-US,-330,landscape,Mumbai,4472.75,2025-02-12 16:23:24,82,0,normal
user_433,session_4338,Mobile,6,10,8,17,0.6,118,360x640,Firefox,en-IN,-330,landscape,Bengaluru,2022.28,2025-05-12 07:14:27,27,0,normal
user_93,session_936,Mobile,11,5,9,0,0.26,262,390x844,Safari,en-IN,-330,landscape,Pune,6056.38,2025-01-08 16:35:44,61,0,normal
user_513,session_5134,Desktop,3,12,0,9,0.0,44,1920x1080,Safari,en-US,-330,landscape,Kolkata,1928.76,2025-05-20 17:39:07,395,0,normal
user_272,session_2721,Desktop,9,13,0,13,0.0,133,1440x900,Edge,en-IN,-330,landscape,Mumbai,3165.46,2025-02-08 17:07:35,320,0,normal
user_59,session_592,Desktop,8,5,0,0,0.0,108,1366x768,Firefox,en-US,-330,landscape,Ahmedabad,3778.35,2025-01-27 19:25:52,120,0,normal
user_490,session_4909,Desktop,8,3,0,10,0.0,54,1366x768,Firefox,en-US,-330,landscape,Delhi,212.85,2025-01-28 11:38:36,93,0,normal
user_293,session_2937,Desktop,6,3,0,13,0.0,161,1920x1080,Firefox,en-IN,-330,landscape,Chennai,303.36,2025-05-21 13:50:47,371,0,normal
user_244,session_2449,Desktop,6,0,0,12,0.0,197,1366x768,Firefox,en-IN,-330,landscape,Delhi,10638.73,2025-03-22 13:34:07,287,0,normal
user_157,session_1577,Mobile,3,3,2,17,0.85,133,414x896,Safari,en-IN,-330,portrait,Ahmedabad,5709.2,2025-04-26 20:01:06,9,0,normal
user_500,session_5005,Tablet,2,6,4,15,1.08,163,810x1080,Firefox,en-IN,-330,portrait,Ahmedabad,380.92,2025-04-15 14:06:37,42,0,normal
user_21,session_214,Desktop,5,7,0,14,0.0,156,1920x1080,Safari,en-IN,-330,landscape,Pune,3647.99,2025-03-01 12:43:11,405,0,normal
user_77,session_779,Mobile,7,7,4,18,0.29,155,414x896,Chrome,en-IN,-330,landscape,Ahmedabad,2735.26,2025-04-08 14:10:33,67,0,normal
user_349,session_3497,Mobile,3,9,9,21,0.48,262,414x896,Firefox,en-IN,-330,landscape,Hyderabad,7418.64,2025-05-04 10:18:14,34,0,normal
user_470,session_4706,Desktop,5,0,0,6,0.0,115,1440x900,Firefox,en-IN,-330,landscape,Pune,6106.68,2025-03-16 11:26:55,78,0,normal
user_204,session_2044,Desktop,4,8,0,9,0.0,89,1366x768,Firefox,en-IN,-330,landscape,Hyderabad,4509.64,2025-05-12 11:31:17,182,0,normal
user_543,session_5439,Desktop,6,5,0,5,0.0,67,1366x768,Edge,en-IN,-330,landscape,Mumbai,11633.25,2025-01-07 14:52:10,319,0,normal
user_156,session_1568,Desktop,5,8,0,3,0.0,306,1440x900,Chrome,en-IN,-330,landscape,Ahmedabad,10406.77,2025-04-10 17:38:44,207,0,normal
user_16,session_166,Mobile,3,0,5,21,0.0,155,360x640,Firefox,en-IN,-330,landscape,Hyderabad,1764.08,2025-02-06 13:21:02,62,0,normal
user_356,session_3567,Desktop,5,0,0,17,0.0,188,1920x1080,Safari,en-IN,-330,landscape,Mumbai,428.87,2025-04-14 20:02:47,89,0,normal
user_459,session_4591,Desktop,7,2,0,12,0.0,67,1920x1080,Firefox,en-IN,-330,landscape,Delhi,4541.2,2025-03-03 21:41:33,233,0,normal
user_201,session_2014,Mobile,7,12,4,17,0.71,127,390x844,Edge,hi-IN,-330,landscape,Mumbai,4841.32,2025-04-01 16:35:07,19,0,normal
user_27,session_274,Desktop,10,9,0,10,0.0,278,1920x1080,Edge,en-US,-330,landscape,Ahmedabad,6250.72,2025-05-19 08:42:59,554,0,normal
user_386,session_3861,Mobile,8,0,2,20,0.52,230,390x844,Safari,en-IN,-330,landscape,Pune,6734.76,2025-02-10 06:03:42,58,0,normal
user_416,session_4168,Mobile,5,7,1,11,1.13,162,360x640,Safari,en-US,-330,portrait,Bengaluru,8082.01,2025-05-27 10:03:40,29,0,normal
user_478,session_4789,Mobile,9,2,3,17,0.87,106,414x896,Chrome,hi-IN,-330,portrait,Bengaluru,5865.49,2025-05-17 16:12:29,17,0,normal
user_378,session_3789,Desktop,10,8,0,24,0.0,185,1920x1080,Safari,en-IN,-330,landscape,Ahmedabad,1615.57,2025-04-18 17:56:45,472,0,normal
user_39,session_395,Desktop,6,7,0,13,0.0,67,1440x900,Edge,en-US,-330,landscape,Hyderabad,6263.25,2025-01-10 23:12:16,246,0,normal
user_58,session_584,Desktop,6,11,0,22,0.0,144,1366x768,Safari,en-US,-330,landscape,Delhi,2964.57,2025-02-07 10:14:33,280,0,normal
user_598,session_5981,Mobile,4,6,5,12,0.64,80,390x844,Edge,en-IN,-330,landscape,Kolkata,2845.98,2025-03-30 15:00:09,57,0,normal
user_556,session_5565,Mobile,7,3,7,15,0.43,85,414x896,Firefox,en-IN,-330,portrait,Bengaluru,6190.81,2025-01-31 11:45:53,32,0,normal
user_574,session_5741,Tablet,6,10,3,18,0.0,166,768x1024,Firefox,en-IN,-330,portrait,Ahmedabad,7106.71,2025-03-20 06:45:59,43,0,normal
user_52,session_521,Desktop,5,8,0,9,0.0,85,1440x900,Edge,en-IN,-330,landscape,Ahmedabad,5188.8,2025-02-06 20:00:37,400,0,normal
user_176,session_1764,Desktop,6,9,0,13,0.0,63,1440x900,Safari,en-US,-330,landscape,Hyderabad,1503.23,2025-04-27 15:02:41,1,0,normal
user_187,session_1876,Desktop,8,7,0,20,0.0,32,1920x1080,Safari,en-IN,-330,landscape,Kolkata,1498.32,2025-04-11 17:39:48,205,0,normal
user_396,session_3966,Desktop,4,6,0,11,0.0,61,1920x1080,Firefox,en-IN,-330,landscape,Pune,483.8,2025-04-30 18:14:23,253,0,normal
user_334,session_3345,Desktop,4,8,0,17,0.0,75,1440x900,Firefox,en-IN,-330,landscape,Pune,5464.26,2025-01-19 12:49:03,234,0,normal
user_225,session_2254,Desktop,1,14,0,1,0.0,140,1440x900,Chrome,en-IN,-330,landscape,Hyderabad,7623.27,2025-01-08 09:56:55,387,0,normal
user_322,session_3225,Desktop,7,10,0,12,0.0,108,1920x1080,Edge,en-IN,-330,landscape,Hyderabad,1000.94,2025-05-09 09:10:20,307,0,normal
user_52,session_527,Desktop,8,7,0,7,0.0,85,1440x900,Edge,en-IN,-330,landscape,Ahmedabad,4094.3,2025-03-31 23:00:21,598,0,normal
user_294,session_2947,Desktop,4,12,0,10,0.0,255,1440x900,Edge,en-IN,-330,landscape,Hyderabad,4365.71,2025-03-20 08:36:23,352,0,normal
user_389,session_3900,Mobile,2,7,2,20,0.28,212,390x844,Firefox,en-IN,-330,portrait,Kolkata,6861.83,2025-05-05 11:58:08,55,0,normal
user_69,session_693,Mobile,6,0,4,4,1.48,155,414x896,Chrome,en-US,-330,landscape,Mumbai,1214.09,2025-01-29 11:03:49,31,0,normal
user_567,session_5675,Desktop,2,9,0,16,0.0,111,1920x1080,Safari,en-IN,-330,landscape,Ahmedabad,5044.07,2025-03-29 16:57:28,263,0,normal
user_363,session_3634,Mobile,4,7,7,11,0.9,121,390x844,Edge,en-IN,-330,portrait,Mumbai,4724.55,2025-01-08 07:21:17,19,0,normal
user_105,session_1051,Desktop,7,7,0,10,0.0,160,1920x1080,Edge,en-IN,-330,landscape,Hyderabad,4889.1,2025-02-03 12:03:35,407,0,normal
user_59,session_591,Desktop,9,12,0,13,0.0,56,1366x768,Firefox,en-US,-330,landscape,Ahmedabad,3122.83,2025-03-24 14:37:34,247,0,normal
user_51,session_520,Mobile,2,4,3,5,0.49,153,390x844,Firefox,en-IN,-330,portrait,Pune,4606.72,2025-01-22 18:17:38,40,0,normal
user_338,session_3381,Desktop,7,8,0,31,0.0,126,1920x1080,Safari,en-IN,-330,landscape,Chennai,1732.42,2025-04-26 05:52:16,548,0,normal
user_367,session_3677,Tablet,0,7,7,11,0.59,55,768x1024,Safari,en-US,-330,landscape,Mumbai,8418.92,2025-04-12 11:11:04,51,0,normal
user_493,session_4938,Desktop,6,3,0,9,0.0,70,1440x900,Chrome,en-IN,-330,landscape,Mumbai,1697.87,2025-03-12 07:39:47,369,0,normal
user_160,session_1608,Desktop,7,12,0,3,0.0,237,1920x1080,Firefox,en-IN,-330,landscape,Hyderabad,830.51,2025-03-17 19:10:13,141,0,normal
user_361,session_3611,Mobile,6,7,12,14,0.81,48,360x640,Chrome,en-IN,-330,landscape,Mumbai,830.38,2025-03-07 16:01:30,51,0,normal
user_581,session_5813,Desktop,10,10,0,15,0.0,43,1440x900,Edge,hi-IN,-330,landscape,Pune,7546.85,2025-01-06 18:01:51,247,0,normal
user_180,session_1810,Desktop,3,1,0,17,0.0,191,1440x900,Firefox,en-IN,-330,landscape,Bengaluru,3282.26,2025-03-12 17:26:33,446,0,normal
user_79,session_792,Desktop,3,10,0,7,0.0,140,1920x1080,Safari,en-IN,-330,landscape,Delhi,5196.03,2025-02-05 11:13:22,326,0,normal
user_79,session_793,Desktop,1,5,0,6,0.0,208,1920x1080,Safari,en-IN,-330,landscape,Delhi,11047.09,2025-02-13 05:39:01,254,0,normal
user_492,session_4928,Desktop,7,8,0,23,0.0,185,1440x900,Edge,en-US,-330,landscape,Bengaluru,3683.51,2025-03-08 19:52:07,163,0,normal
user_185,session_1856,Mobile,11,4,7,13,0.08,115,414x896,Safari,en-IN,-330,landscape,Mumbai,2937.57,2025-03-01 22:21:22,38,0,normal
user_198,session_1981,Desktop,5,10,0,17,0.0,109,1920x1080,Safari,en-IN,-330,landscape,Chennai,3730.5,2025-04-19 12:50:07,187,0,normal
user_323,session_3234,Mobile,1,9,3,12,0.09,108,360x640,Safari,en-US,-330,landscape,Delhi,5303.74,2025-05-21 18:00:08,31,0,normal
user_359,session_3599,Desktop,2,9,0,12,0.0,117,1366x768,Chrome,en-US,-330,landscape,Hyderabad,638.18,2025-03-10 18:33:24,0,0,normal
user_93,session_934,Mobile,13,20,0,0,0.8,242,390x844,Safari,en-IN,-330,portrait,Pune,4394.31,2025-02-13 16:14:50,39,0,normal
user_396,session_3964,Desktop,5,3,0,14,0.0,61,1920x1080,Firefox,en-IN,-330,landscape,Pune,166.32,2025-03-04 17:44:20,311,0,normal
user_557,session_5573,Desktop,7,13,0,17,0.0,245,1366x768,Firefox,en-US,-330,landscape,Chennai,5221.27,2025-01-19 11:18:33,339,0,normal
user_417,session_4180,Desktop,2,0,0,14,0.0,274,1440x900,Safari,en-IN,-330,landscape,Delhi,7364.07,2025-05-26 04:11:50,245,0,normal
user_402,session_4027,Mobile,10,6,8,12,1.08,121,360x640,Safari,en-IN,-330,landscape,Bengaluru,3300.44,2025-05-25 08:56:47,55,0,normal
user_411,session_4117,Desktop,7,13,0,3,0.0,115,1440x900,Safari,en-IN,-330,landscape,Chennai,5324.9,2025-04-03 14:13:35,243,0,normal
user_98,session_989,Mobile,4,17,10,15,0.34,92,414x896,Edge,en-US,-330,landscape,Hyderabad,2125.11,2025-05-04 21:02:40,42,0,normal
user_462,session_4627,Mobile,1,9,7,23,1.19,126,360x640,Chrome,en-US,-330,landscape,Hyderabad,8126.38,2025-02-12 14:46:07,45,0,normal
user_345,session_3454,Desktop,7,2,0,19,0.0,108,1920x1080,Firefox,en-IN,-330,landscape,Chennai,4006.39,2025-03-28 19:28:24,489,0,normal
user_547,session_5478,Desktop,12,5,0,24,0.0,121,1920x1080,Firefox,en-IN,-330,landscape,Ahmedabad,3749.61,2025-04-07 12:48:16,189,0,normal
user_377,session_3779,Mobile,7,7,1,15,1.1,219,414x896,Chrome,en-US,-330,portrait,Hyderabad,6775.3,2025-04-12 22:42:55,64,0,normal
user_534,session_5350,Desktop,2,9,0,6,0.0,315,1366x768,Firefox,en-IN,-330,landscape,Chennai,10145.92,2025-05-19 13:17:38,399,0,normal
user_309,session_3094,Mobile,2,3,6,16,0.82,69,360x640,Chrome,en-IN,-330,portrait,Mumbai,4102.09,2025-05-21 12:13:08,22,0,normal
user_315,session_3156,Desktop,4,7,0,21,0.0,43,1440x900,Edge,hi-IN,-330,landscape,Bengaluru,7268.73,2025-03-04 09:47:47,310,0,normal
user_320,session_3202,Desktop,6,11,0,25,0.0,97,1440x900,Chrome,en-IN,-330,landscape,Chennai,4856.11,2025-01-02 06:22:15,329,0,normal
user_483,session_4840,Desktop,0,4,0,18,0.0,53,1366x768,Firefox,hi-IN,-330,landscape,Delhi,4765.72,2025-01-12 07:55:33,539,0,normal
user_109,session_1099,Mobile,3,7,0,15,0.0,149,390x844,Chrome,en-IN,-330,landscape,Hyderabad,13423.41,2025-02-07 07:12:25,445,1,account_takeover
user_497,session_4980,Desktop,5,1,0,7,0.0,87,1440x900,Chrome,en-IN,-330,landscape,Kolkata,9397.34,2025-04-24 16:22:30,353,0,normal
user_284,session_2845,Desktop,8,7,0,9,0.0,97,1440x900,Firefox,en-IN,-330,landscape,Bengaluru,5018.85,2025-02-11 22:01:36,218,0,normal
user_88,session_887,Desktop,6,14,0,28,0.0,65,1440x900,Edge,en-US,-330,landscape,Bengaluru,5369.7,2025-04-01 17:17:14,354,0,normal
user_591,session_5919,Mobile,7,10,7,19,0.27,185,390x844,Chrome,hi-IN,-330,landscape,Kolkata,8726.83,2025-01-08 19:40:20,43,0,normal
user_465,session_4652,Mobile,9,2,11,20,0.45,39,390x844,Chrome,en-IN,-330,portrait,Bengaluru,5442.88,2025-04-19 11:36:49,3,0,normal
user_51,session_516,Mobile,5,6,6,5,0.55,108,390x844,Firefox,en-IN,-330,portrait,Pune,3926.2,2025-03-27 16:05:04,51,0,normal
user_578,session_5785,Desktop,4,8,0,15,0.0,81,1920x1080,Edge,en-IN,-330,landscape,Delhi,2627.6,2025-02-28 22:16:26,369,0,normal
user_145,session_1454,Desktop,11,12,0,10,0.0,194,1366x768,Chrome,en-IN,-330,landscape,Chennai,6261.14,2025-02-27 19:39:05,494,0,normal
user_355,session_3554,Mobile,6,1,12,7,0.58,55,414x896,Firefox,hi-IN,-330,portrait,Ahmedabad,1106.75,2025-03-24 17:19:13,16,0,normal
user_360,session_3610,Desktop,10,15,0,8,0.0,56,1366x768,Chrome,en-US,-330,landscape,Ahmedabad,8648.07,2025-03-06 14:47:09,334,0,normal
user_250,session_2507,Mobile,10,7,2,12,0.81,154,360x640,Safari,en-IN,-330,landscape,Delhi,4337.08,2025-04-24 09:08:39,33,0,normal
user_299,session_2995,Mobile,2,7,5,19,0.73,245,414x896,Firefox,en-IN,-330,landscape,Ahmedabad,8986.96,2025-01-11 15:07:26,30,0,normal
user_399,session_4000,Desktop,6,5,0,22,0.0,118,1440x900,Firefox,en-IN,-330,landscape,Ahmedabad,5906.86,2025-01-01 12:40:11,430,0,normal
user_568,session_5689,Desktop,6,6,0,7,0.0,134,1366x768,Firefox,en-US,-330,landscape,Ahmedabad,414.71,2025-01-18 14:59:55,379,0,normal
user_90,session_907,Mobile,3,8,5,7,0.68,188,414x896,Chrome,en-IN,-330,landscape,Bengaluru,3907.71,2025-03-15 09:50:14,60,0,normal
user_2,session_29,Mobile,0,4,8,12,0.33,204,414x896,Safari,en-IN,-330,landscape,Mumbai,4122.63,2025-05-28 15:49:31,23,0,normal
user_250,session_2508,Mobile,0,7,9,6,0.34,115,360x640,Safari,en-IN,-330,portrait,Delhi,9154.27,2025-02-27 10:24:29,10,0,normal
user_242,session_2429,Mobile,6,15,8,25,0.98,255,390x844,Chrome,en-IN,-330,portrait,Delhi,5124.13,2025-03-06 17:39:01,39,0,normal
user_76,session_763,Mobile,3,7,7,8,0.64,213,414x896,Firefox,en-IN,-330,portrait,Kolkata,10787.59,2025-02-08 18:33:24,61,0,normal
user_374,session_3748,Mobile,4,8,11,20,0.54,26,390x844,Firefox,en-IN,-330,portrait,Ahmedabad,8341.06,2025-05-22 19:33:56,24,0,normal
user_28,session_285,Desktop,0,6,0,17,0.0,224,1440x900,Safari,en-US,-330,landscape,Bengaluru,5551.06,2025-05-25 15:02:07,231,0,normal
user_68,session_687,Mobile,9,8,2,19,0.34,217,360x640,Chrome,en-IN,-330,portrait,Mumbai,465.82,2025-03-13 17:28:36,68,0,normal
user_235,session_2354,Desktop,4,3,0,17,0.0,73,1440x900,Safari,en-IN,-330,landscape,Bengaluru,4037.55,2025-03-18 16:07:26,237,0,normal
user_482,session_4826,Desktop,1,6,0,14,0.0,39,1920x1080,Firefox,en-US,-330,landscape,Kolkata,2910.1,2025-02-17 15:44:59,179,0,normal
user_2,session_22,Mobile,5,2,3,9,0.51,223,414x896,Safari,en-IN,-330,portrait,Mumbai,4844.68,2025-03-03 13:54:13,0,0,normal
user_275,session_2753,Mobile,6,7,5,11,0.09,159,360x640,Edge,en-US,-330,landscape,Mumbai,6777.48,2025-01-05 08:07:08,0,0,normal
user_88,session_886,Desktop,4,11,0,16,0.0,59,1440x900,Edge,en-US,-330,landscape,Bengaluru,7038.85,2025-01-19 16:58:25,456,0,normal
user_91,session_918,Desktop,0,2,0,13,0.0,95,1366x768,Chrome,en-IN,-330,landscape,Kolkata,6609.0,2025-05-08 16:54:53,204,0,normal
user_104,session_1041,Tablet,2,4,2,9,0.35,63,768x1024,Safari,en-IN,-330,portrait,Mumbai,397.14,2025-05-07 12:33:34,7,0,normal
user_126,session_1266,Desktop,8,9,0,18,0.0,304,1366x768,Chrome,en-IN,-330,landscape,Delhi,389.71,2025-03-02 11:18:10,315,0,normal
user_518,session_5188,Mobile,0,5,3,0,0.66,211,414x896,Chrome,en-IN,-330,landscape,Mumbai,1682.54,2025-05-01 20:26:23,16,0,normal
user_27,session_278,Desktop,7,10,0,13,0.0,159,1920x1080,Edge,en-US,-330,landscape,Ahmedabad,4645.84,2025-05-28 09:37:04,354,0,normal
user_208,session_2085,Desktop,2,14,0,23,0.0,107,1366x768,Safari,en-US,-330,landscape,Mumbai,5699.95,2025-01-30 11:45:04,410,0,normal
user_124,session_1246,Mobile,6,6,2,1,1.07,299,360x640,Chrome,en-IN,-330,portrait,Mumbai,6057.42,2025-01-10 19:14:02,57,0,normal
user_238,session_2383,Mobile,9,14,3,16,0.26,196,360x640,Safari,en-IN,-330,portrait,Bengaluru,2816.29,2025-01-25 11:29:31,65,0,normal
user_57,session_572,Desktop,2,6,0,14,0.0,81,1366x768,Edge,en-IN,-330,landscape,Bengaluru,7170.32,2025-01-03 10:04:02,471,0,normal
user_143,session_1436,Desktop,10,13,0,19,0.0,89,1440x900,Edge,en-IN,-330,landscape,Bengaluru,1648.52,2025-03-08 07:59:55,0,0,normal
user_390,session_3903,Mobile,1,10,7,10,0.0,98,360x640,Edge,en-IN,-330,portrait,Bengaluru,3412.38,2025-02-22 09:15:13,35,0,normal
user_124,session_1248,Mobile,3,1,8,10,1.22,292,360x640,Chrome,en-IN,-330,portrait,Mumbai,6527.83,2025-05-06 19:56:14,37,0,normal
user_352,session_3527,Desktop,6,15,0,12,0.0,96,1920x1080,Safari,hi-IN,-330,landscape,Delhi,1535.25,2025-05-22 14:38:48,401,0,normal
user_251,session_2515,Mobile,6,10,5,14,0.64,84,414x896,Firefox,hi-IN,-330,landscape,Hyderabad,6183.41,2025-02-22 14:47:02,72,0,normal
user_100,session_1008,Desktop,12,8,0,4,0.0,141,1366x768,Edge,en-IN,-330,landscape,Bengaluru,7934.15,2025-03-14 09:48:57,530,0,normal
user_519,session_5193,Desktop,3,3,0,8,0.0,257,1366x768,Firefox,en-IN,-330,landscape,Chennai,11118.4,2025-01-07 15:32:51,478,0,normal
user_206,session_2065,Desktop,5,12,0,15,0.0,151,1920x1080,Chrome,en-US,-330,landscape,Kolkata,5978.75,2025-05-22 09:15:24,432,0,normal
user_574,session_5749,Tablet,10,10,10,21,0.45,85,768x1024,Firefox,en-IN,-330,portrait,Ahmedabad,4958.27,2025-03-08 05:04:48,62,0,normal
user_169,session_1691,Desktop,3,6,0,21,0.0,199,1366x768,Safari,en-IN,-330,landscape,Mumbai,861.01,2025-05-01 17:04:12,237,0,normal
user_558,session_5590,Mobile,5,9,2,9,1.12,173,390x844,Firefox,en-IN,-330,landscape,Delhi,1747.31,2025-02-02 05:31:23,32,0,normal
user_198,session_1986,Desktop,3,10,0,16,0.0,156,1920x1080,Safari,en-IN,-330,landscape,Chennai,3730.7,2025-04-07 18:06:05,476,0,normal
user_29,session_295,Desktop,1,11,0,19,0.0,97,1920x1080,Chrome,en-IN,-330,landscape,Ahmedabad,622.4,2025-04-17 05:12:33,595,0,normal
user_154,session_1548,Desktop,6,0,0,12,0.0,78,1366x768,Chrome,en-IN,-330,landscape,Pune,3192.24,2025-03-25 13:07:30,190,0,normal
user_201,session_2013,Mobile,8,8,4,10,0.72,185,390x844,Edge,hi-IN,-330,landscape,Mumbai,1556.14,2025-03-14 18:48:08,38,0,normal
user_58,session_589,Desktop,5,11,0,19,0.0,71,1366x768,Safari,en-US,-330,landscape,Delhi,891.16,2025-05-24 15:32:50,282,0,normal
user_332,session_3330,Desktop,3,4,0,8,0.0,123,1366x768,Chrome,en-IN,-330,landscape,Chennai,4305.09,2025-04-17 09:42:00,259,0,normal
user_240,session_2404,Tablet,12,10,11,17,0.25,86,768x1024,Firefox,en-US,-330,landscape,Pune,784.01,2025-05-05 18:21:55,51,0,normal
user_212,session_2130,Mobile,3,9,8,26,0.66,131,414x896,Safari,en-IN,-330,portrait,Bengaluru,8370.33,2025-04-23 06:40:29,68,0,normal
user_399,session_3999,Desktop,7,14,0,30,0.0,100,1440x900,Firefox,en-IN,-330,landscape,Ahmedabad,6269.93,2025-02-11 15:07:37,507,0,normal
user_525,session_5251,Desktop,6,8,0,17,0.0,99,1920x1080,Safari,en-IN,-330,landscape,Bengaluru,441.0,2025-03-25 15:28:09,115,0,normal
user_374,session_3742,Mobile,7,13,7,6,0.0,47,390x844,Firefox,en-IN,-330,landscape,Ahmedabad,2823.48,2025-05-27 17:11:37,0,0,normal
user_350,session_3509,Desktop,6,9,0,22,0.0,169,1920x1080,Firefox,en-IN,-330,landscape,Delhi,1163.47,2025-05-28 21:47:30,186,0,normal
user_271,session_2720,Desktop,11,15,0,10,0.0,26,1920x1080,Chrome,en-IN,-330,landscape,Mumbai,413.67,2025-03-04 12:04:47,529,0,normal
user_546,session_5462,Mobile,2,1,6,25,0.26,71,414x896,Edge,en-IN,-330,landscape,Bengaluru,9153.98,2025-01-19 15:58:30,30,0,normal
user_546,session_5468,Mobile,0,10,3,16,0.43,136,414x896,Edge,en-IN,-330,landscape,Bengaluru,2821.19,2025-01-08 12:30:10,12,0,normal
user_55,session_557,Desktop,3,0,0,9,0.0,84,1366x768,Chrome,hi-IN,-330,landscape,Kolkata,493.22,2025-02-16 16:49:29,378,0,normal
user_246,session_2470,Desktop,7,8,0,6,0.0,118,1366x768,Edge,en-IN,-330,landscape,Bengaluru,2962.09,2025-01-21 13:53:45,103,0,normal
user_373,session_3739,Mobile,4,5,4,15,1.03,207,360x640,Chrome,en-IN,-330,landscape,Mumbai,7219.55,2025-02-25 19:14:09,0,0,normal
user_428,session_4287,Mobile,9,13,6,21,0.27,106,360x640,Safari,en-IN,-330,portrait,Pune,8416.29,2025-05-18 16:58:04,27,0,normal
user_493,session_4933,Desktop,8,9,0,2,0.0,38,1440x900,Chrome,en-IN,-330,landscape,Mumbai,4283.06,2025-05-19 11:23:15,248,0,normal
user_171,session_1717,Mobile,7,5,8,16,0.71,72,360x640,Edge,hi-IN,-330,landscape,Ahmedabad,6063.02,2025-04-27 16:26:20,40,0,normal
user_260,session_2605,Mobile,3,9,4,12,0.35,110,390x844,Edge,en-IN,-330,portrait,Pune,2404.69,2025-02-16 17:25:01,26,0,normal
user_494,session_4944,Mobile,7,16,7,17,0.35,64,390x844,Edge,en-IN,-330,portrait,Hyderabad,268.74,2025-05-13 07:51:21,23,0,normal
user_170,session_1705,Mobile,4,9,1,12,0.51,259,414x896,Chrome,en-IN,-330,portrait,Chennai,5754.13,2025-05-28 20:02:06,71,0,normal
user_213,session_2140,Desktop,1,9,0,16,0.0,310,1366x768,Chrome,en-IN,-330,landscape,Hyderabad,10271.66,2025-02-15 17:04:43,140,0,normal
user_323,session_3240,Mobile,1,11,5,17,1.21,194,360x640,Safari,en-US,-330,landscape,Delhi,4727.04,2025-05-30 19:19:38,37,0,normal
user_238,session_2384,Mobile,7,0,1,22,0.0,209,360x640,Safari,en-IN,-330,landscape,Bengaluru,3319.26,2025-05-16 04:55:14,36,0,normal
user_431,session_4312,Desktop,3,1,0,4,0.0,56,1366x768,Safari,en-IN,-330,landscape,Kolkata,4685.57,2025-03-01 11:44:39,368,0,normal
user_128,session_1286,Desktop,8,11,0,18,0.0,178,1366x768,Firefox,en-US,-330,landscape,Pune,2434.25,2025-02-13 13:55:55,413,0,normal
user_510,session_5106,Desktop,2,11,0,7,0.0,59,1920x1080,Firefox,en-IN,-330,landscape,Mumbai,4012.5,2025-04-05 13:15:18,94,0,normal
user_535,session_5358,Tablet,7,13,3,1,0.34,153,810x1080,Safari,en-IN,-330,landscape,Kolkata,3670.28,2025-03-31 12:18:29,64,0,normal
user_393,session_3931,Mobile,9,6,1,12,1.49,170,390x844,Edge,en-IN,-330,portrait,Mumbai,6321.25,2025-03-16 10:24:54,45,0,normal
user_453,session_4538,Desktop,2,10,0,20,0.0,152,1920x1080,Chrome,en-US,-330,landscape,Bengaluru,1804.36,2025-02-27 08:18:17,326,0,normal
user_159,session_1592,Desktop,7,3,0,8,0.0,95,1440x900,Chrome,en-IN,-330,landscape,Hyderabad,842.28,2025-02-20 19:55:16,277,0,normal
user_531,session_5311,Desktop,8,9,0,19,0.0,136,1366x768,Chrome,hi-IN,-330,landscape,Mumbai,8939.5,2025-05-13 19:52:05,399,0,normal
user_216,session_2163,Desktop,8,12,0,13,0.0,51,1440x900,Safari,hi-IN,-330,landscape,Delhi,2781.8,2025-03-16 09:05:56,501,0,normal
user_239,session_2397,Desktop,9,12,0,12,0.0,176,1920x1080,Firefox,hi-IN,-330,landscape,Pune,2098.31,2025-03-05 16:27:35,247,0,normal
user_31,session_318,Desktop,2,11,0,7,0.0,63,1366x768,Safari,en-IN,-330,landscape,Delhi,3542.63,2025-05-06 07:47:29,211,0,normal
user_538,session_5384,Mobile,6,14,4,23,0.4,80,414x896,Safari,en-US,-330,landscape,Ahmedabad,7129.88,2025-04-18 11:02:11,0,0,normal
user_311,session_3112,Desktop,6,10,0,18,0.0,110,1440x900,Safari,en-IN,-330,landscape,Delhi,5236.65,2025-02-06 14:30:34,420,0,normal
user_403,session_4037,Mobile,10,7,3,13,0.78,136,390x844,Edge,en-IN,-330,landscape,Ahmedabad,3303.64,2025-02-10 14:19:24,90,0,normal
user_79,session_796,Desktop,4,12,0,0,0.0,208,1920x1080,Safari,en-IN,-330,landscape,Delhi,4959.07,2025-02-20 12:02:40,257,0,normal
user_302,session_3021,Desktop,8,6,0,16,0.0,89,1440x900,Firefox,en-IN,-330,landscape,Hyderabad,5012.55,2025-03-19 16:50:09,483,0,normal
user_171,session_1712,Mobile,0,4,0,11,0.79,57,360x640,Edge,hi-IN,-330,portrait,Ahmedabad,6467.52,2025-01-04 14:30:51,21,0,normal
user_338,session_3388,Desktop,3,12,0,17,0.0,49,1920x1080,Safari,en-IN,-330,landscape,Chennai,1465.0,2025-04-22 06:29:43,268,0,normal
user_3,session_37,Mobile,5,11,0,11,0.0,201,390x844,Firefox,hi-IN,-330,portrait,Bengaluru,2390.25,2025-04-20 12:31:59,59,0,normal
user_91,session_914,Desktop,2,7,0,15,0.0,42,1366x768,Chrome,en-IN,-330,landscape,Kolkata,5775.53,2025-05-18 13:28:33,269,0,normal
user_397,session_3973,Mobile,1,6,2,13,0.0,40,390x844,Safari,en-IN,-330,portrait,Mumbai,4053.19,2025-05-13 13:32:21,30,0,normal
user_413,session_4134,Mobile,1,10,3,14,0.45,115,414x896,Safari,en-IN,-330,portrait,Delhi,4120.38,2025-03-14 16:10:15,73,0,normal
user_97,session_975,Mobile,0,2,9,14,0.11,58,390x844,Chrome,en-IN,-330,landscape,Mumbai,4480.56,2025-04-23 22:38:45,24,0,normal
user_98,session_984,Mobile,10,6,1,15,0.36,115,414x896,Edge,en-US,-330,landscape,Hyderabad,1185.31,2025-04-22 18:05:44,33,0,normal
user_520,session_5210,Desktop,0,9,0,8,0.0,155,1920x1080,Edge,hi-IN,-330,landscape,Hyderabad,1588.87,2025-02-07 17:49:46,279,0,normal
user_141,session_1419,Desktop,9,10,0,18,0.0,54,1366x768,Edge,en-IN,-330,landscape,Bengaluru,4426.56,2025-05-02 16:15:20,391,0,normal
user_156,session_1561,Desktop,8,10,0,1,0.0,248,1440x900,Chrome,en-IN,-330,landscape,Ahmedabad,7120.49,2025-02-23 23:39:46,190,0,normal
user_413,session_4136,Mobile,2,10,5,5,0.06,50,414x896,Safari,en-IN,-330,landscape,Delhi,6299.94,2025-02-02 07:37:31,31,0,normal
user_426,session_4266,Tablet,6,0,4,16,0.38,90,768x1024,Chrome,en-US,-330,landscape,Delhi,2083.36,2025-03-08 19:47:10,31,0,normal
user_135,session_1356,Mobile,3,11,2,17,0.65,249,414x896,Firefox,en-IN,-330,landscape,Kolkata,4307.82,2025-05-21 09:45:50,28,0,normal
user_569,session_5692,Desktop,13,7,0,23,0.0,175,1920x1080,Firefox,en-IN,-330,landscape,Ahmedabad,875.9,2025-04-10 11:51:43,363,0,normal
user_98,session_988,Mobile,6,9,9,17,0.0,91,414x896,Edge,en-US,-330,portrait,Hyderabad,1390.19,2025-03-04 17:03:29,42,0,normal
user_268,session_2683,Desktop,1,9,0,6,0.0,294,1440x900,Edge,en-US,-330,landscape,Mumbai,3367.41,2025-01-03 15:24:47,395,0,normal
user_164,session_1641,Desktop,4,11,0,21,0.0,215,1440x900,Firefox,en-IN,-330,landscape,Kolkata,2670.22,2025-05-28 11:49:26,106,0,normal
user_129,session_1291,Desktop,4,12,0,8,0.0,130,1366x768,Edge,en-US,-330,landscape,Mumbai,855.47,2025-02-24 18:02:27,234,0,normal
user_368,session_3682,Desktop,7,6,0,7,0.0,89,1440x900,Chrome,en-IN,-330,landscape,Delhi,1066.15,2025-04-03 20:16:05,238,0,normal
user_138,session_1381,Desktop,4,3,0,3,0.0,102,1366x768,Chrome,en-IN,-330,landscape,Mumbai,4872.3,2025-01-03 15:08:40,519,0,normal
user_193,session_1934,Mobile,10,15,6,15,0.49,144,414x896,Edge,en-US,-330,landscape,Pune,772.09,2025-02-23 23:22:32,74,0,normal
user_504,session_5046,Desktop,3,12,0,11,0.0,95,1440x900,Firefox,en-IN,-330,landscape,Ahmedabad,889.98,2025-01-13 09:20:47,483,0,normal
user_316,session_3161,Desktop,4,6,0,10,0.0,76,1920x1080,Safari,hi-IN,-330,landscape,Bengaluru,5806.57,2025-05-08 13:34:05,372,0,normal
user_203,session_2031,Desktop,2,0,0,12,0.0,158,1366x768,Chrome,en-IN,-330,landscape,Chennai,8800.72,2025-03-07 13:15:33,397,0,normal
user_89,session_893,Desktop,0,11,0,8,0.0,49,1440x900,Firefox,en-IN,-330,landscape,Chennai,2939.42,2025-03-20 17:55:32,144,0,normal
user_406,session_4070,Desktop,5,8,0,11,0.0,97,1366x768,Firefox,en-US,-330,landscape,Ahmedabad,8223.57,2025-03-01 11:03:35,340,0,normal
user_425,session_4256,Desktop,6,13,0,17,0.0,132,1366x768,Chrome,hi-IN,-330,landscape,Mumbai,5365.37,2025-02-10 12:07:06,296,0,normal
user_0,session_3,Mobile,4,0,3,12,0.63,132,414x896,Safari,en-US,-330,portrait,Mumbai,1123.28,2025-02-17 18:33:05,77,0,normal
user_210,session_2110,Desktop,4,0,0,13,0.0,53,1366x768,Chrome,en-IN,-330,landscape,Kolkata,11761.85,2025-02-17 12:47:44,343,0,normal
user_84,session_850,Desktop,5,5,0,13,0.0,183,1920x1080,Chrome,en-US,-330,landscape,Mumbai,1382.66,2025-01-12 14:18:24,344,0,normal
user_273,session_2738,Desktop,7,8,0,19,0.0,90,1366x768,Edge,en-IN,-330,landscape,Hyderabad,1412.6,2025-04-11 14:02:06,195,0,normal
user_246,session_2467,Desktop,13,4,0,26,0.0,132,1366x768,Edge,en-IN,-330,landscape,Bengaluru,2326.04,2025-03-11 14:46:00,333,0,normal
user_191,session_1915,Desktop,3,11,0,20,0.0,75,1366x768,Chrome,en-IN,-330,landscape,Mumbai,1326.17,2025-04-26 10:19:33,196,0,normal
user_159,session_1597,Desktop,3,9,0,19,0.0,118,1440x900,Chrome,en-IN,-330,landscape,Hyderabad,820.57,2025-02-20 20:50:52,328,0,normal
user_191,session_1914,Desktop,4,10,0,13,0.0,70,1366x768,Chrome,en-IN,-330,landscape,Mumbai,1698.52,2025-04-02 11:48:26,318,0,normal
user_565,session_5653,Desktop,7,7,0,6,0.0,109,1440x900,Edge,en-US,-330,landscape,Pune,3717.43,2025-03-11 14:17:21,291,0,normal
user_273,session_2737,Desktop,6,5,0,23,0.0,173,1366x768,Edge,en-IN,-330,landscape,Hyderabad,1699.22,2025-04-17 15:26:04,218,0,normal
user_72,session_727,Desktop,8,7,0,7,0.0,310,1440x900,Firefox,en-IN,-330,landscape,Ahmedabad,2684.12,2025-04-05 12:58:44,244,0,normal
user_5,session_54,Desktop,6,2,0,12,0.0,85,1366x768,Chrome,en-IN,-330,landscape,Chennai,1933.24,2025-01-05 12:33:50,116,0,normal
user_179,session_1797,Desktop,10,11,0,7,0.0,96,1366x768,Chrome,en-US,-330,landscape,Pune,417.57,2025-05-06 13:27:56,360,0,normal
user_384,session_3846,Mobile,1,2,0,18,0.86,166,414x896,Chrome,en-US,-330,landscape,Hyderabad,5285.1,2025-02-02 12:45:19,72,0,normal
user_255,session_2554,Desktop,9,8,0,16,0.0,207,1920x1080,Safari,en-IN,-330,landscape,Mumbai,2003.13,2025-02-11 17:40:46,364,0,normal
user_280,session_2801,Tablet,8,5,4,14,1.07,77,810x1080,Safari,en-IN,-330,landscape,Hyderabad,3951.98,2025-01-01 12:23:08,8,0,normal
user_93,session_937,Mobile,5,16,3,22,0.49,289,390x844,Safari,en-IN,-330,landscape,Pune,3667.17,2025-03-24 12:46:46,7,0,normal
user_494,session_4942,Mobile,10,7,2,6,0.27,64,390x844,Edge,en-IN,-330,landscape,Hyderabad,194.76,2025-04-10 08:18:21,34,0,normal
user_82,session_825,Mobile,9,3,4,9,0.29,178,414x896,Chrome,en-IN,-330,landscape,Pune,11258.55,2025-01-31 14:17:12,51,0,normal
user_432,session_4322,Desktop,12,5,0,14,0.0,109,1366x768,Chrome,en-IN,-330,landscape,Delhi,448.11,2025-01-20 20:24:56,296,0,normal
user_340,session_3402,Tablet,4,17,13,28,0.74,201,810x1080,Safari,en-US,-330,portrait,Bengaluru,1657.84,2025-01-03 17:07:38,42,0,normal
user_138,session_1390,Desktop,0,4,0,8,0.0,49,1366x768,Chrome,en-IN,-330,landscape,Mumbai,2871.79,2025-01-09 14:29:04,390,0,normal
user_356,session_3565,Desktop,6,4,0,18,0.0,151,1920x1080,Safari,en-IN,-330,landscape,Mumbai,270.61,2025-05-26 19:36:45,249,0,normal
user_88,session_885,Desktop,15,14,0,15,0.0,95,1440x900,Edge,en-US,-330,landscape,Bengaluru,20.0,2025-04-30 15:02:53,310,0,normal
user_186,session_1869,Desktop,6,15,0,15,0.0,161,1920x1080,Edge,en-US,-330,landscape,Bengaluru,2163.42,2025-01-19 14:39:50,10,0,normal
user_1,session_11,Mobile,8,14,7,17,0.65,130,390x844,Firefox,en-IN,-330,landscape,Delhi,4665.89,2025-03-04 15:18:15,69,0,normal
user_341,session_3416,Tablet,13,7,1,16,0.47,55,768x1024,Firefox,en-IN,-330,portrait,Ahmedabad,3198.39,2025-04-07 08:06:35,0,0,normal
user_146,session_1464,Desktop,2,14,0,0,0.0,59,1440x900,Firefox,en-IN,-330,landscape,Bengaluru,8041.1,2025-04-23 12:17:37,308,0,normal
user_80,session_807,Mobile,0,8,4,10,0.68,173,414x896,Safari,en-IN,-330,portrait,Delhi,5816.99,2025-01-03 16:17:12,39,0,normal
user_471,session_4716,Desktop,6,13,0,5,0.0,132,1440x900,Chrome,en-IN,-330,landscape,Ahmedabad,1419.07,2025-02-15 03:08:01,116,0,normal
user_406,session_4069,Desktop,7,11,0,18,0.0,72,1366x768,Firefox,en-US,-330,landscape,Ahmedabad,5706.55,2025-01-31 12:18:37,429,0,normal
user_210,session_2109,Desktop,6,8,0,9,0.0,44,1366x768,Chrome,en-IN,-330,landscape,Kolkata,5633.28,2025-02-25 10:12:30,201,0,normal
user_506,session_5063,Desktop,4,9,0,16,0.0,121,1440x900,Safari,en-US,-330,landscape,Hyderabad,5017.39,2025-02-24 15:27:38,323,0,normal
user_594,session_5947,Desktop,3,7,0,5,0.0,103,1366x768,Firefox,en-IN,-330,landscape,Delhi,2105.9,2025-05-19 23:56:36,386,0,normal
user_223,session_2235,Mobile,10,6,9,7,0.69,144,414x896,Edge,en-US,-330,portrait,Kolkata,1185.62,2025-02-07 14:54:10,49,0,normal
user_96,session_964,Tablet,0,0,2,16,0.26,157,768x1024,Safari,en-US,-330,landscape,Hyderabad,2424.19,2025-04-16 09:52:16,0,0,normal
user_449,session_4495,Mobile,8,7,5,14,0.39,86,390x844,Edge,en-IN,-330,landscape,Ahmedabad,490.92,2025-05-17 17:27:37,58,0,normal
user_263,session_2633,Mobile,5,4,6,10,0.67,243,390x844,Firefox,hi-IN,-330,landscape,Chennai,8067.25,2025-01-13 14:55:20,40,0,normal
user_70,session_705,Desktop,9,10,0,23,0.0,142,1440x900,Edge,en-IN,-330,landscape,Kolkata,2218.6,2025-05-08 15:26:34,129,0,normal
user_43,session_432,Desktop,8,11,0,9,0.0,90,1366x768,Safari,en-IN,-330,landscape,Delhi,4237.46,2025-01-28 06:43:37,203,0,normal
user_438,session_4389,Desktop,0,8,0,23,0.0,61,1920x1080,Edge,en-IN,-330,landscape,Kolkata,3129.43,2025-03-13 14:42:39,214,0,normal
user_14,session_146,Mobile,9,17,0,16,1.01,167,414x896,Safari,en-IN,-330,landscape,Delhi,593.39,2025-05-12 10:20:40,18,0,normal
user_203,session_2034,Desktop,4,6,0,8,0.0,148,1366x768,Chrome,en-IN,-330,landscape,Chennai,3940.66,2025-01-03 13:25:22,532,0,normal
user_503,session_5031,Tablet,1,9,9,16,1.29,207,810x1080,Safari,en-IN,-330,landscape,Kolkata,8485.04,2025-02-07 20:25:40,40,0,normal
user_116,session_1166,Mobile,7,0,4,7,0.63,145,414x896,Chrome,en-IN,-330,landscape,Delhi,5475.48,2025-03-20 21:38:14,7,0,normal
user_350,session_3501,Desktop,6,5,0,12,0.0,180,1920x1080,Firefox,en-IN,-330,landscape,Delhi,1897.01,2025-02-25 20:45:17,376,0,normal
user_205,session_2051,Tablet,5,13,7,20,1.27,16,768x1024,Chrome,en-US,-330,portrait,Ahmedabad,7761.23,2025-05-29 18:04:38,41,0,normal
user_376,session_3761,Desktop,7,5,0,18,0.0,184,1366x768,Firefox,en-IN,-330,landscape,Chennai,6236.06,2025-04-02 14:39:56,213,0,normal
user_262,session_2625,Mobile,7,11,4,6,0.6,97,414x896,Safari,hi-IN,-330,landscape,Delhi,2494.42,2025-02-16 04:09:33,64,0,normal
user_448,session_4485,Desktop,5,3,0,20,0.0,110,1920x1080,Firefox,en-IN,-330,landscape,Bengaluru,240.33,2025-01-25 08:29:28,94,0,normal
user_443,session_4436,Desktop,4,12,0,15,0.0,115,1440x900,Chrome,en-IN,-330,landscape,Mumbai,2307.26,2025-03-13 10:37:55,311,0,normal
user_477,session_4779,Desktop,6,7,0,15,0.0,265,1920x1080,Chrome,en-US,-330,landscape,Ahmedabad,1263.36,2025-01-08 11:32:22,250,0,normal
user_464,session_4649,Tablet,4,14,3,11,0.53,179,768x1024,Chrome,en-IN,-330,portrait,Chennai,2618.27,2025-02-16 08:02:25,41,0,normal
user_436,session_4362,Mobile,6,8,6,6,1.05,113,414x896,Firefox,en-IN,-330,landscape,Chennai,7245.48,2025-04-17 14:12:21,28,0,normal
user_242,session_2425,Mobile,12,9,4,22,1.11,198,390x844,Chrome,en-IN,-330,landscape,Delhi,5549.77,2025-02-17 22:48:05,34,0,normal
user_126,session_1263,Desktop,6,13,0,9,0.0,195,1366x768,Chrome,en-IN,-330,landscape,Delhi,228.85,2025-02-14 09:50:53,604,0,normal
user_177,session_1772,Mobile,0,7,3,7,0.25,54,390x844,Edge,en-IN,-330,landscape,Mumbai,514.4,2025-03-10 14:04:39,61,0,normal
user_351,session_3512,Desktop,8,10,0,13,0.0,82,1440x900,Firefox,en-IN,-330,landscape,Hyderabad,2503.91,2025-05-15 16:16:49,408,0,normal
user_27,session_272,Desktop,6,8,0,25,0.0,240,1920x1080,Edge,en-US,-330,landscape,Ahmedabad,5581.73,2025-01-17 13:18:24,327,0,normal
user_24,session_245,Desktop,0,2,0,10,0.0,114,1920x1080,Firefox,en-US,-330,landscape,Ahmedabad,1615.47,2025-03-29 18:39:01,0,0,normal
user_582,session_5821,Desktop,2,9,0,2,0.0,203,1440x900,Firefox,hi-IN,-330,landscape,Delhi,1502.72,2025-01-15 20:08:07,183,0,normal
user_457,session_4573,Mobile,10,10,6,19,1.14,190,360x640,Safari,hi-IN,-330,landscape,Delhi,4462.05,2025-03-09 20:26:51,33,0,normal
user_203,session_2033,Desktop,3,5,0,14,0.0,199,1366x768,Chrome,en-IN,-330,landscape,Chennai,4210.53,2025-05-18 15:45:03,250,0,normal
user_474,session_4741,Desktop,3,0,0,13,0.0,347,1920x1080,Firefox,en-US,-330,landscape,Pune,3343.21,2025-02-10 18:00:02,334,0,normal
user_81,session_814,Tablet,3,8,8,8,0.57,195,768x1024,Safari,en-IN,-330,portrait,Pune,5633.29,2025-02-07 15:01:52,18,0,normal
user_381,session_3811,Desktop,5,6,0,13,0.0,191,1920x1080,Chrome,hi-IN,-330,landscape,Bengaluru,1366.33,2025-03-26 10:57:58,80,0,normal
user_486,session_4869,Desktop,2,9,0,17,0.0,63,1366x768,Edge,hi-IN,-330,landscape,Ahmedabad,4330.52,2025-04-22 00:59:13,150,0,normal
user_180,session_1805,Desktop,12,10,0,15,0.0,90,1440x900,Firefox,en-IN,-330,landscape,Bengaluru,2481.09,2025-04-17 17:47:53,225,0,normal
user_434,session_4347,Mobile,4,6,7,9,0.6,27,414x896,Chrome,hi-IN,-330,landscape,Ahmedabad,8000.0,2025-02-23 02:25:08,21,1,odd_hour_drain
user_246,session_2462,Desktop,6,4,0,1,0.0,109,1366x768,Edge,en-IN,-330,landscape,Bengaluru,2804.1,2025-04-28 18:46:46,495,0,normal
user_54,session_546,Desktop,4,8,0,14,0.0,203,1920x1080,Firefox,en-IN,-330,landscape,Chennai,6214.93,2025-05-02 14:12:31,360,0,normal
user_324,session_3242,Mobile,0,0,5,15,0.59,266,390x844,Edge,en-IN,-330,landscape,Kolkata,1450.33,2025-04-21 05:32:40,30,0,normal
user_73,session_739,Desktop,6,15,0,8,0.0,175,1920x1080,Firefox,en-IN,-330,landscape,Chennai,2139.13,2025-02-21 08:55:44,0,0,normal
user_31,session_311,Desktop,2,3,0,7,0.0,78,1366x768,Safari,en-IN,-330,landscape,Delhi,5769.82,2025-04-07 09:55:28,235,0,normal
user_352,session_3522,Desktop,2,11,0,17,0.0,46,1920x1080,Safari,hi-IN,-330,landscape,Delhi,2943.88,2025-02-28 14:32:34,469,0,normal
user_113,session_1132,Mobile,11,3,1,12,0.6,86,414x896,Safari,en-IN,-330,portrait,Delhi,224.54,2025-01-21 15:03:22,24,0,normal
user_590,session_5907,Desktop,3,5,0,7,0.0,77,1366x768,Firefox,en-IN,-330,landscape,Pune,4246.24,2025-03-09 23:08:57,222,0,normal
user_411,session_4112,Desktop,5,7,0,17,0.0,218,1440x900,Safari,en-IN,-330,landscape,Chennai,8386.98,2025-05-27 17:17:05,182,0,normal
user_276,session_2770,Tablet,6,8,1,29,0.62,107,768x1024,Safari,en-IN,-330,landscape,Delhi,8158.49,2025-04-03 12:19:54,53,0,normal
user_92,session_921,Tablet,5,10,5,14,0.28,115,810x1080,Firefox,en-IN,-330,portrait,Ahmedabad,7227.56,2025-03-26 20:57:04,32,0,normal
user_358,session_3588,Desktop,0,2,0,8,0.0,116,1920x1080,Firefox,en-IN,-330,landscape,Pune,603.02,2025-02-13 16:07:26,258,0,normal
user_395,session_3960,Mobile,2,6,7,15,0.53,101,360x640,Chrome,en-IN,-330,landscape,Ahmedabad,1863.65,2025-04-22 16:50:43,28,0,normal
user_3,session_39,Mobile,5,12,5,14,1.16,244,390x844,Firefox,hi-IN,-330,landscape,Bengaluru,191.19,2025-01-13 14:09:25,20,0,normal
user_445,session_4460,Mobile,4,9,6,11,0.46,282,390x844,Firefox,en-IN,-330,portrait,Ahmedabad,3089.24,2025-03-21 11:25:58,25,0,normal
user_427,session_4279,Mobile,3,13,8,1,1.29,70,390x844,Firefox,en-IN,-330,portrait,Kolkata,1237.1,2025-03-04 17:47:50,63,0,normal
user_298,session_2984,Mobile,7,13,3,14,1.25,89,390x844,Chrome,en-IN,-330,portrait,Pune,1785.92,2025-05-24 08:40:42,37,0,normal
user_598,session_5986,Mobile,9,8,8,17,0.39,103,390x844,Edge,en-IN,-330,landscape,Kolkata,4120.43,2025-01-04 11:08:29,29,0,normal
user_266,session_2668,Desktop,4,6,0,0,0.0,168,1440x900,Edge,en-IN,-330,landscape,Bengaluru,4901.55,2025-03-11 13:57:59,281,0,normal
user_322,session_3224,Desktop,10,2,0,28,0.0,125,1920x1080,Edge,en-IN,-330,landscape,Hyderabad,2700.04,2025-02-24 09:07:48,181,0,normal
user_118,session_1183,Desktop,8,11,0,14,0.0,101,1920x1080,Chrome,en-IN,-330,landscape,Chennai,6423.17,2025-04-11 09:15:22,358,0,normal
user_61,session_615,Desktop,6,13,0,18,0.0,119,1440x900,Edge,en-IN,-330,landscape,Chennai,4734.34,2025-03-06 07:39:49,306,0,normal
user_588,session_5890,Desktop,3,5,0,6,0.0,85,1440x900,Chrome,en-US,-330,landscape,Bengaluru,9649.82,2025-02-21 15:58:24,284,0,normal
user_146,session_1467,Desktop,0,12,0,15,0.0,27,1440x900,Firefox,en-IN,-330,landscape,Bengaluru,11384.13,2025-01-08 11:55:56,207,0,normal
user_449,session_4498,Mobile,5,7,2,18,0.75,77,390x844,Edge,en-IN,-330,landscape,Ahmedabad,707.63,2025-02-25 23:26:20,35,0,normal
user_304,session_3043,Desktop,0,8,0,15,0.0,254,1440x900,Edge,en-US,-330,landscape,Mumbai,3369.49,2025-04-02 10:53:25,504,0,normal
user_93,session_935,Mobile,8,5,3,16,1.05,175,390x844,Safari,en-IN,-330,landscape,Pune,3061.41,2025-01-27 13:24:34,36,0,normal
user_241,session_2420,Desktop,5,15,0,18,0.0,99,1440x900,Firefox,en-IN,-330,landscape,Chennai,6470.0,2025-01-09 11:24:32,302,0,normal
user_541,session_5412,Desktop,4,11,0,21,0.0,145,1366x768,Chrome,en-US,-330,landscape,Kolkata,788.52,2025-01-27 16:44:42,95,0,normal
user_485,session_4857,Desktop,1,7,0,16,0.0,80,1440x900,Safari,en-IN,-330,landscape,Delhi,11407.63,2025-02-12 11:07:09,289,0,normal
user_82,session_827,Mobile,4,2,6,9,0.47,160,414x896,Chrome,en-IN,-330,portrait,Pune,7558.78,2025-02-22 14:19:49,27,0,normal
user_152,session_1522,Desktop,9,9,0,23,0.0,275,1920x1080,Edge,en-IN,-330,landscape,Mumbai,9162.75,2025-01-06 17:35:40,346,0,normal
user_293,session_2931,Desktop,9,8,0,22,0.0,134,1920x1080,Firefox,en-IN,-330,landscape,Chennai,473.82,2025-03-08 16:01:47,374,0,normal
user_423,session_4233,Desktop,6,12,0,15,0.0,69,1440x900,Chrome,en-US,-330,landscape,Hyderabad,7810.79,2025-03-11 09:28:33,392,0,normal
user_62,session_629,Desktop,8,20,0,18,0.0,69,1440x900,Edge,en-US,-330,landscape,Hyderabad,8805.49,2025-04-25 12:27:40,444,0,normal
user_443,session_4431,Desktop,2,4,0,11,0.0,146,1440x900,Chrome,en-IN,-330,landscape,Mumbai,1582.6,2025-01-14 11:21:07,215,0,normal
user_385,session_3854,Mobile,6,15,7,23,1.14,91,390x844,Firefox,en-IN,-330,portrait,Bengaluru,3823.93,2025-03-23 14:55:06,59,0,normal
user_39,session_391,Desktop,12,0,0,6,0.0,52,1440x900,Edge,en-US,-330,landscape,Hyderabad,8290.74,2025-05-15 20:32:23,161,0,normal
user_434,session_4346,Mobile,9,4,4,28,0.04,48,414x896,Chrome,hi-IN,-330,portrait,Ahmedabad,1224.0,2025-03-19 20:52:50,53,0,normal
user_585,session_5851,Desktop,8,4,0,10,0.0,109,1920x1080,Safari,en-IN,-330,landscape,Mumbai,5550.12,2025-01-31 18:13:56,267,0,normal
user_399,session_3991,Desktop,3,11,0,24,0.0,84,1440x900,Firefox,en-IN,-330,landscape,Ahmedabad,8136.4,2025-01-11 10:25:22,171,0,normal
user_40,session_401,Desktop,9,11,0,15,0.0,211,1920x1080,Edge,en-IN,-330,landscape,Ahmedabad,5831.84,2025-02-10 09:06:30,521,0,normal
user_335,session_3360,Desktop,7,9,0,13,0.0,297,1440x900,Firefox,en-US,-330,landscape,Ahmedabad,1095.9,2025-05-29 16:26:42,317,0,normal
user_4,session_47,Desktop,12,10,0,18,0.0,100,1440x900,Chrome,en-IN,-330,landscape,Hyderabad,2169.22,2025-04-09 19:39:24,299,0,normal
user_575,session_5754,Mobile,10,18,4,24,0.53,59,360x640,Edge,en-IN,-330,portrait,Chennai,3164.58,2025-04-14 13:16:30,54,0,normal
user_590,session_5910,Desktop,6,10,0,15,0.0,137,1366x768,Firefox,en-IN,-330,landscape,Pune,6563.03,2025-01-07 20:26:04,393,0,normal
user_364,session_3643,Desktop,10,3,0,16,0.0,148,1366x768,Safari,en-IN,-330,landscape,Bengaluru,2756.18,2025-04-16 12:59:15,251,0,normal
user_372,session_3727,Desktop,2,12,0,13,0.0,236,1366x768,Edge,en-IN,-330,landscape,Mumbai,5489.62,2025-05-09 14:47:08,499,0,normal
user_582,session_5825,Desktop,4,9,0,12,0.0,244,1440x900,Firefox,hi-IN,-330,landscape,Delhi,3930.7,2025-01-09 18:38:40,255,0,normal
user_242,session_2422,Mobile,4,11,0,22,0.79,192,390x844,Chrome,en-IN,-330,landscape,Delhi,589.31,2025-01-12 20:27:42,43,0,normal
user_175,session_1751,Desktop,5,12,0,15,0.0,202,1440x900,Safari,en-IN,-330,landscape,Hyderabad,6154.56,2025-04-06 16:40:13,176,0,normal
user_579,session_5799,Desktop,3,12,0,27,0.0,151,1920x1080,Safari,en-IN,-330,landscape,Pune,1625.72,2025-02-13 11:47:31,152,0,normal
user_490,session_4908,Desktop,3,7,0,5,0.0,125,1366x768,Firefox,en-US,-330,landscape,Delhi,456.74,2025-02-04 14:45:11,122,0,normal
user_406,session_4063,Desktop,5,6,0,19,0.0,74,1366x768,Firefox,en-US,-330,landscape,Ahmedabad,10829.59,2025-03-27 13:31:51,307,0,normal
user_33,session_339,Mobile,1,6,2,11,0.69,106,390x844,Edge,en-IN,-330,portrait,Delhi,2414.35,2025-02-14 13:24:35,14,0,normal
user_21,session_216,Desktop,0,13,0,10,0.0,110,1920x1080,Safari,en-IN,-330,landscape,Pune,4411.41,2025-04-07 09:07:56,202,0,normal
user_366,session_3664,Mobile,1,1,6,13,1.68,46,390x844,Edge,en-IN,-330,portrait,Chennai,6109.58,2025-01-12 12:51:44,35,0,normal
user_134,session_1342,Desktop,12,8,0,10,0.0,202,1920x1080,Edge,en-IN,-330,landscape,Pune,2817.73,2025-04-08 22:30:36,581,0,normal
user_548,session_5485,Tablet,7,11,1,10,0.74,69,810x1080,Chrome,hi-IN,-330,landscape,Bengaluru,6621.44,2025-05-28 20:26:06,38,0,normal
user_389,session_3895,Mobile,1,1,8,7,0.7,130,390x844,Firefox,en-IN,-330,landscape,Kolkata,5514.6,2025-02-14 13:53:51,0,0,normal
user_364,session_3641,Desktop,4,8,0,11,0.0,165,1366x768,Safari,en-IN,-330,landscape,Bengaluru,3637.79,2025-03-02 10:04:30,246,0,normal
user_32,session_330,Desktop,2,13,0,11,0.0,195,1920x1080,Firefox,en-IN,-330,landscape,Pune,4802.57,2025-01-29 16:56:05,267,0,normal
user_300,session_3005,Tablet,12,8,6,23,0.56,88,810x1080,Chrome,en-US,-330,landscape,Hyderabad,5918.36,2025-01-01 17:08:48,17,0,normal
user_573,session_5732,Mobile,8,8,9,16,0.69,191,414x896,Edge,en-IN,-330,landscape,Ahmedabad,4461.2,2025-01-23 12:49:04,67,0,normal
user_311,session_3116,Desktop,4,13,0,21,0.0,83,1440x900,Safari,en-IN,-330,landscape,Delhi,2583.3,2025-02-14 10:54:43,619,0,normal
user_580,session_5802,Tablet,6,10,3,18,1.12,154,768x1024,Edge,en-IN,-330,landscape,Hyderabad,5650.44,2025-02-12 19:44:51,70,0,normal
user_232,session_2323,Desktop,3,4,0,13,0.0,33,1440x900,Firefox,en-IN,-330,landscape,Chennai,9062.64,2025-02-07 10:27:37,385,0,normal
user_419,session_4198,Desktop,5,12,0,8,0.0,81,1440x900,Safari,en-US,-330,landscape,Hyderabad,13235.83,2025-02-16 15:54:54,349,0,normal
user_354,session_3550,Mobile,4,11,4,13,0.0,205,360x640,Safari,en-IN,-330,landscape,Pune,4010.47,2025-05-07 14:26:59,70,0,normal
user_145,session_1459,Desktop,13,11,0,16,0.0,113,1366x768,Chrome,en-IN,-330,landscape,Chennai,3821.25,2025-05-01 16:01:31,569,0,normal
user_17,session_172,Desktop,9,0,0,19,0.0,60,1366x768,Firefox,en-IN,-330,landscape,Bengaluru,2887.39,2025-04-02 16:16:06,672,0,normal
user_420,session_4204,Desktop,6,0,0,2,0.0,115,1366x768,Safari,en-IN,-330,landscape,Mumbai,1585.92,2025-03-17 15:08:23,151,0,normal
user_502,session_5021,Desktop,5,6,0,11,0.0,127,1366x768,Safari,en-IN,-330,landscape,Chennai,982.71,2025-03-16 12:25:37,326,0,normal
user_356,session_3570,Desktop,3,9,0,16,0.0,54,1920x1080,Safari,en-IN,-330,landscape,Mumbai,487.21,2025-01-24 17:49:53,361,0,normal
user_422,session_4227,Mobile,8,12,8,19,0.83,158,390x844,Safari,en-US,-330,landscape,Delhi,389.8,2025-05-22 10:23:51,43,0,normal
user_488,session_4889,Mobile,6,10,7,19,0.68,238,414x896,Edge,en-IN,-330,landscape,Bengaluru,150.42,2025-04-10 08:11:47,19,0,normal
user_493,session_4937,Desktop,2,5,0,21,0.0,86,1440x900,Chrome,en-IN,-330,landscape,Mumbai,4045.49,2025-05-03 13:07:08,205,0,normal
user_93,session_939,Mobile,1,10,7,15,0.56,214,390x844,Safari,en-IN,-330,landscape,Pune,5922.49,2025-04-19 15:15:46,52,0,normal
user_6,session_61,Mobile,2,4,1,14,0.41,296,390x844,Safari,en-US,-330,portrait,Hyderabad,1597.73,2025-04-26 18:24:12,12,0,normal
user_124,session_1241,Mobile,8,9,0,5,0.85,355,360x640,Chrome,en-IN,-330,portrait,Mumbai,11029.29,2025-02-23 20:25:58,0,0,normal
user_500,session_5010,Tablet,5,6,6,10,1.33,150,810x1080,Firefox,en-IN,-330,portrait,Ahmedabad,579.14,2025-05-08 17:02:03,11,0,normal
user_212,session_2121,Mobile,7,11,8,17,1.0,65,414x896,Safari,en-IN,-330,portrait,Bengaluru,7891.98,2025-01-31 08:58:17,56,0,normal
user_152,session_1525,Desktop,12,5,0,17,0.0,234,1920x1080,Edge,en-IN,-330,landscape,Mumbai,5542.89,2025-03-18 14:12:49,204,0,normal
user_15,session_154,Desktop,3,7,0,20,0.0,158,1440x900,Safari,hi-IN,-330,landscape,Ahmedabad,5077.62,2025-02-10 10:37:49,355,0,normal
user_48,session_482,Desktop,0,10,0,3,0.0,68,1440x900,Safari,en-IN,-330,landscape,Hyderabad,2968.22,2025-03-02 14:50:59,124,0,normal
user_446,session_4461,Desktop,2,12,0,11,0.0,175,1920x1080,Safari,hi-IN,-330,landscape,Bengaluru,6670.7,2025-01-30 08:34:18,344,0,normal
user_392,session_3921,Desktop,2,6,0,18,0.0,164,1366x768,Safari,en-IN,-330,landscape,Delhi,1792.41,2025-04-01 12:29:01,341,0,normal
user_176,session_1763,Desktop,6,7,0,9,0.0,101,1440x900,Safari,en-US,-330,landscape,Hyderabad,1715.12,2025-05-29 18:09:20,224,0,normal
user_75,session_751,Mobile,7,5,8,14,0.12,178,414x896,Safari,en-US,-330,landscape,Kolkata,2500.04,2025-03-26 12:20:24,48,0,normal
user_178,session_1786,Desktop,5,8,0,9,0.0,267,1920x1080,Safari,en-US,-330,landscape,Mumbai,1512.0,2025-01-02 10:08:00,342,0,normal
user_450,session_4502,Mobile,3,11,4,18,0.54,126,360x640,Firefox,en-IN,-330,portrait,Chennai,2265.42,2025-03-27 13:45:10,69,0,normal
user_271,session_2712,Desktop,9,10,0,16,0.0,66,1920x1080,Chrome,en-IN,-330,landscape,Mumbai,608.0,2025-01-09 11:03:23,528,0,normal
user_484,session_4846,Mobile,5,6,2,12,0.58,58,360x640,Firefox,en-US,-330,portrait,Bengaluru,2370.72,2025-01-29 11:40:57,60,0,normal
user_419,session_4194,Desktop,4,10,0,16,0.0,71,1440x900,Safari,en-US,-330,landscape,Hyderabad,7177.81,2025-04-14 10:23:41,162,0,normal
user_133,session_1334,Tablet,0,2,6,9,0.56,100,810x1080,Firefox,en-US,-330,portrait,Pune,5700.67,2025-02-25 18:59:47,46,0,normal
user_533,session_5336,Mobile,9,9,5,16,0.52,144,360x640,Chrome,en-IN,-330,portrait,Kolkata,2910.0,2025-03-19 21:23:27,87,0,normal
user_285,session_2855,Mobile,5,8,4,12,0.16,143,390x844,Safari,hi-IN,-330,landscape,Pune,1650.52,2025-04-10 19:05:44,75,0,normal
user_18,session_187,Mobile,1,7,9,18,0.67,136,414x896,Safari,en-IN,-330,landscape,Delhi,6393.28,2025-03-10 14:33:09,80,0,normal
user_113,session_1137,Mobile,4,4,3,6,0.72,182,414x896,Safari,en-IN,-330,portrait,Delhi,258.42,2025-02-05 16:32:06,52,0,normal
user_205,session_2059,Tablet,7,11,5,10,0.94,69,768x1024,Chrome,en-US,-330,landscape,Ahmedabad,8450.21,2025-05-04 20:21:54,59,0,normal
user_502,session_5023,Desktop,8,4,0,11,0.0,113,1366x768,Safari,en-IN,-330,landscape,Chennai,1647.63,2025-03-02 13:37:54,271,0,normal
user_14,session_149,Mobile,3,10,7,23,0.97,156,414x896,Safari,en-IN,-330,portrait,Delhi,791.77,2025-04-29 11:54:34,47,0,normal
user_412,session_4125,Mobile,5,3,0,6,0.74,68,360x640,Safari,en-US,-330,portrait,Kolkata,2287.27,2025-03-05 21:40:06,9,0,normal
user_336,session_3364,Desktop,5,11,0,7,0.0,50,1440x900,Chrome,en-US,-330,landscape,Bengaluru,385.48,2025-02-20 20:03:50,252,0,normal
user_286,session_2867,Desktop,8,10,0,15,0.0,60,1440x900,Firefox,hi-IN,-330,landscape,Mumbai,7416.61,2025-04-14 20:56:39,174,0,normal
user_377,session_3777,Mobile,1,6,6,13,0.55,216,414x896,Chrome,en-US,-330,landscape,Hyderabad,4176.53,2025-04-27 21:32:42,47,0,normal
user_138,session_1387,Desktop,0,7,0,11,0.0,54,1366x768,Chrome,en-IN,-330,landscape,Mumbai,5701.06,2025-03-12 12:42:56,348,0,normal
user_567,session_5672,Desktop,9,1,0,8,0.0,136,1920x1080,Safari,en-IN,-330,landscape,Ahmedabad,2298.92,2025-03-30 11:20:03,143,0,normal
user_495,session_4960,Desktop,7,7,0,11,0.0,175,1440x900,Chrome,en-IN,-330,landscape,Bengaluru,3688.29,2025-04-01 14:03:10,222,0,normal
user_362,session_3630,Desktop,1,11,0,17,0.0,171,1366x768,Safari,en-US,-330,landscape,Ahmedabad,1849.48,2025-02-15 18:41:14,153,0,normal
user_539,session_5397,Mobile,6,17,7,15,0.4,286,360x640,Chrome,en-IN,-330,landscape,Kolkata,1500.15,2025-05-29 13:46:48,64,0,normal
user_302,session_3029,Desktop,10,5,0,11,0.0,132,1440x900,Firefox,en-IN,-330,landscape,Hyderabad,7260.71,2025-01-07 17:33:40,353,0,normal
user_296,session_2970,Desktop,4,7,0,9,0.0,104,1366x768,Chrome,en-IN,-330,landscape,Chennai,3738.77,2025-05-03 14:34:10,135,0,normal
user_520,session_5208,Desktop,8,1,0,8,0.0,200,1920x1080,Edge,hi-IN,-330,landscape,Hyderabad,9945.22,2025-04-19 21:14:56,218,0,normal
user_170,session_1709,Mobile,0,5,6,10,1.36,264,414x896,Chrome,en-IN,-330,portrait,Chennai,2187.9,2025-01-22 20:37:59,33,0,normal
user_295,session_2954,Mobile,4,3,9,4,0.83,79,414x896,Edge,en-IN,-330,portrait,Ahmedabad,1318.84,2025-03-08 16:30:35,58,0,normal
user_45,session_455,Desktop,6,15,0,17,0.0,152,1920x1080,Edge,hi-IN,-330,landscape,Pune,4634.23,2025-04-21 12:32:05,533,0,normal
user_60,session_610,Mobile,2,3,7,10,0.8,46,360x640,Chrome,en-IN,-330,portrait,Mumbai,5919.67,2025-04-23 19:18:53,65,0,normal
user_426,session_4264,Tablet,3,7,0,8,0.13,75,768x1024,Chrome,en-US,-330,landscape,Delhi,2479.7,2025-05-28 22:34:57,31,0,normal
user_508,session_5082,Desktop,5,3,0,16,0.0,86,1366x768,Edge,en-US,-330,landscape,Bengaluru,4840.47,2025-02-22 07:02:08,57,0,normal
user_207,session_2075,Desktop,5,8,0,22,0.0,93,1366x768,Edge,en-IN,-330,landscape,Bengaluru,10205.12,2025-05-12 08:06:07,512,0,normal
user_405,session_4053,Mobile,3,9,8,4,0.03,132,414x896,Firefox,en-IN,-330,portrait,Kolkata,2558.51,2025-01-29 09:38:22,44,0,normal
user_487,session_4874,Desktop,8,13,0,7,0.0,161,1440x900,Chrome,en-IN,-330,landscape,Delhi,4132.62,2025-03-06 17:08:24,273,0,normal
user_162,session_1623,Desktop,7,8,0,10,0.0,147,1920x1080,Safari,en-IN,-330,landscape,Ahmedabad,5859.5,2025-02-24 21:24:36,331,0,normal
user_468,session_4684,Mobile,4,0,0,6,0.67,131,414x896,Safari,en-US,-330,portrait,Delhi,8905.4,2025-03-05 21:41:40,29,0,normal
user_525,session_5253,Desktop,8,12,0,25,0.0,143,1920x1080,Safari,en-IN,-330,landscape,Bengaluru,664.91,2025-05-30 14:56:47,296,0,normal
user_4,session_41,Desktop,6,7,0,22,0.0,174,1440x900,Chrome,en-IN,-330,landscape,Hyderabad,2170.79,2025-03-08 16:45:40,257,0,normal
user_208,session_2090,Desktop,8,7,0,9,0.0,147,1366x768,Safari,en-US,-330,landscape,Mumbai,4978.22,2025-03-12 12:47:34,301,0,normal
user_392,session_3925,Desktop,4,6,0,18,0.0,156,1366x768,Safari,en-IN,-330,landscape,Delhi,2406.04,2025-03-05 16:49:49,367,0,normal
user_217,session_2176,Tablet,3,4,5,14,0.01,75,810x1080,Firefox,hi-IN,-330,portrait,Pune,4341.65,2025-03-29 20:54:15,34,0,normal
user_7,session_75,Desktop,4,3,0,11,0.0,71,1366x768,Edge,en-IN,-330,landscape,Bengaluru,272.74,2025-01-30 14:54:55,154,0,normal
user_592,session_5926,Desktop,11,9,0,20,0.0,185,1920x1080,Safari,en-IN,-330,landscape,Kolkata,3652.32,2025-04-27 14:00:46,316,0,normal
user_591,session_5917,Mobile,4,11,9,18,0.17,183,390x844,Chrome,hi-IN,-330,landscape,Kolkata,5537.42,2025-02-01 21:37:12,63,0,normal
user_265,session_2658,Mobile,6,12,8,10,0.46,117,360x640,Firefox,en-IN,-330,portrait,Chennai,534.79,2025-05-23 11:30:52,65,0,normal
user_318,session_3181,Tablet,0,3,5,21,0.14,45,810x1080,Safari,en-IN,-330,portrait,Hyderabad,4954.0,2025-05-07 17:56:17,59,0,normal
user_207,session_2077,Desktop,10,7,0,19,0.0,69,1366x768,Edge,en-IN,-330,landscape,Bengaluru,9283.06,2025-05-05 04:14:28,175,0,normal
user_44,session_442,Desktop,7,8,0,7,0.0,43,1920x1080,Safari,en-IN,-330,landscape,Ahmedabad,6587.5,2025-03-29 07:07:10,355,0,normal
user_205,session_2052,Tablet,7,14,6,5,0.33,71,768x1024,Chrome,en-US,-330,landscape,Ahmedabad,5188.38,2025-05-24 21:19:36,27,0,normal
user_254,session_2542,Desktop,7,5,0,4,0.0,233,1920x1080,Safari,en-IN,-330,landscape,Mumbai,4359.46,2025-02-11 20:30:30,276,0,normal
user_130,session_1302,Mobile,2,10,13,17,0.82,73,414x896,Safari,en-IN,-330,landscape,Chennai,1684.94,2025-02-11 14:58:42,42,0,normal
user_343,session_3431,Desktop,1,8,0,0,0.0,294,1920x1080,Firefox,en-IN,-330,landscape,Hyderabad,6781.89,2025-03-09 17:41:34,333,0,normal
user_130,session_1305,Mobile,12,13,8,14,0.92,79,414x896,Safari,en-IN,-330,portrait,Chennai,1872.95,2025-01-08 15:45:18,62,0,normal
user_23,session_237,Mobile,10,12,0,7,0.57,176,414x896,Chrome,en-IN,-330,landscape,Ahmedabad,2777.3,2025-05-07 13:02:43,48,0,normal
user_499,session_4996,Desktop,1,11,0,20,0.0,177,1366x768,Edge,en-IN,-330,landscape,Kolkata,6406.62,2025-05-11 10:54:52,319,0,normal
user_259,session_2600,Desktop,10,4,0,14,0.0,105,1366x768,Edge,en-IN,-330,landscape,Delhi,2690.3,2025-05-08 17:10:24,396,0,normal
user_461,session_4617,Desktop,4,2,0,17,0.0,224,1440x900,Edge,en-IN,-330,landscape,Ahmedabad,2921.91,2025-03-16 19:22:35,383,0,normal
user_257,session_2574,Mobile,8,7,4,17,0.6,256,390x844,Firefox,en-IN,-330,portrait,Pune,7030.11,2025-02-27 07:22:04,30,0,normal
user_328,session_3281,Tablet,5,1,5,20,0.98,33,768x1024,Edge,en-IN,-330,portrait,Pune,22509.44,2025-03-08 02:13:07,41,1,odd_hour_drain
user_318,session_3187,Tablet,6,5,6,11,0.85,54,810x1080,Safari,en-IN,-330,portrait,Hyderabad,8406.42,2025-04-30 19:15:38,5,0,normal
user_395,session_3954,Mobile,7,12,6,20,0.66,156,360x640,Chrome,en-IN,-330,landscape,Ahmedabad,5271.02,2025-03-26 22:02:40,46,0,normal
user_276,session_2769,Tablet,1,7,7,17,0.72,87,768x1024,Safari,en-IN,-330,portrait,Delhi,657.44,2025-04-27 12:01:03,71,0,normal
user_422,session_4224,Mobile,5,6,4,10,1.44,230,390x844,Safari,en-US,-330,portrait,Delhi,503.7,2025-01-25 08:19:16,57,0,normal
user_210,session_2107,Desktop,4,5,0,11,0.0,78,1366x768,Chrome,en-IN,-330,landscape,Kolkata,4573.22,2025-04-11 09:49:14,223,0,normal
user_267,session_2680,Mobile,5,1,0,17,0.76,239,390x844,Safari,en-IN,-330,portrait,Delhi,1815.21,2025-02-08 09:19:13,29,0,normal
user_276,session_2762,Tablet,7,11,2,23,1.23,145,768x1024,Safari,en-IN,-330,landscape,Delhi,7318.66,2025-01-06 14:48:09,39,0,normal
user_468,session_4689,Mobile,8,9,0,16,0.56,141,414x896,Safari,en-US,-330,landscape,Delhi,8414.49,2025-03-08 15:04:58,20,0,normal
user_138,session_1388,Desktop,9,13,0,14,0.0,88,1366x768,Chrome,en-IN,-330,landscape,Mumbai,4461.81,2025-05-04 12:04:26,17,0,normal
user_563,session_5632,Desktop,4,7,0,20,0.0,155,1366x768,Edge,en-US,-330,landscape,Ahmedabad,3372.24,2025-05-19 14:27:54,430,0,normal
user_542,session_5427,Desktop,1,11,0,4,0.0,137,1366x768,Firefox,en-IN,-330,landscape,Hyderabad,4138.8,2025-05-16 06:23:32,238,0,normal
user_127,session_1280,Mobile,6,8,6,15,0.59,101,390x844,Chrome,en-US,-330,landscape,Delhi,7275.77,2025-03-15 20:32:11,55,0,normal
user_587,session_5880,Desktop,7,11,0,14,0.0,171,1440x900,Chrome,en-IN,-330,landscape,Bengaluru,5289.58,2025-02-14 16:25:24,322,0,normal
user_155,session_1556,Mobile,7,11,3,14,1.12,178,390x844,Firefox,en-IN,-330,landscape,Chennai,13203.82,2025-04-13 17:13:42,34,0,normal
user_542,session_5423,Desktop,1,4,0,10,0.0,151,1366x768,Firefox,en-IN,-330,landscape,Hyderabad,2826.77,2025-05-10 09:42:57,140,0,normal
user_319,session_3191,Desktop,5,7,0,9,0.0,83,1920x1080,Safari,hi-IN,-330,landscape,Kolkata,331.21,2025-01-11 10:46:09,307,0,normal
user_456,session_4567,Desktop,3,5,0,19,0.0,204,1366x768,Firefox,en-IN,-330,landscape,Pune,2416.06,2025-03-09 11:37:27,253,0,normal
user_480,session_4803,Desktop,4,4,0,7,0.0,136,1366x768,Safari,en-IN,-330,landscape,Pune,4044.19,2025-05-14 15:53:58,276,0,normal
user_562,session_5627,Desktop,6,5,0,8,0.0,81,1366x768,Safari,en-IN,-330,landscape,Kolkata,413.6,2025-02-25 10:20:28,122,0,normal
user_359,session_3595,Desktop,5,0,0,16,0.0,147,1366x768,Chrome,en-US,-330,landscape,Hyderabad,878.65,2025-02-06 18:37:49,162,0,normal
user_192,session_1921,Mobile,5,12,4,6,0.93,144,360x640,Edge,en-IN,-330,landscape,Pune,1331.67,2025-03-02 11:20:50,27,0,normal
user_51,session_514,Mobile,3,2,5,8,0.53,160,390x844,Firefox,en-IN,-330,landscape,Pune,3881.89,2025-05-30 18:58:15,62,0,normal
user_417,session_4178,Desktop,4,10,0,22,0.0,236,1440x900,Safari,en-IN,-330,landscape,Delhi,3386.38,2025-03-11 05:10:04,283,0,normal
user_130,session_1309,Mobile,4,5,8,21,0.44,91,414x896,Safari,en-IN,-330,landscape,Chennai,1639.36,2025-05-04 09:58:06,44,0,normal
user_91,session_915,Desktop,7,1,0,6,0.0,66,1366x768,Chrome,en-IN,-330,landscape,Kolkata,7186.46,2025-05-14 14:24:45,265,0,normal
user_345,session_3453,Desktop,7,0,0,4,0.0,127,1920x1080,Firefox,en-IN,-330,landscape,Chennai,455.68,2025-04-04 13:33:39,390,0,normal
user_369,session_3696,Mobile,2,9,0,18,0.38,189,360x640,Firefox,en-US,-330,portrait,Kolkata,4352.61,2025-05-15 14:16:05,42,0,normal
user_424,session_4243,Mobile,7,0,5,0,0.79,183,414x896,Firefox,en-IN,-330,landscape,Kolkata,702.34,2025-03-29 13:19:14,70,0,normal
user_315,session_3157,Desktop,10,9,0,17,0.0,38,1440x900,Edge,hi-IN,-330,landscape,Bengaluru,8447.98,2025-05-25 07:06:19,46,0,normal
user_219,session_2199,Desktop,6,11,0,21,0.0,34,1440x900,Chrome,en-IN,-330,landscape,Chennai,5237.02,2025-01-13 19:59:01,433,0,normal
user_77,session_775,Mobile,8,5,5,15,1.0,159,414x896,Chrome,en-IN,-330,landscape,Ahmedabad,2792.42,2025-04-24 16:21:11,49,0,normal
user_442,session_4426,Desktop,6,2,0,8,0.0,118,1366x768,Chrome,en-IN,-330,landscape,Mumbai,231.06,2025-03-20 13:14:46,245,0,normal
user_94,session_944,Mobile,11,8,7,17,0.54,259,414x896,Edge,hi-IN,-330,portrait,Delhi,1699.48,2025-01-31 09:55:37,27,0,normal
user_82,session_823,Mobile,9,2,3,0,0.27,229,414x896,Chrome,en-IN,-330,landscape,Pune,6210.74,2025-01-10 18:50:59,36,0,normal
user_427,session_4278,Mobile,3,7,1,8,0.45,71,390x844,Firefox,en-IN,-330,landscape,Kolkata,1253.74,2025-03-10 11:54:55,24,0,normal
user_16,session_165,Mobile,6,13,0,19,0.98,8,360x640,Firefox,en-IN,-330,landscape,Hyderabad,3743.69,2025-02-05 14:14:54,0,0,normal
user_454,session_4548,Mobile,5,4,6,11,0.62,55,360x640,Chrome,hi-IN,-330,landscape,Pune,229.6,2025-01-03 11:49:44,37,0,normal
user_398,session_3984,Desktop,9,5,0,19,0.0,189,1920x1080,Safari,en-IN,-330,landscape,Pune,1379.26,2025-04-16 18:40:23,268,0,normal
user_253,session_2539,Desktop,6,12,0,20,0.0,324,1920x1080,Chrome,en-US,-330,landscape,Bengaluru,1926.3,2025-03-23 11:55:36,549,0,normal
user_572,session_5725,Tablet,8,3,4,27,0.75,47,810x1080,Safari,en-IN,-330,landscape,Kolkata,5914.13,2025-03-03 15:26:23,48,0,normal
user_131,session_1312,Mobile,4,2,0,11,0.39,171,360x640,Edge,en-IN,-330,landscape,Ahmedabad,5364.95,2025-04-08 09:52:01,36,0,normal
user_583,session_5839,Desktop,5,13,0,9,0.0,95,1440x900,Firefox,en-IN,-330,landscape,Bengaluru,4592.06,2025-04-19 22:03:31,125,0,normal
user_499,session_4998,Desktop,7,11,0,6,0.0,213,1366x768,Edge,en-IN,-330,landscape,Kolkata,4853.6,2025-05-26 12:03:11,478,0,normal
user_556,session_5569,Mobile,3,10,3,23,0.16,62,414x896,Firefox,en-IN,-330,portrait,Bengaluru,1072.37,2025-03-11 12:00:49,12,0,normal
user_330,session_3301,Tablet,8,5,3,21,0.53,113,768x1024,Chrome,hi-IN,-330,landscape,Chennai,520.65,2025-03-03 18:03:37,25,0,normal
user_331,session_3311,Mobile,2,0,5,5,1.71,211,414x896,Firefox,en-IN,-330,landscape,Pune,2176.82,2025-05-15 17:09:20,86,0,normal
user_32,session_328,Desktop,6,3,0,13,0.0,200,1920x1080,Firefox,en-IN,-330,landscape,Pune,5284.39,2025-02-20 20:10:48,218,0,normal
user_249,session_2491,Desktop,10,7,0,5,0.0,213,1440x900,Chrome,en-IN,-330,landscape,Delhi,3228.37,2025-03-29 16:13:45,104,0,normal
user_562,session_5621,Desktop,10,17,0,7,0.0,108,1366x768,Safari,en-IN,-330,landscape,Kolkata,401.98,2025-01-04 09:22:03,212,0,normal
user_440,session_4409,Desktop,6,8,0,14,0.0,271,1366x768,Firefox,en-IN,-330,landscape,Kolkata,2887.44,2025-05-12 11:39:45,388,0,normal
user_83,session_833,Tablet,4,15,3,5,1.06,187,768x1024,Edge,en-US,-330,landscape,Kolkata,4986.54,2025-02-19 17:15:52,22,0,normal
user_307,session_3080,Desktop,4,6,0,17,0.0,130,1440x900,Firefox,en-US,-330,landscape,Bengaluru,1181.12,2025-03-30 19:39:35,343,0,normal
user_346,session_3463,Desktop,7,6,0,9,0.0,122,1366x768,Firefox,en-US,-330,landscape,Mumbai,3931.82,2025-03-01 15:36:25,164,0,normal
user_525,session_5254,Desktop,2,11,0,14,0.0,168,1920x1080,Safari,en-IN,-330,landscape,Bengaluru,506.98,2025-03-03 13:14:35,683,0,normal
user_5,session_55,Desktop,11,11,0,11,0.0,73,1366x768,Chrome,en-IN,-330,landscape,Chennai,1006.26,2025-02-05 15:25:51,393,0,normal
user_406,session_4065,Desktop,6,8,0,22,0.0,152,1366x768,Firefox,en-US,-330,landscape,Ahmedabad,8709.05,2025-01-11 13:48:53,475,0,normal
user_345,session_3452,Desktop,5,8,0,17,0.0,118,1920x1080,Firefox,en-IN,-330,landscape,Chennai,1833.54,2025-04-17 17:15:20,407,0,normal
user_190,session_1902,Desktop,4,14,0,10,0.0,187,1440x900,Chrome,en-IN,-330,landscape,Kolkata,2381.19,2025-04-25 11:05:50,258,0,normal
user_148,session_1482,Desktop,10,6,0,15,0.0,62,1440x900,Chrome,hi-IN,-330,landscape,Mumbai,5465.68,2025-02-04 12:45:00,158,0,normal
user_415,session_4151,Desktop,6,6,0,19,0.0,114,1366x768,Edge,en-IN,-330,landscape,Pune,3000.96,2025-01-04 14:44:17,381,0,normal
user_333,session_3336,Desktop,0,1,0,17,0.0,122,1440x900,Edge,en-IN,-330,landscape,Ahmedabad,2989.61,2025-04-29 21:38:41,378,0,normal
user_94,session_947,Mobile,6,12,7,26,0.77,201,414x896,Edge,hi-IN,-330,portrait,Delhi,2591.54,2025-04-09 11:22:55,53,0,normal
user_329,session_3294,Mobile,7,5,3,16,0.27,208,390x844,Safari,en-IN,-330,landscape,Ahmedabad,2465.4,2025-04-18 08:55:44,4,0,normal
user_216,session_2162,Desktop,7,8,0,7,0.0,45,1440x900,Safari,hi-IN,-330,landscape,Delhi,7460.3,2025-03-10 10:28:57,200,0,normal
user_507,session_5077,Mobile,6,5,7,20,0.1,55,414x896,Edge,en-IN,-330,landscape,Chennai,3979.71,2025-02-14 06:03:11,52,0,normal
user_305,session_3058,Desktop,6,6,0,21,0.0,98,1440x900,Firefox,hi-IN,-330,landscape,Kolkata,7759.73,2025-03-20 09:03:05,293,0,normal
user_76,session_769,Mobile,6,11,4,7,0.9,255,414x896,Firefox,en-IN,-330,portrait,Kolkata,2228.17,2025-03-20 16:05:56,37,0,normal
user_564,session_5641,Desktop,9,10,0,24,0.0,229,1440x900,Chrome,en-IN,-330,landscape,Mumbai,815.29,2025-01-15 16:59:24,379,0,normal
user_349,session_3496,Mobile,1,14,6,14,0.24,244,414x896,Firefox,en-IN,-330,landscape,Hyderabad,2993.11,2025-04-30 12:24:31,40,0,normal
user_28,session_286,Desktop,2,5,0,4,0.0,281,1440x900,Safari,en-US,-330,landscape,Bengaluru,5830.2,2025-05-11 14:00:23,390,0,normal
user_592,session_5927,Desktop,3,10,0,16,0.0,266,1920x1080,Safari,en-IN,-330,landscape,Kolkata,5728.44,2025-01-17 06:15:26,285,0,normal
user_452,session_4525,Desktop,7,7,0,9,0.0,292,1440x900,Chrome,hi-IN,-330,landscape,Pune,3196.98,2025-01-04 10:58:18,504,0,normal
user_533,session_5333,Mobile,2,2,8,13,1.04,73,360x640,Chrome,en-IN,-330,portrait,Kolkata,4043.04,2025-05-27 13:49:52,37,0,normal
user_233,session_2333,Desktop,3,13,0,13,0.0,74,1366x768,Firefox,hi-IN,-330,landscape,Mumbai,1226.72,2025-02-28 16:19:42,137,0,normal
user_271,session_2718,Desktop,7,7,0,15,0.0,54,1920x1080,Chrome,en-IN,-330,landscape,Mumbai,392.13,2025-02-09 11:24:54,454,0,normal
user_207,session_2080,Desktop,10,8,0,10,0.0,80,1366x768,Edge,en-IN,-330,landscape,Bengaluru,4306.47,2025-05-28 06:46:28,242,0,normal
user_338,session_3390,Desktop,4,12,0,11,0.0,114,1920x1080,Safari,en-IN,-330,landscape,Chennai,2356.94,2025-04-28 10:53:50,464,0,normal
user_72,session_723,Desktop,5,3,0,13,0.0,158,1440x900,Firefox,en-IN,-330,landscape,Ahmedabad,1450.48,2025-05-29 20:01:06,66,0,normal
user_95,session_952,Desktop,9,11,0,17,0.0,155,1366x768,Safari,en-US,-330,landscape,Mumbai,2923.65,2025-02-26 19:34:00,507,0,normal
user_558,session_5584,Mobile,9,8,1,22,0.72,182,390x844,Firefox,en-IN,-330,landscape,Delhi,6035.62,2025-02-11 12:46:32,53,0,normal
user_226,session_2263,Desktop,6,14,0,10,0.0,137,1366x768,Edge,en-IN,-330,landscape,Pune,1646.55,2025-05-16 07:41:26,190,0,normal
user_98,session_990,Mobile,2,9,3,18,0.88,81,414x896,Edge,en-US,-330,landscape,Hyderabad,1276.36,2025-05-19 22:35:00,7,0,normal
user_321,session_3213,Desktop,4,3,0,23,0.0,115,1920x1080,Safari,en-IN,-330,landscape,Hyderabad,4952.41,2025-01-26 15:56:52,373,0,normal
user_175,session_1760,Desktop,2,11,0,27,0.0,330,1440x900,Safari,en-IN,-330,landscape,Hyderabad,8920.1,2025-04-03 11:44:09,218,0,normal
user_491,session_4920,Mobile,6,7,5,21,0.21,106,360x640,Safari,en-IN,-330,landscape,Hyderabad,1238.65,2025-02-18 15:18:18,70,0,normal
user_442,session_4423,Desktop,8,4,0,16,0.0,107,1366x768,Chrome,en-IN,-330,landscape,Mumbai,212.73,2025-02-13 08:34:38,386,0,normal
user_172,session_1725,Desktop,7,18,0,14,0.0,254,1440x900,Edge,en-IN,-330,landscape,Chennai,3647.95,2025-04-17 09:44:52,543,0,normal
user_34,session_342,Desktop,7,0,0,10,0.0,190,1440x900,Firefox,hi-IN,-330,landscape,Kolkata,2072.33,2025-03-16 12:30:37,468,0,normal
user_370,session_3702,Desktop,1,9,0,21,0.0,140,1440x900,Firefox,en-IN,-330,landscape,Pune,4302.91,2025-04-26 14:53:03,326,0,normal
user_424,session_4244,Mobile,2,8,10,13,0.2,245,414x896,Firefox,en-IN,-330,portrait,Kolkata,1726.95,2025-01-21 16:32:45,44,0,normal
user_68,session_689,Mobile,10,12,6,22,0.95,224,360x640,Chrome,en-IN,-330,portrait,Mumbai,618.1,2025-03-11 15:28:37,65,0,normal
user_343,session_3433,Desktop,2,10,0,15,0.0,76,1920x1080,Firefox,en-IN,-330,landscape,Hyderabad,8526.19,2025-03-11 19:12:39,296,0,normal
user_96,session_967,Tablet,7,9,3,24,0.35,101,768x1024,Safari,en-US,-330,landscape,Hyderabad,5538.83,2025-05-13 10:06:12,56,0,normal
user_566,session_5667,Desktop,4,9,0,12,0.0,70,1920x1080,Firefox,en-IN,-330,landscape,Ahmedabad,1055.38,2025-01-07 15:00:21,209,0,normal
user_220,session_2204,Tablet,0,9,6,6,0.26,123,810x1080,Firefox,en-IN,-330,landscape,Bengaluru,123.44,2025-05-21 04:56:21,16,0,normal
user_271,session_2714,Desktop,3,11,0,13,0.0,73,1920x1080,Chrome,en-IN,-330,landscape,Mumbai,1046.57,2025-02-18 10:15:26,393,0,normal
user_475,session_4758,Desktop,6,14,0,19,0.0,325,1920x1080,Edge,en-US,-330,landscape,Ahmedabad,10667.77,2025-05-12 09:21:43,558,0,normal
user_573,session_5733,Mobile,1,8,6,21,0.0,114,414x896,Edge,en-IN,-330,portrait,Ahmedabad,4953.11,2025-04-20 13:39:50,42,0,normal
user_594,session_5943,Desktop,8,8,0,18,0.0,63,1366x768,Firefox,en-IN,-330,landscape,Delhi,2030.72,2025-05-09 22:07:31,337,0,normal
user_357,session_3573,Desktop,9,11,0,21,0.0,77,1366x768,Chrome,en-IN,-330,landscape,Chennai,2289.05,2025-01-16 11:23:04,371,0,normal
user_480,session_4806,Desktop,6,4,0,2,0.0,207,1366x768,Safari,en-IN,-330,landscape,Pune,5966.75,2025-05-16 13:52:46,180,0,normal
user_199,session_1991,Desktop,6,8,0,16,0.0,84,1440x900,Chrome,en-IN,-330,landscape,Chennai,4271.26,2025-01-05 15:39:20,544,0,normal
user_412,session_4121,Mobile,4,8,4,20,0.63,55,360x640,Safari,en-US,-330,portrait,Kolkata,4240.44,2025-02-16 17:12:06,13,0,normal
user_475,session_4760,Desktop,4,13,0,11,0.0,233,1920x1080,Edge,en-US,-330,landscape,Ahmedabad,11234.95,2025-02-18 11:21:04,447,0,normal
user_491,session_4915,Mobile,8,13,1,8,0.6,145,360x640,Safari,en-IN,-330,portrait,Hyderabad,581.87,2025-02-19 16:16:52,21,0,normal
user_555,session_5554,Desktop,5,18,0,24,0.0,113,1920x1080,Safari,en-IN,-330,landscape,Delhi,3719.95,2025-05-05 12:40:46,176,0,normal
user_579,session_5794,Desktop,5,8,0,18,0.0,85,1920x1080,Safari,en-IN,-330,landscape,Pune,4721.74,2025-02-15 06:12:42,178,0,normal
user_360,session_3601,Desktop,5,5,0,9,0.0,34,1366x768,Chrome,en-US,-330,landscape,Ahmedabad,7315.07,2025-01-21 15:42:02,441,0,normal
user_547,session_5473,Desktop,4,13,0,14,0.0,131,1920x1080,Firefox,en-IN,-330,landscape,Ahmedabad,4281.39,2025-01-10 11:27:06,569,0,normal
user_597,session_5972,Tablet,11,9,5,16,0.71,318,768x1024,Safari,en-IN,-330,portrait,Hyderabad,6039.56,2025-03-20 14:54:02,34,0,normal
user_493,session_4939,Desktop,1,6,0,8,0.0,67,1440x900,Chrome,en-IN,-330,landscape,Mumbai,2592.67,2025-04-24 08:01:48,39,0,normal
user_38,session_386,Desktop,2,12,0,17,0.0,93,1920x1080,Safari,en-IN,-330,landscape,Mumbai,3087.13,2025-05-02 18:15:04,316,0,normal
user_522,session_5229,Desktop,10,7,0,11,0.0,47,1920x1080,Firefox,hi-IN,-330,landscape,Pune,7659.09,2025-05-07 07:27:37,243,0,normal
user_547,session_5475,Desktop,2,8,0,27,0.0,73,1920x1080,Firefox,en-IN,-330,landscape,Ahmedabad,5006.03,2025-05-18 15:35:04,273,0,normal
user_53,session_537,Mobile,2,4,5,14,0.98,140,414x896,Edge,en-IN,-330,portrait,Ahmedabad,4867.72,2025-04-04 18:27:23,35,0,normal
user_562,session_5622,Desktop,5,13,0,11,0.0,198,1366x768,Safari,en-IN,-330,landscape,Kolkata,371.39,2025-05-01 07:26:18,285,0,normal
user_421,session_4213,Desktop,7,11,0,16,0.0,56,1440x900,Safari,en-IN,-330,landscape,Hyderabad,833.94,2025-03-08 21:44:27,295,0,normal
user_350,session_3508,Desktop,9,8,0,11,0.0,56,1920x1080,Firefox,en-IN,-330,landscape,Delhi,1694.6,2025-02-19 19:55:58,371,0,normal
user_20,session_202,Desktop,9,7,0,14,0.0,55,1920x1080,Edge,en-IN,-330,landscape,Chennai,7282.55,2025-02-10 09:00:00,111,0,normal
user_133,session_1333,Tablet,4,11,5,16,0.0,67,810x1080,Firefox,en-US,-330,portrait,Pune,5839.08,2025-03-04 15:17:50,54,0,normal
user_350,session_3503,Desktop,5,3,0,13,0.0,164,1920x1080,Firefox,en-IN,-330,landscape,Delhi,2516.39,2025-05-02 23:50:22,414,0,normal
user_270,session_2709,Mobile,7,8,6,10,1.42,162,360x640,Chrome,hi-IN,-330,portrait,Delhi,1148.41,2025-01-08 19:51:42,23,0,normal
user_466,session_4663,Desktop,6,10,0,1,0.0,47,1440x900,Edge,en-IN,-330,landscape,Bengaluru,8303.59,2025-04-24 15:46:26,216,0,normal
user_402,session_4022,Mobile,7,16,4,8,0.26,122,360x640,Safari,en-IN,-330,landscape,Bengaluru,5573.1,2025-03-01 11:44:25,13,0,normal
user_185,session_1855,Mobile,6,6,6,16,0.86,161,414x896,Safari,en-IN,-330,landscape,Mumbai,3790.08,2025-01-22 22:26:39,56,0,normal
user_535,session_5359,Tablet,5,0,2,23,0.82,205,810x1080,Safari,en-IN,-330,landscape,Kolkata,3444.79,2025-04-23 11:36:20,23,0,normal
user_287,session_2873,Tablet,6,12,2,15,0.83,226,810x1080,Safari,en-IN,-330,portrait,Delhi,3949.82,2025-05-11 17:12:38,24,0,normal
user_303,session_3031,Desktop,5,4,0,4,0.0,90,1440x900,Edge,en-US,-330,landscape,Ahmedabad,2071.07,2025-01-08 04:17:51,296,0,normal
user_120,session_1206,Desktop,9,12,0,16,0.0,89,1920x1080,Edge,en-IN,-330,landscape,Ahmedabad,4282.58,2025-01-22 13:38:59,419,0,normal
user_164,session_1646,Desktop,7,11,0,17,0.0,104,1440x900,Firefox,en-IN,-330,landscape,Kolkata,3295.32,2025-01-07 13:26:40,140,0,normal
user_341,session_3418,Tablet,1,12,11,17,0.37,57,768x1024,Firefox,en-IN,-330,portrait,Ahmedabad,2772.0,2025-03-25 10:17:40,49,0,normal
user_347,session_3477,Tablet,10,9,3,11,0.11,122,810x1080,Edge,en-IN,-330,landscape,Pune,5385.36,2025-01-23 16:38:21,39,0,normal
user_286,session_2862,Desktop,4,1,0,19,0.0,169,1440x900,Firefox,hi-IN,-330,landscape,Mumbai,9813.05,2025-05-12 23:20:33,355,0,normal
user_179,session_1793,Desktop,8,9,0,9,0.0,157,1366x768,Chrome,en-US,-330,landscape,Pune,1092.39,2025-05-23 19:32:09,237,0,normal
user_379,session_3798,Desktop,5,9,0,11,0.0,259,1920x1080,Chrome,en-US,-330,landscape,Hyderabad,2219.16,2025-05-23 10:57:33,344,0,normal
user_336,session_3369,Desktop,9,3,0,17,0.0,88,1440x900,Chrome,en-US,-330,landscape,Bengaluru,722.91,2025-04-09 14:44:10,344,0,normal
user_336,session_3368,Desktop,7,6,0,11,0.0,103,1440x900,Chrome,en-US,-330,landscape,Bengaluru,782.47,2025-03-31 14:26:33,0,0,normal
user_353,session_3534,Desktop,3,10,0,4,0.0,55,1920x1080,Chrome,en-IN,-330,landscape,Hyderabad,7740.55,2025-05-16 17:57:34,364,0,normal
user_525,session_5260,Desktop,7,5,0,21,0.0,156,1920x1080,Safari,en-IN,-330,landscape,Bengaluru,194.87,2025-04-22 16:53:19,280,0,normal
user_344,session_3450,Desktop,9,6,0,15,0.0,118,1366x768,Safari,en-IN,-330,landscape,Pune,3358.89,2025-04-17 14:02:14,288,0,normal
user_60,session_604,Mobile,0,4,4,11,0.61,39,360x640,Chrome,en-IN,-330,landscape,Mumbai,2369.65,2025-02-11 16:19:47,30,0,normal
user_305,session_3057,Desktop,6,12,0,14,0.0,117,1440x900,Firefox,hi-IN,-330,landscape,Kolkata,10404.65,2025-04-28 14:02:51,257,0,normal
user_521,session_5213,Tablet,2,5,9,9,1.48,66,810x1080,Firefox,en-IN,-330,portrait,Chennai,8478.35,2025-02-20 18:05:27,37,0,normal
user_12,session_127,Mobile,7,8,7,14,0.0,119,414x896,Edge,en-IN,-330,landscape,Chennai,305.66,2025-04-19 13:45:12,57,0,normal
user_387,session_3877,Desktop,7,12,0,18,0.0,88,1920x1080,Chrome,en-IN,-330,landscape,Delhi,3620.53,2025-01-21 22:41:12,82,0,normal
user_293,session_2936,Desktop,4,0,0,20,0.0,141,1920x1080,Firefox,en-IN,-330,landscape,Chennai,394.55,2025-05-18 12:51:22,458,0,normal
user_445,session_4452,Mobile,0,0,9,2,0.0,328,390x844,Firefox,en-IN,-330,portrait,Ahmedabad,4524.12,2025-03-02 10:46:11,31,0,normal
user_353,session_3532,Desktop,10,15,0,9,0.0,50,1920x1080,Chrome,en-IN,-330,landscape,Hyderabad,8342.94,2025-04-11 17:11:58,214,0,normal
user_273,session_2731,Desktop,0,9,0,0,0.0,99,1366x768,Edge,en-IN,-330,landscape,Hyderabad,1851.9,2025-01-31 16:13:41,400,0,normal
user_82,session_828,Mobile,3,8,5,9,0.21,120,414x896,Chrome,en-IN,-330,portrait,Pune,4490.1,2025-02-02 15:15:23,53,0,normal
user_163,session_1640,Tablet,6,6,5,16,0.46,170,810x1080,Firefox,en-IN,-330,portrait,Kolkata,6395.29,2025-05-02 10:00:10,11,0,normal
user_98,session_985,Mobile,4,10,10,16,0.76,123,414x896,Edge,en-US,-330,landscape,Hyderabad,1903.19,2025-05-03 15:25:57,15,0,normal
user_328,session_3282,Tablet,5,4,0,19,0.43,90,768x1024,Edge,en-IN,-330,landscape,Pune,8815.09,2025-04-23 18:37:14,23,0,normal
user_596,session_5963,Tablet,6,6,1,11,0.7,276,810x1080,Safari,en-IN,-330,landscape,Delhi,8260.0,2025-02-28 19:11:14,51,0,normal
user_218,session_2189,Desktop,3,18,0,14,0.0,115,1366x768,Edge,hi-IN,-330,landscape,Chennai,3997.01,2025-01-28 22:53:41,430,0,normal
user_552,session_5524,Mobile,10,8,9,7,0.24,125,414x896,Safari,en-US,-330,portrait,Mumbai,269.05,2025-04-17 14:05:32,66,0,normal
user_244,session_2444,Desktop,6,11,0,10,0.0,195,1366x768,Firefox,en-IN,-330,landscape,Delhi,6895.61,2025-04-22 09:32:18,70,0,normal
user_36,session_363,Tablet,3,3,2,5,0.81,107,810x1080,Edge,en-IN,-330,landscape,Hyderabad,6390.61,2025-04-22 16:41:07,34,0,normal
user_234,session_2350,Desktop,9,6,0,3,0.0,216,1920x1080,Edge,en-US,-330,landscape,Delhi,6182.48,2025-05-14 17:43:24,48,0,normal
user_34,session_346,Desktop,8,13,0,16,0.0,156,1440x900,Firefox,hi-IN,-330,landscape,Kolkata,2418.22,2025-03-05 04:37:15,356,0,normal
user_81,session_815,Tablet,5,7,0,15,0.62,187,768x1024,Safari,en-IN,-330,landscape,Pune,4456.14,2025-03-31 18:20:39,57,0,normal
user_480,session_4808,Desktop,4,10,0,8,0.0,197,1366x768,Safari,en-IN,-330,landscape,Pune,2281.96,2025-03-31 15:57:12,124,0,normal
user_320,session_3206,Desktop,5,11,0,19,0.0,172,1440x900,Chrome,en-IN,-330,landscape,Chennai,3839.02,2025-04-14 12:21:08,179,0,normal
user_541,session_5415,Desktop,8,11,0,20,0.0,105,1366x768,Chrome,en-US,-330,landscape,Kolkata,825.34,2025-03-12 18:09:34,362,0,normal
user_574,session_5750,Tablet,5,10,10,20,0.71,97,768x1024,Firefox,en-IN,-330,portrait,Ahmedabad,8401.29,2025-02-04 10:58:00,40,0,normal
user_332,session_3326,Desktop,6,11,0,15,0.0,263,1366x768,Chrome,en-IN,-330,landscape,Chennai,9860.21,2025-02-02 11:46:18,358,0,normal
user_410,session_4107,Mobile,0,3,6,17,0.0,152,414x896,Edge,en-IN,-330,portrait,Hyderabad,4797.38,2025-03-01 16:02:37,72,0,normal
user_211,session_2117,Desktop,3,13,0,19,0.0,65,1920x1080,Chrome,hi-IN,-330,landscape,Pune,7087.67,2025-01-05 13:45:45,449,0,normal
user_183,session_1835,Desktop,13,12,0,22,0.0,267,1920x1080,Edge,en-US,-330,landscape,Chennai,1930.13,2025-01-28 21:26:05,175,0,normal
user_79,session_794,Desktop,3,2,0,11,0.0,190,1920x1080,Safari,en-IN,-330,landscape,Delhi,4545.41,2025-01-13 09:04:22,177,0,normal
user_593,session_5936,Desktop,2,11,0,2,0.0,257,1440x900,Safari,en-IN,-330,landscape,Pune,3410.98,2025-05-21 17:48:03,45,0,normal
user_267,session_2675,Mobile,7,11,0,15,0.7,217,390x844,Safari,en-IN,-330,landscape,Delhi,1948.8,2025-01-23 11:46:13,14,0,normal
user_9,session_95,Desktop,5,8,0,6,0.0,125,1440x900,Safari,en-IN,-330,landscape,Hyderabad,6351.97,2025-01-05 22:30:12,419,0,normal
user_422,session_4226,Mobile,3,6,4,2,0.77,178,390x844,Safari,en-US,-330,landscape,Delhi,777.45,2025-05-21 09:35:58,31,0,normal
user_375,session_3757,Desktop,6,7,0,10,0.0,55,1440x900,Firefox,hi-IN,-330,landscape,Pune,5373.62,2025-04-05 16:28:57,292,0,normal
user_289,session_2892,Mobile,2,12,8,17,0.49,153,360x640,Chrome,en-IN,-330,landscape,Kolkata,3231.13,2025-02-04 12:40:03,3,0,normal
user_237,session_2372,Desktop,4,12,0,13,0.0,33,1440x900,Safari,en-IN,-330,landscape,Bengaluru,1422.87,2025-03-27 09:37:35,352,0,normal
user_496,session_4966,Desktop,6,11,0,6,0.0,127,1366x768,Edge,en-IN,-330,landscape,Chennai,5218.36,2025-01-09 11:53:32,14,0,normal
user_566,session_5668,Desktop,5,3,0,7,0.0,59,1920x1080,Firefox,en-IN,-330,landscape,Ahmedabad,888.01,2025-05-12 14:24:17,505,0,normal
user_322,session_3229,Desktop,4,12,0,17,0.0,114,1920x1080,Edge,en-IN,-330,landscape,Hyderabad,1000.65,2025-02-05 04:37:06,320,0,normal
user_534,session_5343,Desktop,8,5,0,3,0.0,208,1366x768,Firefox,en-IN,-330,landscape,Chennai,10192.67,2025-02-13 13:17:30,190,0,normal
user_285,session_2854,Mobile,8,6,0,11,0.58,99,390x844,Safari,hi-IN,-330,portrait,Pune,1779.95,2025-04-24 19:25:27,41,0,normal
user_291,session_2913,Mobile,6,11,8,13,0.63,55,360x640,Chrome,en-IN,-330,portrait,Mumbai,1645.75,2025-05-17 07:26:46,15,0,normal
user_186,session_1866,Desktop,2,4,0,13,0.0,76,1920x1080,Edge,en-US,-330,landscape,Bengaluru,6058.72,2025-05-05 09:06:03,33,0,normal
user_461,session_4613,Desktop,7,7,0,19,0.0,220,1440x900,Edge,en-IN,-330,landscape,Ahmedabad,2833.33,2025-03-29 18:23:36,515,0,normal
user_185,session_1858,Mobile,11,9,0,13,0.64,254,414x896,Safari,en-IN,-330,portrait,Mumbai,1498.84,2025-04-06 22:44:34,23,0,normal
user_264,session_2646,Desktop,5,2,0,0,0.0,133,1920x1080,Firefox,en-IN,-330,landscape,Ahmedabad,6833.38,2025-03-02 17:26:57,121,0,normal
user_224,session_2244,Desktop,4,9,0,9,0.0,92,1440x900,Safari,hi-IN,-330,landscape,Pune,851.54,2025-02-02 13:46:52,228,0,normal
user_233,session_2337,Desktop,13,12,0,7,0.0,71,1366x768,Firefox,hi-IN,-330,landscape,Mumbai,753.99,2025-02-03 21:09:11,260,0,normal
user_95,session_951,Desktop,1,0,0,0,0.0,7,1366x768,Safari,en-US,-330,landscape,Mumbai,9382.34,2025-05-10 21:52:05,389,1,copy_paste_drain
user_306,session_3069,Desktop,5,0,0,7,0.0,66,1440x900,Chrome,en-IN,-330,landscape,Pune,7075.65,2025-04-03 14:31:48,492,0,normal
user_112,session_1121,Desktop,8,8,0,16,0.0,187,1920x1080,Firefox,en-IN,-330,landscape,Mumbai,432.44,2025-02-26 07:36:54,363,0,normal
user_259,session_2598,Desktop,7,0,0,11,0.0,151,1366x768,Edge,en-IN,-330,landscape,Delhi,3277.08,2025-02-16 21:05:43,369,0,normal
user_220,session_2205,Tablet,5,4,6,19,0.9,103,810x1080,Firefox,en-IN,-330,portrait,Bengaluru,2420.88,2025-02-10 06:31:24,31,0,normal
user_41,session_420,Desktop,13,8,0,18,0.0,62,1920x1080,Safari,en-IN,-330,landscape,Mumbai,402.18,2025-02-15 18:26:47,204,0,normal
user_92,session_923,Tablet,8,8,0,27,1.15,35,810x1080,Firefox,en-IN,-330,portrait,Ahmedabad,23763.14,2025-01-16 04:43:59,19,1,odd_hour_drain
user_125,session_1255,Mobile,8,0,3,20,1.34,237,360x640,Safari,en-US,-330,portrait,Delhi,8062.46,2025-02-13 09:20:33,50,0,normal
user_47,session_478,Desktop,10,0,0,17,0.0,103,1366x768,Firefox,en-IN,-330,landscape,Hyderabad,2203.37,2025-02-22 06:49:55,281,0,normal
user_203,session_2036,Desktop,0,1,0,13,0.0,243,1366x768,Chrome,en-IN,-330,landscape,Chennai,8406.97,2025-03-05 14:55:50,132,0,normal
user_120,session_1203,Desktop,6,7,0,9,0.0,51,1920x1080,Edge,en-IN,-330,landscape,Ahmedabad,6054.5,2025-04-27 14:44:37,323,0,normal
user_262,session_2627,Mobile,5,10,4,1,1.23,165,414x896,Safari,hi-IN,-330,portrait,Delhi,2440.06,2025-05-15 08:32:33,47,0,normal
user_577,session_5774,Desktop,3,12,0,5,0.0,147,1920x1080,Edge,en-US,-330,landscape,Chennai,2360.94,2025-04-27 18:35:44,355,0,normal
user_197,session_1971,Desktop,4,9,0,5,0.0,155,1440x900,Safari,en-IN,-330,landscape,Chennai,2544.93,2025-04-10 17:01:30,205,0,normal
user_311,session_3111,Desktop,6,13,0,15,0.0,187,1440x900,Safari,en-IN,-330,landscape,Delhi,1916.95,2025-01-21 12:47:30,297,0,normal
user_401,session_4019,Desktop,9,10,0,10,0.0,169,1920x1080,Edge,en-IN,-330,landscape,Hyderabad,4561.37,2025-05-09 11:38:43,408,0,normal
user_215,session_2152,Mobile,9,13,2,14,0.77,71,414x896,Firefox,en-IN,-330,landscape,Chennai,2284.36,2025-05-18 20:12:22,19,0,normal
user_368,session_3688,Desktop,1,7,0,10,0.0,130,1440x900,Chrome,en-IN,-330,landscape,Delhi,920.98,2025-03-22 23:20:17,146,0,normal
user_491,session_4917,Mobile,7,9,9,9,0.65,175,360x640,Safari,en-IN,-330,landscape,Hyderabad,979.09,2025-04-12 19:36:55,68,0,normal
user_199,session_1998,Desktop,0,10,0,28,0.0,101,1440x900,Chrome,en-IN,-330,landscape,Chennai,3231.84,2025-03-20 11:08:18,318,0,normal
user_403,session_4034,Mobile,5,9,9,19,0.27,201,390x844,Edge,en-IN,-330,landscape,Ahmedabad,2371.15,2025-03-29 10:35:11,21,0,normal
user_588,session_5884,Desktop,3,8,0,9,0.0,69,1440x900,Chrome,en-US,-330,landscape,Bengaluru,4888.43,2025-01-19 13:24:16,378,0,normal
user_305,session_3055,Desktop,8,9,0,15,0.0,110,1440x900,Firefox,hi-IN,-330,landscape,Kolkata,5382.64,2025-02-26 10:02:20,351,0,normal
user_124,session_1249,Mobile,2,2,1,4,0.54,173,360x640,Chrome,en-IN,-330,portrait,Mumbai,8079.58,2025-03-28 17:32:05,44,0,normal
user_219,session_2193,Desktop,5,16,0,9,0.0,86,1440x900,Chrome,en-IN,-330,landscape,Chennai,2272.74,2025-05-22 23:21:17,371,0,normal
user_271,session_2713,Desktop,9,13,0,1,0.0,75,1920x1080,Chrome,en-IN,-330,landscape,Mumbai,2710.48,2025-01-29 09:07:38,184,1,rat_fraud
user_99,session_993,Mobile,11,12,4,9,1.57,54,360x640,Chrome,en-IN,-330,landscape,Pune,291.67,2025-02-01 23:25:08,8,0,normal
user_219,session_2191,Desktop,6,7,0,17,0.0,54,1440x900,Chrome,en-IN,-330,landscape,Chennai,4240.71,2025-01-23 20:35:35,295,0,normal
user_467,session_4671,Mobile,1,11,4,13,0.46,192,390x844,Edge,en-IN,-330,landscape,Mumbai,9784.04,2025-03-26 14:03:52,45,0,normal
user_376,session_3763,Desktop,6,5,0,23,0.0,127,1366x768,Firefox,en-IN,-330,landscape,Chennai,4316.44,2025-02-06 06:10:26,287,0,normal
user_359,session_3598,Desktop,7,6,0,10,0.0,81,1366x768,Chrome,en-US,-330,landscape,Hyderabad,852.32,2025-02-04 15:42:13,202,0,normal
user_471,session_4712,Desktop,5,9,0,12,0.0,122,1440x900,Chrome,en-IN,-330,landscape,Ahmedabad,1089.55,2025-01-29 11:26:08,272,0,normal
user_131,session_1319,Mobile,6,11,6,17,0.15,58,360x640,Edge,en-IN,-330,portrait,Ahmedabad,6005.57,2025-05-13 15:36:26,69,0,normal
user_186,session_1864,Desktop,1,8,0,9,0.0,150,1920x1080,Edge,en-US,-330,landscape,Bengaluru,4138.16,2025-05-20 14:15:52,215,0,normal
user_234,session_2344,Desktop,8,7,0,9,0.0,170,1920x1080,Edge,en-US,-330,landscape,Delhi,4792.94,2025-02-06 20:19:04,291,0,normal
user_244,session_2450,Desktop,3,1,0,9,0.0,270,1366x768,Firefox,en-IN,-330,landscape,Delhi,8663.21,2025-03-23 07:09:57,123,0,normal
user_213,session_2137,Desktop,11,4,0,4,0.0,299,1366x768,Chrome,en-IN,-330,landscape,Hyderabad,12408.37,2025-03-03 13:24:35,280,0,normal
user_106,session_1066,Desktop,4,5,0,13,0.0,162,1366x768,Safari,en-US,-330,landscape,Chennai,6953.3,2025-04-10 11:56:13,306,0,normal
user_595,session_5951,Mobile,4,1,1,8,0.79,89,414x896,Firefox,en-IN,-330,portrait,Chennai,1098.04,2025-03-11 22:09:04,65,0,normal
user_422,session_4228,Mobile,1,15,5,3,0.0,245,390x844,Safari,en-US,-330,portrait,Delhi,579.02,2025-01-31 09:42:35,17,0,normal
user_262,session_2622,Mobile,7,8,7,7,0.61,191,414x896,Safari,hi-IN,-330,landscape,Delhi,2521.19,2025-01-19 07:13:08,49,0,normal
user_7,session_78,Desktop,5,7,0,19,0.0,84,1366x768,Edge,en-IN,-330,landscape,Bengaluru,329.41,2025-05-23 09:52:08,291,0,normal
user_289,session_2899,Mobile,11,3,8,15,1.41,151,360x640,Chrome,en-IN,-330,landscape,Kolkata,3489.98,2025-03-13 14:55:32,30,0,normal
user_482,session_4821,Desktop,9,6,0,4,0.0,62,1920x1080,Firefox,en-US,-330,landscape,Kolkata,3151.57,2025-05-20 20:52:18,235,0,normal
user_131,session_1315,Mobile,11,13,6,6,0.18,123,360x640,Edge,en-IN,-330,landscape,Ahmedabad,7141.21,2025-01-22 15:25:17,23,0,normal
user_523,session_5232,Desktop,7,6,0,8,0.0,192,1366x768,Firefox,en-IN,-330,landscape,Pune,9698.22,2025-04-19 12:49:48,299,0,normal
user_87,session_873,Mobile,10,10,3,7,0.16,93,414x896,Firefox,en-IN,-330,landscape,Mumbai,12158.64,2025-02-18 18:12:04,61,0,normal
user_385,session_3851,Mobile,7,9,0,27,0.64,295,390x844,Firefox,en-IN,-330,portrait,Bengaluru,7794.55,2025-04-16 15:27:08,26,0,normal
user_584,session_5843,Mobile,2,2,3,6,0.65,157,414x896,Edge,en-IN,-330,portrait,Mumbai,920.11,2025-05-12 15:02:43,30,0,normal
user_296,session_2966,Desktop,0,4,0,16,0.0,128,1366x768,Chrome,en-IN,-330,landscape,Chennai,2129.33,2025-03-07 16:11:26,90,0,normal
user_339,session_3392,Desktop,5,2,0,10,0.0,135,1366x768,Chrome,en-US,-330,landscape,Kolkata,890.36,2025-01-15 13:54:29,190,0,normal
user_256,session_2561,Tablet,7,1,1,10,0.38,245,810x1080,Edge,en-US,-330,landscape,Mumbai,2547.16,2025-01-14 12:45:35,59,0,normal
user_587,session_5877,Desktop,9,11,0,15,0.0,289,1440x900,Chrome,en-IN,-330,landscape,Bengaluru,3580.15,2025-05-16 19:27:12,487,0,normal
user_263,session_2636,Mobile,6,9,3,10,1.14,366,390x844,Firefox,hi-IN,-330,landscape,Chennai,7916.61,2025-03-13 17:27:49,57,0,normal
user_353,session_3531,Desktop,6,11,0,5,0.0,48,1920x1080,Chrome,en-IN,-330,landscape,Hyderabad,12998.68,2025-01-16 18:33:41,277,0,normal
user_37,session_376,Mobile,8,11,9,9,1.1,266,360x640,Safari,en-IN,-330,landscape,Delhi,5374.53,2025-02-09 16:26:14,13,0,normal
user_190,session_1909,Desktop,7,4,0,4,0.0,226,1440x900,Chrome,en-IN,-330,landscape,Kolkata,2970.8,2025-04-13 07:03:11,136,0,normal
user_442,session_4430,Desktop,1,9,0,5,0.0,175,1366x768,Chrome,en-IN,-330,landscape,Mumbai,229.03,2025-02-13 10:28:39,469,0,normal
user_518,session_5183,Mobile,6,11,2,24,0.67,223,414x896,Chrome,en-IN,-330,landscape,Mumbai,1607.65,2025-03-28 20:22:49,69,0,normal
user_524,session_5241,Desktop,6,1,0,17,0.0,266,1440x900,Safari,en-IN,-330,landscape,Hyderabad,3630.21,2025-01-26 11:24:45,358,0,normal
user_402,session_4028,Mobile,4,11,3,19,0.43,131,360x640,Safari,en-IN,-330,landscape,Bengaluru,10316.18,2025-01-24 10:18:10,28,0,normal
user_160,session_1605,Desktop,7,3,0,9,0.0,272,1920x1080,Firefox,en-IN,-330,landscape,Hyderabad,2098.92,2025-04-26 18:46:21,1,0,normal
user_111,session_1119,Desktop,5,15,0,16,0.0,72,1440x900,Edge,en-IN,-330,landscape,Ahmedabad,728.46,2025-01-03 15:11:41,146,0,normal
user_367,session_3678,Tablet,9,5,4,10,1.4,51,768x1024,Safari,en-US,-330,portrait,Mumbai,20.0,2025-02-25 05:10:37,40,0,normal
user_349,session_3491,Mobile,5,4,7,17,0.3,105,414x896,Firefox,en-IN,-330,landscape,Hyderabad,10706.98,2025-01-12 13:54:03,32,0,normal
user_583,session_5836,Desktop,7,7,0,27,0.0,79,1440x900,Firefox,en-IN,-330,landscape,Bengaluru,4259.52,2025-03-12 15:22:26,216,0,normal
user_295,session_2959,Mobile,6,14,7,13,1.21,75,414x896,Edge,en-IN,-330,portrait,Ahmedabad,2945.88,2025-01-24 16:30:54,20,0,normal
user_199,session_1995,Desktop,8,10,0,15,0.0,99,1440x900,Chrome,en-IN,-330,landscape,Chennai,2109.41,2025-05-14 07:08:48,377,0,normal
user_594,session_5946,Desktop,1,4,0,8,0.0,122,1366x768,Firefox,en-IN,-330,landscape,Delhi,2055.09,2025-01-11 19:32:27,319,0,normal
user_520,session_5207,Desktop,8,6,0,6,0.0,167,1920x1080,Edge,hi-IN,-330,landscape,Hyderabad,5724.45,2025-04-14 19:45:02,45,0,normal
user_237,session_2377,Desktop,8,7,0,6,0.0,94,1440x900,Safari,en-IN,-330,landscape,Bengaluru,2006.9,2025-04-15 10:47:11,147,0,normal
user_134,session_1343,Desktop,7,7,0,11,0.0,112,1920x1080,Edge,en-IN,-330,landscape,Pune,530.62,2025-05-17 16:36:02,333,0,normal
user_32,session_321,Desktop,6,6,0,14,0.0,220,1920x1080,Firefox,en-IN,-330,landscape,Pune,4187.79,2025-02-03 13:36:59,224,0,normal
user_161,session_1620,Mobile,7,13,1,1,0.51,264,360x640,Edge,en-IN,-330,landscape,Pune,3544.61,2025-05-25 22:40:58,37,0,normal
user_371,session_3714,Desktop,8,10,0,7,0.0,88,1366x768,Chrome,en-IN,-330,landscape,Kolkata,4133.15,2025-03-07 15:57:42,238,0,normal
user_206,session_2061,Desktop,2,6,0,12,0.0,243,1920x1080,Chrome,en-US,-330,landscape,Kolkata,6006.99,2025-03-31 17:24:12,302,0,normal
user_221,session_2220,Desktop,3,5,0,14,0.0,100,1366x768,Firefox,hi-IN,-330,landscape,Ahmedabad,2006.72,2025-04-15 10:39:43,0,0,normal
user_167,session_1674,Mobile,5,3,4,13,1.13,105,390x844,Chrome,en-IN,-330,portrait,Pune,6490.66,2025-05-07 18:32:02,59,0,normal
user_26,session_261,Tablet,6,8,2,18,0.47,88,810x1080,Safari,en-IN,-330,portrait,Ahmedabad,588.59,2025-04-24 09:06:33,36,0,normal
user_529,session_5292,Mobile,4,4,0,18,1.03,46,360x640,Safari,en-IN,-330,portrait,Bengaluru,6638.86,2025-04-21 06:39:29,39,0,normal
user_203,session_2040,Desktop,3,9,0,15,0.0,155,1366x768,Chrome,en-IN,-330,landscape,Chennai,9074.64,2025-04-09 13:54:44,278,0,normal
user_478,session_4786,Mobile,10,12,6,6,0.81,125,414x896,Chrome,hi-IN,-330,landscape,Bengaluru,8955.25,2025-03-09 18:13:08,42,0,normal
user_90,session_902,Mobile,4,7,5,18,0.61,176,414x896,Chrome,en-IN,-330,portrait,Bengaluru,5181.03,2025-03-01 11:25:37,48,0,normal
user_374,session_3745,Mobile,4,4,5,12,0.91,71,390x844,Firefox,en-IN,-330,portrait,Ahmedabad,4296.93,2025-04-25 14:43:34,77,0,normal
user_202,session_2027,Desktop,1,3,0,8,0.0,41,1440x900,Chrome,en-IN,-330,landscape,Ahmedabad,14520.65,2025-04-27 16:45:52,359,0,normal
user_423,session_4235,Desktop,7,8,0,26,0.0,36,1440x900,Chrome,en-US,-330,landscape,Hyderabad,5053.09,2025-05-09 10:18:09,624,0,normal
user_191,session_1918,Desktop,4,7,0,8,0.0,83,1366x768,Chrome,en-IN,-330,landscape,Mumbai,1498.59,2025-03-03 12:43:09,555,0,normal
user_182,session_1829,Desktop,8,6,0,13,0.0,189,1920x1080,Chrome,en-US,-330,landscape,Mumbai,4558.43,2025-04-29 12:14:40,128,0,normal
user_157,session_1574,Mobile,3,2,5,1,0.53,86,414x896,Safari,en-IN,-330,portrait,Ahmedabad,7485.42,2025-05-21 17:11:23,31,0,normal
user_441,session_4416,Mobile,8,11,4,16,0.79,226,360x640,Safari,en-IN,-330,landscape,Ahmedabad,252.68,2025-02-06 17:03:53,70,0,normal
user_474,session_4750,Desktop,6,11,0,14,0.0,168,1920x1080,Firefox,en-US,-330,landscape,Pune,3210.73,2025-03-06 13:27:25,475,0,normal
user_526,session_5261,Mobile,7,9,5,21,0.14,92,360x640,Edge,en-IN,-330,landscape,Bengaluru,5071.05,2025-04-16 14:18:13,28,0,normal
user_465,session_4655,Mobile,5,4,2,28,0.46,75,390x844,Chrome,en-IN,-330,landscape,Bengaluru,3773.11,2025-01-04 12:11:45,50,0,normal
user_420,session_4209,Desktop,0,0,0,10,0.0,177,1366x768,Safari,en-IN,-330,landscape,Mumbai,2275.69,2025-01-23 10:55:18,375,0,normal
user_462,session_4628,Mobile,6,10,2,12,0.82,167,360x640,Chrome,en-US,-330,portrait,Hyderabad,8637.93,2025-05-13 18:07:50,1,0,normal
user_22,session_225,Mobile,5,6,8,23,0.26,281,414x896,Safari,en-IN,-330,portrait,Ahmedabad,304.69,2025-01-24 09:52:09,65,0,normal
user_72,session_724,Desktop,5,4,0,15,0.0,260,1440x900,Firefox,en-IN,-330,landscape,Ahmedabad,2316.66,2025-02-11 15:17:55,354,0,normal
user_537,session_5379,Desktop,9,8,0,22,0.0,68,1440x900,Edge,en-IN,-330,landscape,Pune,8738.57,2025-05-24 14:01:09,454,0,normal
user_114,session_1142,Desktop,4,1,0,11,0.0,54,1440x900,Edge,en-IN,-330,landscape,Mumbai,4055.95,2025-05-16 16:56:16,375,0,normal
user_276,session_2763,Tablet,7,1,4,19,0.89,117,768x1024,Safari,en-IN,-330,landscape,Delhi,2326.31,2025-01-03 11:09:41,69,0,normal
user_84,session_847,Desktop,3,15,0,16,0.0,357,1920x1080,Chrome,en-US,-330,landscape,Mumbai,764.99,2025-04-21 08:11:41,288,0,normal
user_428,session_4290,Mobile,3,10,4,7,0.13,196,360x640,Safari,en-IN,-330,portrait,Pune,6562.55,2025-01-23 16:27:25,54,0,normal
user_504,session_5043,Desktop,9,6,0,23,0.0,138,1440x900,Firefox,en-IN,-330,landscape,Ahmedabad,3232.42,2025-01-25 04:55:15,333,0,normal
user_255,session_2552,Desktop,2,9,0,33,0.0,181,1920x1080,Safari,en-IN,-330,landscape,Mumbai,1946.58,2025-03-11 18:28:13,170,0,normal
user_292,session_2929,Desktop,7,8,0,16,0.0,66,1920x1080,Chrome,en-IN,-330,landscape,Pune,9665.39,2025-04-29 13:32:00,307,0,normal
user_11,session_118,Mobile,7,7,0,10,0.4,77,360x640,Chrome,en-IN,-330,landscape,Delhi,8144.21,2025-01-17 21:16:08,38,0,normal
user_64,session_646,Desktop,6,2,0,1,0.0,180,1366x768,Edge,en-IN,-330,landscape,Mumbai,210.57,2025-02-16 23:45:55,427,0,normal
user_0,session_4,Mobile,2,0,2,11,0.14,173,414x896,Safari,en-US,-330,portrait,Mumbai,6159.09,2025-02-13 19:38:21,2,0,normal
user_417,session_4171,Desktop,3,10,0,17,0.0,164,1440x900,Safari,en-IN,-330,landscape,Delhi,1920.18,2025-02-17 12:16:26,246,0,normal
user_46,session_468,Mobile,4,8,3,19,0.0,242,414x896,Edge,en-IN,-330,landscape,Pune,1570.42,2025-01-09 15:04:01,35,0,normal
user_0,session_6,Mobile,5,1,4,2,0.4,90,414x896,Safari,en-US,-330,portrait,Mumbai,9158.18,2025-03-21 15:07:55,45,0,normal
user_91,session_920,Desktop,4,13,0,15,0.0,107,1366x768,Chrome,en-IN,-330,landscape,Kolkata,4318.51,2025-03-08 12:21:45,226,0,normal
user_259,session_2596,Desktop,3,8,0,8,0.0,124,1366x768,Edge,en-IN,-330,landscape,Delhi,2505.38,2025-03-26 14:10:17,266,0,normal
user_432,session_4325,Desktop,8,12,0,11,0.0,79,1366x768,Chrome,en-IN,-330,landscape,Delhi,507.26,2025-03-04 20:52:22,353,0,normal
user_106,session_1064,Desktop,5,4,0,27,0.0,177,1366x768,Safari,en-US,-330,landscape,Chennai,3763.94,2025-01-12 11:40:47,239,0,normal
user_259,session_2591,Desktop,2,3,0,19,0.0,146,1366x768,Edge,en-IN,-330,landscape,Delhi,2505.11,2025-04-13 16:42:13,214,0,normal
user_24,session_243,Desktop,6,7,0,8,0.0,235,1920x1080,Firefox,en-US,-330,landscape,Ahmedabad,1980.51,2025-02-03 17:18:24,269,0,normal
user_521,session_5214,Tablet,4,10,9,19,0.64,82,810x1080,Firefox,en-IN,-330,landscape,Chennai,10427.7,2025-05-18 20:54:17,13,0,normal
user_116,session_1161,Mobile,9,4,0,18,0.57,118,414x896,Chrome,en-IN,-330,portrait,Delhi,3170.81,2025-03-30 17:16:35,38,0,normal
user_287,session_2871,Tablet,6,12,8,18,0.54,174,810x1080,Safari,en-IN,-330,landscape,Delhi,867.46,2025-01-21 16:07:22,31,0,normal
user_373,session_3736,Mobile,3,4,4,15,0.12,145,360x640,Chrome,en-IN,-330,portrait,Mumbai,8690.63,2025-03-21 12:03:04,42,0,normal
user_239,session_2398,Desktop,6,14,0,14,0.0,93,1920x1080,Firefox,hi-IN,-330,landscape,Pune,10065.33,2025-02-26 13:21:18,189,0,normal
user_351,session_3518,Desktop,8,10,0,10,0.0,87,1440x900,Firefox,en-IN,-330,landscape,Hyderabad,5260.92,2025-03-23 12:17:52,519,0,normal
user_342,session_3422,Desktop,4,13,0,19,0.0,168,1440x900,Edge,en-IN,-330,landscape,Chennai,3783.56,2025-01-24 18:51:59,191,0,normal
user_256,session_2564,Tablet,5,4,4,9,1.37,332,810x1080,Edge,en-US,-330,portrait,Mumbai,4031.82,2025-02-04 12:23:37,16,0,normal
user_160,session_1606,Desktop,3,6,0,5,0.0,203,1920x1080,Firefox,en-IN,-330,landscape,Hyderabad,1191.12,2025-02-27 16:11:30,185,0,normal
user_578,session_5786,Desktop,5,0,0,20,0.0,165,1920x1080,Edge,en-IN,-330,landscape,Delhi,2028.22,2025-05-03 22:02:44,325,0,normal
user_232,session_2325,Tablet,9,4,0,8,0.0,45,810x1080,Safari,en-IN,-330,landscape,Ahmedabad,16950.03,2025-02-02 08:27:11,365,1,account_takeover
user_270,session_2710,Mobile,9,9,5,24,0.07,200,360x640,Chrome,hi-IN,-330,portrait,Delhi,1080.52,2025-05-12 18:30:39,0,0,normal
user_526,session_5266,Mobile,6,8,4,11,1.28,70,360x640,Edge,en-IN,-330,landscape,Bengaluru,1876.98,2025-02-13 19:39:59,0,0,normal
user_131,session_1313,Mobile,3,7,3,3,1.04,109,360x640,Edge,en-IN,-330,landscape,Ahmedabad,9027.71,2025-05-19 12:42:11,29,0,normal
user_344,session_3449,Desktop,2,4,0,19,0.0,212,1366x768,Safari,en-IN,-330,landscape,Pune,3935.88,2025-02-17 19:16:45,443,0,normal
user_381,session_3813,Desktop,2,9,0,17,0.0,128,1920x1080,Chrome,hi-IN,-330,landscape,Bengaluru,1050.51,2025-01-24 14:39:44,290,0,normal
user_558,session_5581,Mobile,4,8,8,9,0.31,141,390x844,Firefox,en-IN,-330,landscape,Delhi,2589.67,2025-01-08 06:21:00,17,0,normal
user_236,session_2363,Desktop,7,10,0,25,0.0,97,1440x900,Safari,en-US,-330,landscape,Kolkata,8280.47,2025-02-15 21:14:13,147,0,normal
user_197,session_1976,Desktop,8,14,0,22,0.0,186,1440x900,Safari,en-IN,-330,landscape,Chennai,4868.4,2025-05-27 12:20:44,500,0,normal
user_351,session_3515,Desktop,11,0,0,9,0.0,52,1440x900,Firefox,en-IN,-330,landscape,Hyderabad,6141.53,2025-02-08 18:32:02,270,0,normal
user_176,session_1762,Desktop,7,12,0,15,0.0,91,1440x900,Safari,en-US,-330,landscape,Hyderabad,854.51,2025-01-11 16:30:23,241,0,normal
user_273,session_2740,Desktop,2,3,0,9,0.0,94,1366x768,Edge,en-IN,-330,landscape,Hyderabad,1728.43,2025-01-20 19:09:37,226,0,normal
user_558,session_5588,Mobile,4,9,9,12,0.0,205,390x844,Firefox,en-IN,-330,landscape,Delhi,2875.86,2025-04-28 06:47:41,1,0,normal
user_247,session_2473,Tablet,2,1,5,11,0.22,40,768x1024,Firefox,en-IN,-330,portrait,Bengaluru,6583.8,2025-04-23 19:58:47,40,0,normal
user_400,session_4008,Desktop,0,2,0,9,0.0,71,1366x768,Firefox,en-IN,-330,landscape,Hyderabad,5213.8,2025-01-29 16:15:02,268,0,normal
user_471,session_4719,Desktop,6,15,19,19,3.21,169,1440x900,Chrome,en-IN,-330,landscape,Ahmedabad,1220.91,2025-01-26 06:40:28,349,1,device_spoof
user_149,session_1494,Desktop,7,8,0,17,0.0,85,1920x1080,Chrome,en-IN,-330,landscape,Bengaluru,1773.04,2025-01-27 12:34:58,460,0,normal
user_420,session_4207,Desktop,3,3,0,5,0.0,83,1366x768,Safari,en-IN,-330,landscape,Mumbai,1183.22,2025-02-05 11:43:17,378,0,normal
user_215,session_2159,Mobile,11,10,1,25,0.63,54,414x896,Firefox,en-IN,-330,landscape,Chennai,3158.02,2025-04-10 23:04:02,14,0,normal
user_116,session_1170,Mobile,4,7,5,7,1.01,151,414x896,Chrome,en-IN,-330,portrait,Delhi,5794.39,2025-05-19 23:16:18,23,0,normal
user_541,session_5416,Desktop,2,8,0,21,0.0,159,1366x768,Chrome,en-US,-330,landscape,Kolkata,1033.49,2025-03-19 13:32:51,337,0,normal
user_23,session_233,Mobile,0,11,3,9,0.85,170,414x896,Chrome,en-IN,-330,landscape,Ahmedabad,3910.73,2025-03-08 07:14:35,23,0,normal
user_6,session_67,Mobile,7,4,5,11,0.65,176,390x844,Safari,en-US,-330,portrait,Hyderabad,20.0,2025-03-03 13:23:52,50,0,normal
user_160,session_1604,Desktop,6,10,0,6,0.0,214,1920x1080,Firefox,en-IN,-330,landscape,Hyderabad,1914.01,2025-04-07 18:28:22,283,0,normal
user_328,session_3284,Tablet,6,2,4,15,0.6,43,768x1024,Edge,en-IN,-330,landscape,Pune,6630.14,2025-04-10 14:35:35,33,0,normal
user_359,session_3597,Desktop,1,10,0,13,0.0,177,1366x768,Chrome,en-US,-330,landscape,Hyderabad,344.18,2025-03-30 17:31:52,285,0,normal
user_463,session_4633,Desktop,0,0,0,15,0.0,186,1920x1080,Safari,en-US,-330,landscape,Ahmedabad,6600.54,2025-03-10 14:08:59,127,0,normal
user_12,session_126,Mobile,8,6,3,23,0.84,92,414x896,Edge,en-IN,-330,landscape,Chennai,499.34,2025-02-23 14:43:39,57,0,normal
user_129,session_1297,Desktop,6,1,0,13,0.0,194,1366x768,Edge,en-US,-330,landscape,Mumbai,1196.58,2025-04-22 10:27:15,53,0,normal
user_197,session_1977,Desktop,5,12,0,8,0.0,395,1440x900,Safari,en-IN,-330,landscape,Chennai,2926.69,2025-01-09 13:40:31,393,0,normal
user_541,session_5417,Desktop,1,10,0,27,0.0,161,1366x768,Chrome,en-US,-330,landscape,Kolkata,1413.46,2025-02-06 17:47:54,443,0,normal
user_537,session_5374,Desktop,8,8,0,15,0.0,45,1440x900,Edge,en-IN,-330,landscape,Pune,5417.89,2025-01-15 14:42:36,317,0,normal
user_207,session_2076,Desktop,7,14,0,22,0.0,66,1366x768,Edge,en-IN,-330,landscape,Bengaluru,7221.88,2025-05-03 10:02:15,460,0,normal
user_458,session_4581,Mobile,6,6,3,14,0.66,177,360x640,Firefox,en-US,-330,portrait,Delhi,4602.9,2025-01-24 13:39:56,50,0,normal
user_308,session_3087,Tablet,7,11,0,9,0.82,118,768x1024,Firefox,en-IN,-330,landscape,Bengaluru,1592.45,2025-04-27 20:54:21,12,0,normal
user_519,session_5197,Desktop,6,6,0,7,0.0,244,1366x768,Firefox,en-IN,-330,landscape,Chennai,13008.26,2025-04-10 13:20:06,445,0,normal
user_334,session_3346,Desktop,2,3,0,13,0.0,153,1440x900,Firefox,en-IN,-330,landscape,Pune,6164.66,2025-05-11 17:53:42,447,0,normal
user_581,session_5819,Desktop,8,14,0,23,0.0,79,1440x900,Edge,hi-IN,-330,landscape,Pune,5707.26,2025-04-09 17:40:56,413,0,normal
user_279,session_2798,Mobile,10,3,7,7,0.12,152,390x844,Safari,en-US,-330,portrait,Kolkata,6099.75,2025-03-21 17:47:39,14,0,normal
user_91,session_919,Desktop,8,9,0,21,0.0,80,1366x768,Chrome,en-IN,-330,landscape,Kolkata,5083.21,2025-04-29 11:48:50,438,0,normal
user_164,session_1647,Desktop,12,8,0,18,0.0,309,1440x900,Firefox,en-IN,-330,landscape,Kolkata,4495.23,2025-05-10 13:54:34,393,0,normal
user_512,session_5123,Desktop,2,4,0,9,0.0,84,1440x900,Chrome,hi-IN,-330,landscape,Chennai,3746.89,2025-02-12 10:56:35,247,0,normal
user_512,session_5127,Desktop,2,7,0,15,0.0,75,1440x900,Chrome,hi-IN,-330,landscape,Chennai,3456.53,2025-05-23 08:40:17,344,0,normal
user_497,session_4979,Desktop,5,0,0,19,0.0,80,1440x900,Chrome,en-IN,-330,landscape,Kolkata,4148.66,2025-02-01 15:38:49,378,0,normal
user_462,session_4622,Mobile,4,3,4,13,0.24,114,360x640,Chrome,en-US,-330,landscape,Hyderabad,3414.78,2025-05-04 18:17:04,58,0,normal
user_36,session_365,Tablet,2,4,0,8,0.44,208,810x1080,Edge,en-IN,-330,portrait,Hyderabad,10769.08,2025-02-23 20:15:42,41,0,normal
user_328,session_3288,Tablet,3,13,4,15,1.02,58,768x1024,Edge,en-IN,-330,landscape,Pune,6389.5,2025-04-06 15:57:15,34,0,normal
user_212,session_2126,Mobile,4,3,2,9,0.33,131,414x896,Safari,en-IN,-330,portrait,Bengaluru,9604.0,2025-04-16 11:24:28,0,0,normal
user_412,session_4124,Mobile,2,5,3,17,0.21,67,360x640,Safari,en-US,-330,portrait,Kolkata,1963.02,2025-05-24 18:29:08,31,0,normal
user_456,session_4570,Desktop,7,9,0,8,0.0,258,1366x768,Firefox,en-IN,-330,landscape,Pune,4108.0,2025-02-07 14:35:39,340,0,normal
user_52,session_526,Desktop,5,12,0,8,0.0,156,1440x900,Edge,en-IN,-330,landscape,Ahmedabad,5799.2,2025-02-13 20:03:08,137,0,normal
user_482,session_4822,Desktop,5,12,0,11,0.0,74,1920x1080,Firefox,en-US,-330,landscape,Kolkata,3361.07,2025-01-24 18:02:28,196,0,normal
user_5,session_56,Desktop,6,3,0,16,0.0,48,1366x768,Chrome,en-IN,-330,landscape,Chennai,2935.39,2025-01-22 08:21:12,297,0,normal
user_63,session_639,Mobile,3,6,5,14,1.21,253,360x640,Chrome,en-IN,-330,portrait,Hyderabad,3036.05,2025-04-08 15:55:36,28,0,normal
user_30,session_303,Desktop,10,9,0,24,0.0,276,1440x900,Firefox,en-US,-330,landscape,Mumbai,2863.03,2025-02-11 10:14:19,373,0,normal
user_276,session_2767,Tablet,8,7,8,16,0.33,95,768x1024,Safari,en-IN,-330,landscape,Delhi,7583.31,2025-04-01 09:12:53,21,0,normal
user_127,session_1277,Mobile,10,12,4,13,0.87,16,390x844,Chrome,en-US,-330,landscape,Delhi,12061.12,2025-04-17 01:48:57,34,1,odd_hour_drain
user_472,session_4721,Mobile,8,10,1,17,0.4,119,360x640,Safari,en-IN,-330,landscape,Kolkata,11312.94,2025-04-03 20:59:04,38,0,normal
user_205,session_2056,Tablet,5,15,2,14,0.63,54,768x1024,Chrome,en-US,-330,portrait,Ahmedabad,9885.56,2025-01-30 19:55:22,52,0,normal
user_514,session_5146,Mobile,8,8,0,16,0.96,321,414x896,Chrome,en-IN,-330,portrait,Hyderabad,3946.58,2025-03-14 17:10:43,74,0,normal
user_443,session_4433,Desktop,10,5,0,14,0.0,70,1440x900,Chrome,en-IN,-330,landscape,Mumbai,1699.32,2025-05-27 12:00:37,448,0,normal
user_364,session_3645,Desktop,8,13,0,5,0.0,149,1366x768,Safari,en-IN,-330,landscape,Bengaluru,599.88,2025-03-11 14:19:25,269,0,normal
user_414,session_4144,Desktop,3,7,0,8,0.0,306,1920x1080,Edge,hi-IN,-330,landscape,Chennai,450.21,2025-03-12 17:16:14,360,0,normal
user_287,session_2879,Tablet,6,5,4,21,1.13,224,810x1080,Safari,en-IN,-330,landscape,Delhi,2880.18,2025-03-03 18:23:24,27,0,normal
user_420,session_4203,Desktop,6,10,0,3,0.0,186,1366x768,Safari,en-IN,-330,landscape,Mumbai,1769.35,2025-03-22 12:08:35,99,0,normal
user_228,session_2287,Mobile,6,5,4,12,0.09,56,360x640,Chrome,en-IN,-330,portrait,Kolkata,10450.04,2025-02-22 07:39:25,38,0,normal
user_226,session_2262,Desktop,4,0,0,12,0.0,179,1366x768,Edge,en-IN,-330,landscape,Pune,4075.63,2025-02-11 04:47:57,229,0,normal
user_229,session_2297,Desktop,6,5,0,23,0.0,176,1440x900,Firefox,en-US,-330,landscape,Mumbai,3308.43,2025-03-27 18:37:08,333,0,normal
user_175,session_1754,Desktop,6,5,17,14,3.27,283,1440x900,Safari,en-IN,-330,landscape,Hyderabad,6066.58,2025-01-15 08:53:09,407,1,device_spoof
user_196,session_1969,Desktop,6,7,0,4,0.0,79,1440x900,Safari,en-IN,-330,landscape,Ahmedabad,3551.49,2025-01-05 07:07:51,256,0,normal
user_520,session_5203,Desktop,5,9,0,9,0.0,83,1920x1080,Edge,hi-IN,-330,landscape,Hyderabad,5726.17,2025-03-08 14:36:39,309,0,normal
user_311,session_3118,Desktop,2,6,0,17,0.0,124,1440x900,Safari,en-IN,-330,landscape,Delhi,4509.7,2025-03-28 14:50:16,192,0,normal
user_239,session_2394,Desktop,1,11,0,11,0.0,166,1920x1080,Firefox,hi-IN,-330,landscape,Pune,6415.85,2025-05-11 12:07:09,324,0,normal
user_52,session_524,Desktop,7,13,0,20,0.0,134,1440x900,Edge,en-IN,-330,landscape,Ahmedabad,4773.64,2025-02-01 23:29:41,385,0,normal
user_390,session_3901,Mobile,5,5,2,24,1.83,131,360x640,Edge,en-IN,-330,landscape,Bengaluru,3800.28,2025-02-12 10:14:42,34,0,normal
user_571,session_5712,Tablet,6,12,5,16,0.4,218,810x1080,Firefox,en-US,-330,landscape,Pune,3841.99,2025-03-11 18:52:47,57,0,normal
user_469,session_4700,Desktop,4,5,0,14,0.0,152,1440x900,Chrome,en-IN,-330,landscape,Ahmedabad,3525.61,2025-03-04 19:28:03,275,0,normal
user_548,session_5490,Tablet,11,6,5,17,0.42,50,810x1080,Chrome,hi-IN,-330,landscape,Bengaluru,8535.53,2025-03-07 18:45:21,21,0,normal
user_312,session_3123,Desktop,8,0,0,6,0.0,200,1920x1080,Firefox,en-IN,-330,landscape,Hyderabad,1601.44,2025-01-20 19:28:14,122,0,normal
user_415,session_4157,Desktop,8,9,0,5,0.0,161,1366x768,Edge,en-IN,-330,landscape,Pune,9805.71,2025-01-28 11:11:24,245,0,normal
user_196,session_1970,Desktop,15,14,0,26,0.0,79,1440x900,Safari,en-IN,-330,landscape,Ahmedabad,5321.12,2025-02-17 07:38:18,578,0,normal
user_67,session_672,Desktop,4,13,0,21,0.0,228,1920x1080,Firefox,en-US,-330,landscape,Kolkata,1248.37,2025-05-19 11:48:20,396,0,normal
user_418,session_4189,Tablet,4,11,5,17,0.48,134,768x1024,Chrome,en-IN,-330,portrait,Kolkata,2409.04,2025-01-06 09:36:27,35,0,normal
user_66,session_667,Mobile,7,10,3,23,0.16,145,390x844,Edge,en-US,-330,portrait,Pune,2221.2,2025-03-05 18:57:21,81,0,normal
user_553,session_5533,Tablet,6,3,6,11,0.0,202,768x1024,Firefox,en-US,-330,portrait,Pune,1497.18,2025-03-22 14:47:02,21,0,normal
user_188,session_1888,Mobile,8,13,1,14,0.95,135,390x844,Firefox,en-IN,-330,landscape,Pune,8144.43,2025-03-04 21:24:58,31,0,normal
user_326,session_3267,Desktop,4,7,0,21,0.0,249,1440x900,Safari,en-IN,-330,landscape,Bengaluru,3656.0,2025-02-10 11:21:54,210,0,normal
user_28,session_281,Desktop,7,6,0,0,0.0,195,1440x900,Safari,en-US,-330,landscape,Bengaluru,8708.16,2025-01-09 18:30:22,0,0,normal
user_171,session_1720,Mobile,8,2,5,4,0.78,54,360x640,Edge,hi-IN,-330,portrait,Ahmedabad,1008.75,2025-03-27 18:49:27,36,0,normal
user_294,session_2948,Desktop,7,3,0,29,0.0,198,1440x900,Edge,en-IN,-330,landscape,Hyderabad,6330.83,2025-02-21 07:22:22,80,0,normal
user_445,session_4456,Mobile,6,6,6,10,0.43,351,390x844,Firefox,en-IN,-330,landscape,Ahmedabad,5905.61,2025-02-21 08:21:19,40,0,normal
user_89,session_900,Desktop,3,3,0,13,0.0,63,1440x900,Firefox,en-IN,-330,landscape,Chennai,6098.48,2025-05-16 10:21:56,573,0,normal
user_581,session_5815,Desktop,7,12,0,16,0.0,33,1440x900,Edge,hi-IN,-330,landscape,Pune,5576.27,2025-05-03 17:31:18,358,0,normal
user_76,session_761,Mobile,10,15,7,22,0.03,205,414x896,Firefox,en-IN,-330,landscape,Kolkata,5277.07,2025-01-31 15:32:09,9,0,normal
user_190,session_1907,Desktop,3,1,0,15,0.0,176,1440x900,Chrome,en-IN,-330,landscape,Kolkata,4266.53,2025-04-18 09:39:38,425,0,normal
user_404,session_4043,Mobile,8,3,4,20,0.72,190,414x896,Safari,en-IN,-330,portrait,Hyderabad,11716.99,2025-05-23 11:00:16,40,0,normal
user_382,session_3824,Desktop,8,13,0,22,0.0,153,1920x1080,Edge,en-IN,-330,landscape,Pune,5043.87,2025-01-18 15:10:41,389,0,normal
user_413,session_4139,Mobile,5,4,5,3,0.52,72,414x896,Safari,en-IN,-330,landscape,Delhi,3748.45,2025-02-24 05:03:07,35,0,normal
user_381,session_3819,Desktop,3,0,0,11,0.0,156,1920x1080,Chrome,hi-IN,-330,landscape,Bengaluru,1094.95,2025-05-18 12:30:22,259,0,normal
user_430,session_4301,Mobile,8,12,6,18,0.27,87,414x896,Firefox,en-IN,-330,portrait,Kolkata,3938.14,2025-01-25 12:42:04,78,0,normal
user_259,session_2594,Desktop,13,2,0,17,0.0,188,1366x768,Edge,en-IN,-330,landscape,Delhi,2431.12,2025-01-10 13:47:56,192,0,normal
user_416,session_4165,Mobile,9,4,6,23,0.99,212,360x640,Safari,en-US,-330,landscape,Bengaluru,3040.63,2025-02-05 11:56:46,16,0,normal
user_303,session_3032,Desktop,8,7,0,1,0.0,192,1440x900,Edge,en-US,-330,landscape,Ahmedabad,2362.18,2025-03-15 07:15:57,316,0,normal
user_357,session_3580,Desktop,7,10,0,8,0.0,153,1366x768,Chrome,en-IN,-330,landscape,Chennai,1477.17,2025-02-08 12:11:57,311,0,normal
user_283,session_2833,Desktop,5,2,0,13,0.0,237,1366x768,Chrome,en-IN,-330,landscape,Kolkata,3252.78,2025-02-01 07:05:19,366,0,normal
user_347,session_3473,Tablet,10,6,4,23,0.4,125,810x1080,Edge,en-IN,-330,portrait,Pune,8263.65,2025-01-30 15:36:00,19,0,normal
user_13,session_138,Desktop,6,8,0,14,0.0,101,1920x1080,Edge,en-IN,-330,landscape,Hyderabad,1348.98,2025-04-05 20:06:17,57,0,normal
user_489,session_4893,Desktop,6,3,0,11,0.0,128,1440x900,Firefox,en-IN,-330,landscape,Ahmedabad,1008.27,2025-05-20 16:53:40,251,0,normal
user_218,session_2181,Desktop,6,6,0,13,0.0,169,1366x768,Edge,hi-IN,-330,landscape,Chennai,2975.38,2025-03-05 18:18:52,163,0,normal
user_212,session_2129,Mobile,2,9,8,14,0.43,130,414x896,Safari,en-IN,-330,portrait,Bengaluru,2169.38,2025-05-30 16:06:58,59,0,normal
user_317,session_3178,Desktop,4,5,0,18,0.0,115,1920x1080,Edge,en-IN,-330,landscape,Kolkata,3017.48,2025-03-21 12:08:18,390,0,normal
user_485,session_4855,Desktop,2,9,0,21,0.0,52,1440x900,Safari,en-IN,-330,landscape,Delhi,7555.91,2025-01-05 07:47:19,0,0,normal
user_463,session_4638,Desktop,3,9,0,15,0.0,145,1920x1080,Safari,en-US,-330,landscape,Ahmedabad,6469.01,2025-02-22 17:39:05,390,0,normal
user_511,session_5116,Mobile,6,3,0,18,1.12,201,360x640,Chrome,en-IN,-330,portrait,Pune,11118.56,2025-05-30 06:49:46,13,0,normal
user_522,session_5224,Desktop,9,9,0,5,0.0,35,1920x1080,Firefox,hi-IN,-330,landscape,Pune,14041.04,2025-04-28 03:03:20,125,1,odd_hour_drain
user_426,session_4262,Tablet,5,2,3,3,0.67,70,768x1024,Chrome,en-US,-330,landscape,Delhi,2480.91,2025-02-24 19:25:24,54,0,normal
user_434,session_4345,Mobile,1,5,3,12,0.6,38,414x896,Chrome,hi-IN,-330,portrait,Ahmedabad,2593.91,2025-02-27 19:13:23,52,0,normal
user_133,session_1332,Tablet,6,2,5,7,1.28,65,810x1080,Firefox,en-US,-330,portrait,Pune,3063.73,2025-02-16 14:04:16,37,0,normal
user_201,session_2018,Mobile,7,20,8,14,0.97,91,390x844,Edge,hi-IN,-330,landscape,Mumbai,7062.96,2025-01-15 21:52:29,40,0,normal
user_454,session_4543,Mobile,6,7,2,15,1.27,170,360x640,Chrome,hi-IN,-330,portrait,Pune,211.4,2025-05-11 16:45:48,34,0,normal
user_248,session_2483,Mobile,3,0,0,6,0.64,144,414x896,Safari,en-US,-330,portrait,Pune,1591.9,2025-04-25 07:40:43,37,0,normal
user_135,session_1359,Mobile,13,5,8,25,0.37,217,414x896,Firefox,en-IN,-330,landscape,Kolkata,3057.94,2025-03-06 09:04:53,20,0,normal
user_132,session_1330,Desktop,2,6,0,11,0.0,176,1440x900,Firefox,en-US,-330,landscape,Hyderabad,1376.06,2025-02-12 21:11:40,463,0,normal
user_590,session_5909,Desktop,9,10,0,14,0.0,62,1366x768,Firefox,en-IN,-330,landscape,Pune,4381.57,2025-01-31 14:03:21,192,0,normal
user_215,session_2151,Mobile,4,9,7,23,0.72,46,414x896,Firefox,en-IN,-330,portrait,Chennai,3314.45,2025-05-23 20:22:22,69,0,normal
user_453,session_4531,Desktop,9,14,0,19,0.0,105,1920x1080,Chrome,en-US,-330,landscape,Bengaluru,1710.0,2025-01-07 09:47:27,441,0,normal
user_212,session_2123,Mobile,3,10,6,11,0.85,118,414x896,Safari,en-IN,-330,portrait,Bengaluru,10907.54,2025-01-28 06:11:04,54,0,normal
user_467,session_4674,Mobile,5,2,6,12,0.32,79,390x844,Edge,en-IN,-330,landscape,Mumbai,4048.77,2025-05-20 16:12:38,57,0,normal
user_398,session_3982,Desktop,6,8,0,17,0.0,251,1920x1080,Safari,en-IN,-330,landscape,Pune,1734.08,2025-03-08 21:47:40,409,0,normal
user_125,session_1253,Mobile,9,10,6,12,0.43,193,360x640,Safari,en-US,-330,landscape,Delhi,1868.68,2025-03-26 02:42:34,21,0,normal
user_327,session_3279,Desktop,6,3,0,8,0.0,68,1440x900,Safari,en-IN,-330,landscape,Bengaluru,7729.95,2025-05-13 13:35:06,198,0,normal
user_337,session_3375,Mobile,6,9,3,20,0.73,162,390x844,Safari,en-IN,-330,portrait,Hyderabad,554.32,2025-05-09 06:48:10,13,0,normal
user_281,session_2815,Desktop,8,6,0,19,0.0,109,1920x1080,Firefox,en-IN,-330,landscape,Ahmedabad,1241.79,2025-05-06 12:21:40,290,0,normal
user_471,session_4720,Desktop,1,7,0,16,0.0,119,1440x900,Chrome,en-IN,-330,landscape,Ahmedabad,1437.79,2025-01-29 06:40:16,205,0,normal
user_184,session_1849,Desktop,3,7,0,25,0.0,125,1440x900,Firefox,en-IN,-330,landscape,Bengaluru,2621.51,2025-03-20 14:38:44,235,0,normal
user_485,session_4859,Desktop,10,4,0,15,0.0,65,1440x900,Safari,en-IN,-330,landscape,Delhi,20.0,2025-01-22 11:10:35,62,0,normal
user_303,session_3038,Desktop,9,2,0,11,0.0,176,1440x900,Edge,en-US,-330,landscape,Ahmedabad,2309.02,2025-03-04 08:52:13,203,0,normal
user_38,session_389,Desktop,9,16,0,16,0.0,90,1920x1080,Safari,en-IN,-330,landscape,Mumbai,1676.53,2025-05-11 17:24:40,573,0,normal
user_23,session_236,Mobile,4,3,4,0,0.73,132,414x896,Chrome,en-IN,-330,portrait,Ahmedabad,5333.82,2025-01-08 13:27:07,53,0,normal
user_107,session_1078,Mobile,4,11,1,15,0.83,95,390x844,Chrome,en-IN,-330,landscape,Kolkata,2343.7,2025-05-16 05:57:38,26,0,normal
user_198,session_1985,Desktop,7,8,0,23,0.0,88,1920x1080,Safari,en-IN,-330,landscape,Chennai,2170.54,2025-02-20 15:10:34,266,0,normal
user_436,session_4364,Mobile,0,3,6,11,1.04,131,414x896,Firefox,en-IN,-330,portrait,Chennai,4199.7,2025-03-05 09:51:39,33,0,normal
user_396,session_3963,Desktop,7,10,0,6,0.0,46,1920x1080,Firefox,en-IN,-330,landscape,Pune,279.14,2025-03-28 21:00:29,92,0,normal
user_77,session_771,Mobile,6,12,3,8,0.62,158,414x896,Chrome,en-IN,-330,landscape,Ahmedabad,1500.74,2025-02-22 16:44:41,33,0,normal
user_216,session_2166,Desktop,9,17,0,22,0.0,50,1440x900,Safari,hi-IN,-330,landscape,Delhi,8437.05,2025-02-02 13:23:01,171,0,normal
user_453,session_4534,Desktop,7,1,0,17,0.0,242,1920x1080,Chrome,en-US,-330,landscape,Bengaluru,1649.77,2025-03-09 13:37:45,489,0,normal
user_67,session_674,Desktop,5,11,0,28,0.0,150,1920x1080,Firefox,en-US,-330,landscape,Kolkata,2533.5,2025-04-27 15:39:09,129,0,normal
user_24,session_250,Desktop,7,8,0,11,0.0,201,1920x1080,Firefox,en-US,-330,landscape,Ahmedabad,2637.86,2025-02-17 18:21:21,361,0,normal
user_157,session_1575,Mobile,9,5,4,11,0.43,156,414x896,Safari,en-IN,-330,landscape,Ahmedabad,7846.19,2025-05-22 16:24:21,44,0,normal
user_341,session_3420,Tablet,7,5,3,16,0.78,136,768x1024,Firefox,en-IN,-330,portrait,Ahmedabad,2462.33,2025-02-10 13:10:51,32,0,normal
user_208,session_2082,Desktop,9,3,0,20,0.0,124,1366x768,Safari,en-US,-330,landscape,Mumbai,2485.38,2025-03-20 09:46:12,134,0,normal
user_182,session_1824,Desktop,6,12,0,15,0.0,243,1920x1080,Chrome,en-US,-330,landscape,Mumbai,6171.47,2025-04-25 12:41:29,443,0,normal
user_555,session_5551,Desktop,6,0,0,19,0.0,106,1920x1080,Safari,en-IN,-330,landscape,Delhi,13565.95,2025-04-20 09:25:54,285,0,normal
user_573,session_5739,Mobile,5,14,4,24,1.25,154,414x896,Edge,en-IN,-330,portrait,Ahmedabad,10805.01,2025-01-11 15:30:44,10,0,normal
user_454,session_4545,Mobile,7,6,7,14,0.0,176,360x640,Chrome,hi-IN,-330,portrait,Pune,189.11,2025-03-31 12:18:59,11,0,normal
user_71,session_717,Tablet,9,0,2,15,0.82,118,810x1080,Firefox,en-IN,-330,portrait,Bengaluru,5304.97,2025-02-24 13:00:52,71,0,normal
user_534,session_5345,Desktop,8,9,0,0,0.0,303,1366x768,Firefox,en-IN,-330,landscape,Chennai,8950.03,2025-03-05 21:06:42,141,0,normal
user_559,session_5600,Mobile,8,10,5,12,1.68,54,414x896,Safari,en-US,-330,landscape,Mumbai,3972.12,2025-04-27 06:43:46,41,0,normal
user_204,session_2049,Desktop,7,11,0,4,0.0,90,1366x768,Firefox,en-IN,-330,landscape,Hyderabad,6480.96,2025-03-08 06:11:25,230,0,normal
user_417,session_4179,Desktop,5,6,0,9,0.0,199,1440x900,Safari,en-IN,-330,landscape,Delhi,2290.01,2025-02-04 07:39:58,308,0,normal
user_480,session_4810,Desktop,2,1,0,12,0.0,155,1366x768,Safari,en-IN,-330,landscape,Pune,5302.08,2025-04-12 12:16:41,115,0,normal
user_272,session_2725,Desktop,4,7,0,23,0.0,107,1440x900,Edge,en-IN,-330,landscape,Mumbai,3568.12,2025-05-10 14:44:04,379,0,normal
user_542,session_5421,Desktop,0,11,0,18,0.0,103,1366x768,Firefox,en-IN,-330,landscape,Hyderabad,3379.5,2025-02-25 11:48:00,252,0,normal
user_146,session_1461,Desktop,6,15,0,0,0.0,78,1440x900,Firefox,en-IN,-330,landscape,Bengaluru,6240.01,2025-05-08 10:39:52,92,0,normal
user_166,session_1669,Desktop,7,6,0,26,0.0,177,1366x768,Chrome,hi-IN,-330,landscape,Ahmedabad,4560.13,2025-02-19 15:27:41,422,0,normal
user_275,session_2757,Mobile,3,6,2,9,0.1,130,360x640,Edge,en-US,-330,portrait,Mumbai,6469.19,2025-03-20 06:23:02,30,0,normal
user_200,session_2001,Desktop,9,15,0,17,0.0,250,1366x768,Firefox,en-US,-330,landscape,Kolkata,3764.63,2025-01-17 11:11:11,307,0,normal
user_457,session_4572,Mobile,13,8,6,3,0.98,187,360x640,Safari,hi-IN,-330,portrait,Delhi,6049.66,2025-03-22 16:57:04,59,0,normal
user_461,session_4614,Desktop,4,4,0,19,0.0,282,1440x900,Edge,en-IN,-330,landscape,Ahmedabad,1649.25,2025-05-13 16:22:00,314,0,normal
user_40,session_405,Desktop,5,6,0,16,0.0,202,1920x1080,Edge,en-IN,-330,landscape,Ahmedabad,1605.99,2025-02-15 13:00:34,220,0,normal
user_38,session_385,Desktop,5,7,0,19,0.0,130,1920x1080,Safari,en-IN,-330,landscape,Mumbai,2706.9,2025-03-01 19:46:41,437,0,normal
user_538,session_5386,Mobile,8,6,1,12,1.47,76,414x896,Safari,en-US,-330,portrait,Ahmedabad,5123.91,2025-01-25 12:25:36,59,0,normal
user_215,session_2153,Mobile,5,4,3,19,0.0,26,414x896,Firefox,en-IN,-330,landscape,Chennai,2111.54,2025-04-30 16:02:19,64,0,normal
user_163,session_1634,Tablet,3,5,1,17,0.78,145,810x1080,Firefox,en-IN,-330,landscape,Kolkata,9559.9,2025-05-07 08:11:42,12,0,normal
user_549,session_5495,Desktop,8,5,0,15,0.0,50,1440x900,Chrome,en-IN,-330,landscape,Pune,2573.28,2025-05-20 09:46:16,205,0,normal
user_478,session_4785,Mobile,5,8,7,10,0.95,95,414x896,Chrome,hi-IN,-330,landscape,Bengaluru,7464.6,2025-03-22 13:57:36,32,0,normal
user_392,session_3926,Desktop,8,3,0,12,0.0,128,1366x768,Safari,en-IN,-330,landscape,Delhi,1547.76,2025-05-13 14:34:56,312,0,normal
user_415,session_4159,Desktop,8,7,0,11,0.0,172,1366x768,Edge,en-IN,-330,landscape,Pune,5571.23,2025-01-04 15:17:51,433,0,normal
user_494,session_4949,Mobile,8,5,3,10,0.0,70,390x844,Edge,en-IN,-330,portrait,Hyderabad,43.45,2025-01-04 07:57:32,29,0,normal
user_22,session_224,Mobile,5,8,7,13,0.54,168,414x896,Safari,en-IN,-330,portrait,Ahmedabad,337.91,2025-05-12 11:55:58,76,0,normal
user_219,session_2194,Desktop,6,11,0,24,0.0,68,1440x900,Chrome,en-IN,-330,landscape,Chennai,3888.57,2025-03-20 17:12:18,430,0,normal
user_313,session_3137,Mobile,0,11,3,14,0.66,173,414x896,Edge,en-IN,-330,landscape,Ahmedabad,2124.39,2025-03-11 12:03:00,66,0,normal
user_446,session_4470,Desktop,14,8,0,25,0.0,172,1920x1080,Safari,hi-IN,-330,landscape,Bengaluru,4807.5,2025-01-03 08:57:44,526,0,normal
user_182,session_1825,Desktop,6,13,0,22,0.0,145,1920x1080,Chrome,en-US,-330,landscape,Mumbai,4749.21,2025-01-04 12:35:54,423,0,normal
user_550,session_5510,Desktop,0,8,0,11,0.0,59,1920x1080,Edge,en-IN,-330,landscape,Hyderabad,11044.17,2025-04-25 10:35:43,71,0,normal
user_512,session_5125,Desktop,12,5,0,24,0.0,67,1440x900,Chrome,hi-IN,-330,landscape,Chennai,2567.17,2025-01-08 11:22:37,114,0,normal
user_497,session_4973,Desktop,4,9,0,16,0.0,71,1440x900,Chrome,en-IN,-330,landscape,Kolkata,9492.11,2025-01-27 13:16:55,136,0,normal
user_79,session_798,Desktop,10,3,0,19,0.0,196,1920x1080,Safari,en-IN,-330,landscape,Delhi,10596.36,2025-01-24 08:47:46,228,0,normal
user_287,session_2872,Tablet,8,6,8,12,0.92,251,810x1080,Safari,en-IN,-330,portrait,Delhi,4129.54,2025-02-08 18:45:05,62,0,normal
user_0,session_10,Mobile,6,6,6,15,0.03,98,414x896,Safari,en-US,-330,portrait,Mumbai,4514.06,2025-02-12 17:15:33,11,0,normal
user_194,session_1945,Desktop,12,8,0,16,0.0,219,1920x1080,Safari,hi-IN,-330,landscape,Mumbai,7364.34,2025-01-27 15:47:47,452,0,normal
user_183,session_1839,Desktop,7,18,0,11,0.0,211,1920x1080,Edge,en-US,-330,landscape,Chennai,2103.4,2025-04-23 20:43:53,288,0,normal
user_480,session_4805,Desktop,4,8,0,12,0.0,113,1366x768,Safari,en-IN,-330,landscape,Pune,5504.43,2025-01-07 15:18:35,88,0,normal
user_25,session_256,Desktop,38,0,0,0,0.0,3,1366x768,Chrome,en-IN,-330,landscape,Kolkata,2541.07,2025-02-15 07:03:22,11,1,bot_script
user_448,session_4486,Desktop,3,6,0,5,0.0,69,1920x1080,Firefox,en-IN,-330,landscape,Bengaluru,719.34,2025-05-14 11:04:17,344,0,normal
user_540,session_5403,Tablet,4,14,3,17,0.05,98,810x1080,Firefox,hi-IN,-330,portrait,Delhi,5529.52,2025-05-14 22:03:39,41,0,normal
user_158,session_1582,Desktop,8,8,0,10,0.0,139,1366x768,Firefox,en-IN,-330,landscape,Ahmedabad,9364.88,2025-01-23 15:42:53,307,0,normal
user_295,session_2957,Mobile,5,9,2,15,0.2,149,414x896,Edge,en-IN,-330,landscape,Ahmedabad,1831.92,2025-03-02 15:53:22,81,0,normal
user_92,session_925,Tablet,6,3,5,28,0.59,142,810x1080,Firefox,en-IN,-330,portrait,Ahmedabad,7561.5,2025-02-13 20:46:42,5,0,normal
user_554,session_5548,Desktop,1,8,0,3,0.0,45,1920x1080,Firefox,en-IN,-330,landscape,Chennai,2259.2,2025-02-06 18:55:12,263,0,normal
user_250,session_2509,Mobile,4,8,5,3,0.94,198,360x640,Safari,en-IN,-330,portrait,Delhi,2092.3,2025-02-19 06:33:22,59,0,normal
user_502,session_5025,Desktop,5,4,0,21,0.0,138,1366x768,Safari,en-IN,-330,landscape,Chennai,1499.07,2025-04-19 08:39:25,128,0,normal
user_377,session_3776,Mobile,7,10,5,1,1.23,146,414x896,Chrome,en-US,-330,landscape,Hyderabad,3481.5,2025-04-27 19:46:51,52,0,normal
user_483,session_4836,Desktop,7,6,0,21,0.0,71,1366x768,Firefox,hi-IN,-330,landscape,Delhi,2782.57,2025-04-13 06:43:47,318,0,normal
user_413,session_4137,Mobile,0,7,6,15,0.9,82,414x896,Safari,en-IN,-330,landscape,Delhi,13445.92,2025-05-27 09:10:43,53,0,normal
user_496,session_4965,Desktop,7,6,0,17,0.0,80,1366x768,Edge,en-IN,-330,landscape,Chennai,3254.49,2025-04-17 10:17:08,122,0,normal
user_277,session_2780,Mobile,9,15,1,14,0.63,148,414x896,Edge,en-IN,-330,landscape,Delhi,644.75,2025-01-07 19:14:31,63,0,normal
user_53,session_540,Mobile,2,5,2,0,0.53,188,414x896,Edge,en-IN,-330,landscape,Ahmedabad,7233.46,2025-01-17 16:49:41,42,0,normal
user_274,session_2746,Mobile,8,8,4,18,0.37,196,390x844,Safari,en-IN,-330,landscape,Pune,5770.82,2025-03-10 10:21:24,41,0,normal
user_539,session_5392,Mobile,9,12,3,9,0.64,168,360x640,Chrome,en-IN,-330,landscape,Kolkata,2062.41,2025-04-06 15:22:35,36,0,normal
user_547,session_5477,Desktop,8,0,0,16,0.0,142,1920x1080,Firefox,en-IN,-330,landscape,Ahmedabad,4384.44,2025-04-25 13:22:43,292,0,normal
user_114,session_1146,Desktop,4,4,0,18,0.0,41,1440x900,Edge,en-IN,-330,landscape,Mumbai,3231.16,2025-04-24 16:34:22,172,0,normal
user_512,session_5128,Desktop,7,2,0,0,0.0,56,1440x900,Chrome,hi-IN,-330,landscape,Chennai,2584.74,2025-04-11 11:15:59,269,0,normal
user_446,session_4469,Desktop,7,12,0,13,0.0,172,1920x1080,Safari,hi-IN,-330,landscape,Bengaluru,1795.26,2025-04-17 11:06:11,293,0,normal
user_66,session_668,Mobile,6,12,0,14,1.23,80,390x844,Edge,en-US,-330,portrait,Pune,2041.97,2025-02-23 12:58:47,29,0,normal
user_301,session_3020,Desktop,1,13,0,9,0.0,196,1366x768,Chrome,en-IN,-330,landscape,Pune,5805.75,2025-04-06 20:41:06,381,0,normal
user_35,session_358,Mobile,11,13,5,26,0.49,100,360x640,Edge,en-IN,-330,landscape,Mumbai,4567.55,2025-02-10 16:52:21,54,0,normal
user_506,session_5064,Desktop,8,3,0,13,0.0,114,1440x900,Safari,en-US,-330,landscape,Hyderabad,11560.62,2025-01-19 14:20:21,428,0,normal
user_283,session_2832,Desktop,2,9,0,13,0.0,176,1366x768,Chrome,en-IN,-330,landscape,Kolkata,5473.13,2025-01-28 11:16:12,195,0,normal
user_278,session_2784,Desktop,10,8,0,11,0.0,348,1920x1080,Safari,en-IN,-330,landscape,Ahmedabad,1692.4,2025-01-12 08:47:54,23,0,normal
user_135,session_1354,Mobile,8,12,7,25,0.36,124,414x896,Firefox,en-IN,-330,portrait,Kolkata,5245.26,2025-02-11 02:50:25,28,0,normal
user_513,session_5132,Desktop,4,5,0,16,0.0,111,1920x1080,Safari,en-US,-330,landscape,Kolkata,3548.68,2025-05-25 17:37:03,281,0,normal
user_47,session_471,Desktop,9,14,0,9,0.0,64,1366x768,Firefox,en-IN,-330,landscape,Hyderabad,3875.7,2025-01-05 10:04:53,264,0,normal
user_270,session_2704,Mobile,0,11,7,15,0.36,236,360x640,Chrome,hi-IN,-330,portrait,Delhi,1346.25,2025-01-05 19:44:12,23,0,normal
user_333,session_3331,Desktop,12,11,0,12,0.0,135,1440x900,Edge,en-IN,-330,landscape,Ahmedabad,3867.64,2025-03-31 17:13:09,171,0,normal
user_363,session_3638,Mobile,12,11,10,13,0.42,213,390x844,Edge,en-IN,-330,landscape,Mumbai,5302.67,2025-05-09 05:16:40,12,0,normal
user_139,session_1397,Tablet,4,9,2,10,0.29,66,768x1024,Chrome,en-IN,-330,landscape,Hyderabad,1997.1,2025-03-31 21:22:29,52,0,normal
user_358,session_3585,Desktop,7,9,0,5,0.0,106,1920x1080,Firefox,en-IN,-330,landscape,Pune,1335.13,2025-04-12 14:57:38,0,0,normal
user_537,session_5380,Desktop,9,5,0,14,0.0,77,1440x900,Edge,en-IN,-330,landscape,Pune,5676.27,2025-05-17 16:57:31,276,0,normal
user_526,session_5263,Mobile,20,0,6,0,1.07,11,360x640,Edge,en-IN,-330,portrait,Bengaluru,4749.15,2025-04-15 13:27:38,20,1,bot_script
user_337,session_3377,Mobile,6,11,4,32,0.62,144,390x844,Safari,en-IN,-330,landscape,Hyderabad,368.03,2025-02-25 16:56:06,55,0,normal
user_125,session_1257,Mobile,5,10,5,9,0.72,209,360x640,Safari,en-US,-330,landscape,Delhi,5807.62,2025-01-09 09:52:15,24,0,normal
user_351,session_3513,Desktop,7,11,0,21,0.0,62,1440x900,Firefox,en-IN,-330,landscape,Hyderabad,4041.29,2025-02-12 18:37:55,345,0,normal
user_125,session_1251,Mobile,2,11,3,28,0.96,286,360x640,Safari,en-US,-330,landscape,Delhi,4734.63,2025-01-08 09:36:59,36,0,normal
user_576,session_5763,Desktop,5,4,0,23,0.0,123,1920x1080,Firefox,en-IN,-330,landscape,Pune,947.63,2025-02-05 18:41:14,327,0,normal
user_429,session_4299,Desktop,12,13,0,18,0.0,100,1440x900,Firefox,en-IN,-330,landscape,Pune,7660.97,2025-02-07 12:57:07,309,0,normal
user_328,session_3285,Tablet,3,4,6,6,1.26,53,768x1024,Edge,en-IN,-330,landscape,Pune,8775.69,2025-04-29 18:05:41,0,0,normal
user_293,session_2934,Desktop,0,12,0,14,0.0,182,1920x1080,Firefox,en-IN,-330,landscape,Chennai,262.51,2025-03-23 10:05:37,334,0,normal
user_417,session_4176,Desktop,2,12,0,13,0.0,261,1440x900,Safari,en-IN,-330,landscape,Delhi,3490.23,2025-03-15 06:26:30,357,0,normal
user_526,session_5269,Mobile,5,4,6,8,0.11,107,360x640,Edge,en-IN,-330,portrait,Bengaluru,4475.02,2025-04-12 16:08:47,39,0,normal
user_491,session_4911,Mobile,8,11,6,0,0.73,114,360x640,Safari,en-IN,-330,landscape,Hyderabad,4699.12,2025-01-23 17:13:59,171,1,rat_fraud
user_185,session_1853,Mobile,10,3,0,8,1.11,145,414x896,Safari,en-IN,-330,portrait,Mumbai,1714.04,2025-05-18 23:18:40,47,0,normal
user_561,session_5613,Desktop,4,7,0,7,0.0,79,1366x768,Safari,en-US,-330,landscape,Delhi,3297.73,2025-05-05 17:55:23,93,0,normal
user_584,session_5842,Mobile,2,3,0,20,0.47,112,414x896,Edge,en-IN,-330,portrait,Mumbai,3276.82,2025-02-17 11:49:38,35,0,normal
user_210,session_2106,Desktop,6,13,0,23,0.0,66,1366x768,Chrome,en-IN,-330,landscape,Kolkata,8400.65,2025-02-03 06:32:44,229,0,normal
user_13,session_134,Desktop,8,12,0,23,0.0,57,1920x1080,Edge,en-IN,-330,landscape,Hyderabad,1453.43,2025-01-05 18:00:55,516,0,normal
user_523,session_5237,Desktop,13,5,0,23,0.0,194,1366x768,Firefox,en-IN,-330,landscape,Pune,6115.66,2025-02-14 13:22:03,468,0,normal
user_502,session_5030,Desktop,7,12,0,13,0.0,109,1366x768,Safari,en-IN,-330,landscape,Chennai,2403.22,2025-02-10 09:11:32,282,0,normal
user_92,session_929,Tablet,12,7,8,18,1.34,191,810x1080,Firefox,en-IN,-330,portrait,Ahmedabad,6489.6,2025-04-24 14:27:43,37,0,normal
user_82,session_824,Mobile,3,7,4,3,0.67,226,414x896,Chrome,en-IN,-330,landscape,Pune,6957.08,2025-03-03 11:21:29,19,0,normal
user_544,session_5447,Desktop,9,11,0,18,0.0,198,1366x768,Firefox,en-IN,-330,landscape,Delhi,5577.85,2025-03-04 17:11:11,315,0,normal
user_153,session_1532,Desktop,8,5,0,15,0.0,308,1920x1080,Safari,en-IN,-330,landscape,Hyderabad,613.95,2025-03-29 10:01:43,167,0,normal
user_121,session_1215,Desktop,0,5,0,12,0.0,112,1440x900,Firefox,en-IN,-330,landscape,Pune,3682.2,2025-03-12 15:59:00,340,0,normal
user_50,session_505,Mobile,6,3,3,19,0.18,118,360x640,Edge,en-IN,-330,landscape,Pune,1692.06,2025-03-28 19:01:10,58,0,normal
user_428,session_4286,Mobile,0,5,6,23,1.19,149,360x640,Safari,en-IN,-330,landscape,Pune,6198.66,2025-02-06 16:25:39,48,0,normal
user_199,session_1997,Desktop,7,9,0,12,0.0,81,1440x900,Chrome,en-IN,-330,landscape,Chennai,1959.67,2025-01-17 06:18:20,301,0,normal
user_307,session_3073,Desktop,11,8,0,15,0.0,104,1440x900,Firefox,en-US,-330,landscape,Bengaluru,3288.44,2025-03-04 18:05:33,342,0,normal
user_195,session_1959,Desktop,0,8,0,7,0.0,183,1920x1080,Firefox,hi-IN,-330,landscape,Chennai,5740.62,2025-05-13 20:32:54,342,0,normal
user_138,session_1385,Desktop,5,7,0,20,0.0,61,1366x768,Chrome,en-IN,-330,landscape,Mumbai,5552.26,2025-03-09 13:48:36,413,0,normal
user_89,session_895,Desktop,9,0,0,8,0.0,66,1440x900,Firefox,en-IN,-330,landscape,Chennai,9703.09,2025-05-29 15:30:07,458,0,normal
user_492,session_4925,Desktop,5,11,0,19,0.0,103,1440x900,Edge,en-US,-330,landscape,Bengaluru,5639.22,2025-04-16 19:44:46,489,0,normal
user_45,session_456,Desktop,7,6,0,21,0.0,282,1920x1080,Edge,hi-IN,-330,landscape,Pune,4996.74,2025-03-27 11:41:21,562,0,normal
user_555,session_5559,Desktop,0,4,0,19,0.0,128,1920x1080,Safari,en-IN,-330,landscape,Delhi,6822.12,2025-01-01 13:35:51,214,0,normal
user_370,session_3710,Desktop,4,13,0,11,0.0,134,1440x900,Firefox,en-IN,-330,landscape,Pune,6685.38,2025-04-30 11:18:16,385,0,normal
user_553,session_5534,Tablet,1,2,8,12,1.16,215,768x1024,Firefox,en-US,-330,portrait,Pune,2361.04,2025-01-11 11:30:19,48,0,normal
user_484,session_4850,Mobile,7,5,2,13,0.0,66,360x640,Firefox,en-US,-330,portrait,Bengaluru,20.0,2025-05-01 09:39:20,58,0,normal
user_474,session_4749,Desktop,6,12,0,14,0.0,201,1920x1080,Firefox,en-US,-330,landscape,Pune,1003.31,2025-02-18 21:17:14,281,0,normal
user_426,session_4269,Tablet,7,3,0,5,0.76,69,768x1024,Chrome,en-US,-330,portrait,Delhi,4208.65,2025-01-19 17:46:31,35,0,normal
user_352,session_3523,Desktop,6,10,0,14,0.0,77,1920x1080,Safari,hi-IN,-330,landscape,Delhi,2296.81,2025-01-07 20:06:55,141,0,normal
user_413,session_4135,Mobile,12,13,5,4,1.05,57,414x896,Safari,en-IN,-330,portrait,Delhi,7872.91,2025-01-15 10:14:42,71,0,normal
user_360,session_3603,Desktop,4,12,0,11,0.0,36,1366x768,Chrome,en-US,-330,landscape,Ahmedabad,7445.36,2025-04-15 14:02:12,467,0,normal
user_71,session_714,Tablet,11,5,6,21,0.05,139,810x1080,Firefox,en-IN,-330,landscape,Bengaluru,5050.57,2025-03-02 13:12:10,49,0,normal
user_418,session_4187,Tablet,5,6,4,15,0.16,100,768x1024,Chrome,en-IN,-330,portrait,Kolkata,3693.76,2025-02-22 12:38:06,39,0,normal
user_221,session_2215,Desktop,4,4,0,19,0.0,113,1366x768,Firefox,hi-IN,-330,landscape,Ahmedabad,1534.97,2025-01-19 10:57:58,330,0,normal
user_530,session_5302,Desktop,8,9,0,15,0.0,24,1920x1080,Firefox,en-US,-330,landscape,Bengaluru,3954.38,2025-05-25 12:55:13,249,0,normal
user_292,session_2924,Desktop,7,6,0,5,0.0,43,1920x1080,Chrome,en-IN,-330,landscape,Pune,5172.91,2025-01-11 08:17:15,444,0,normal
user_181,session_1811,Desktop,1,0,0,16,0.0,175,1366x768,Safari,en-IN,-330,landscape,Delhi,984.03,2025-02-21 18:01:47,95,0,normal
user_348,session_3487,Desktop,4,8,0,28,0.0,47,1920x1080,Chrome,en-IN,-330,landscape,Mumbai,8973.16,2025-03-09 11:20:52,254,0,normal
user_314,session_3142,Mobile,4,0,2,16,0.7,68,414x896,Firefox,hi-IN,-330,landscape,Ahmedabad,7192.45,2025-01-17 22:12:42,48,0,normal
user_182,session_1828,Desktop,8,11,0,21,0.0,189,1920x1080,Chrome,en-US,-330,landscape,Mumbai,4979.57,2025-02-18 11:22:03,478,0,normal
user_115,session_1156,Mobile,9,0,0,3,0.77,145,360x640,Safari,en-IN,-330,portrait,Pune,4053.61,2025-01-25 08:29:52,65,0,normal
user_132,session_1325,Desktop,2,17,0,18,0.0,347,1440x900,Firefox,en-US,-330,landscape,Hyderabad,1324.78,2025-05-20 16:19:18,469,0,normal
user_431,session_4313,Desktop,2,5,0,7,0.0,118,1366x768,Safari,en-IN,-330,landscape,Kolkata,5474.6,2025-01-29 13:38:24,334,0,normal
user_51,session_511,Mobile,4,9,5,9,0.3,187,390x844,Firefox,en-IN,-330,landscape,Pune,7119.36,2025-03-23 23:22:20,43,0,normal
user_168,session_1681,Desktop,7,7,0,13,0.0,156,1920x1080,Safari,en-IN,-330,landscape,Bengaluru,4563.44,2025-01-24 14:17:52,0,0,normal
user_49,session_500,Tablet,7,10,1,15,0.82,81,810x1080,Firefox,en-IN,-330,landscape,Ahmedabad,8802.84,2025-03-27 16:25:53,37,0,normal
user_543,session_5438,Desktop,12,22,0,14,0.0,79,1366x768,Edge,en-IN,-330,landscape,Mumbai,5543.55,2025-02-20 04:35:55,300,0,normal
user_185,session_1857,Mobile,8,11,4,21,0.81,129,414x896,Safari,en-IN,-330,portrait,Mumbai,1251.12,2025-04-03 23:07:20,36,0,normal
user_138,session_1389,Desktop,3,2,0,15,0.0,87,1366x768,Chrome,en-IN,-330,landscape,Mumbai,5997.92,2025-02-01 17:58:50,161,0,normal
user_371,session_3720,Desktop,8,11,0,15,0.0,57,1366x768,Chrome,en-IN,-330,landscape,Kolkata,3454.0,2025-05-17 07:48:50,252,0,normal
user_238,session_2387,Mobile,7,11,7,18,0.84,215,360x640,Safari,en-IN,-330,landscape,Bengaluru,3904.11,2025-02-21 08:19:16,56,0,normal
user_323,session_3237,Mobile,4,10,5,14,1.53,257,360x640,Safari,en-US,-330,landscape,Delhi,8117.36,2025-05-16 18:42:49,24,0,normal
user_154,session_1541,Desktop,0,4,0,15,0.0,78,1366x768,Chrome,en-IN,-330,landscape,Pune,3267.78,2025-02-08 22:24:07,241,0,normal
user_121,session_1218,Desktop,5,8,0,11,0.0,121,1440x900,Firefox,en-IN,-330,landscape,Pune,4268.78,2025-04-02 14:43:58,316,0,normal
user_268,session_2682,Desktop,7,8,0,15,0.0,371,1440x900,Edge,en-US,-330,landscape,Mumbai,4356.1,2025-03-20 19:47:30,361,0,normal
user_299,session_2994,Mobile,6,0,0,13,0.6,133,414x896,Firefox,en-IN,-330,landscape,Ahmedabad,13630.98,2025-03-18 08:15:45,64,0,normal
user_119,session_1192,Desktop,6,11,0,25,0.0,56,1440x900,Safari,en-IN,-330,landscape,Pune,3581.94,2025-05-30 13:02:36,193,0,normal
user_529,session_5294,Mobile,7,13,3,15,0.64,39,360x640,Safari,en-IN,-330,landscape,Bengaluru,3824.52,2025-01-22 07:20:33,26,0,normal
user_154,session_1543,Desktop,9,14,0,16,0.0,96,1366x768,Chrome,en-IN,-330,landscape,Pune,2242.7,2025-02-25 18:39:21,299,0,normal
user_330,session_3302,Tablet,4,2,1,16,1.56,121,768x1024,Chrome,hi-IN,-330,portrait,Chennai,461.41,2025-02-08 18:37:28,8,0,normal
user_332,session_3325,Desktop,5,7,0,22,0.0,331,1366x768,Chrome,en-IN,-330,landscape,Chennai,7182.85,2025-02-07 16:48:16,170,0,normal
user_253,session_2540,Desktop,14,11,0,13,0.0,235,1920x1080,Chrome,en-US,-330,landscape,Bengaluru,1109.79,2025-01-20 10:46:53,409,0,normal
user_95,session_954,Desktop,6,4,0,20,0.0,110,1366x768,Safari,en-US,-330,landscape,Mumbai,3109.22,2025-04-24 22:42:21,290,0,normal
user_484,session_4847,Mobile,2,4,5,4,0.45,58,360x640,Firefox,en-US,-330,landscape,Bengaluru,3544.38,2025-04-24 10:42:30,23,0,normal
user_433,session_4331,Mobile,6,14,10,25,0.41,169,360x640,Firefox,en-IN,-330,landscape,Bengaluru,1972.3,2025-02-19 09:52:11,39,0,normal
user_73,session_733,Desktop,10,10,0,17,0.0,84,1920x1080,Firefox,en-IN,-330,landscape,Chennai,2448.59,2025-03-09 10:43:53,75,0,normal
user_599,session_5992,Tablet,7,9,0,13,0.63,90,810x1080,Edge,en-IN,-330,portrait,Kolkata,3117.59,2025-05-12 09:43:58,20,0,normal
user_115,session_1157,Mobile,1,9,2,13,0.96,101,360x640,Safari,en-IN,-330,portrait,Pune,4246.77,2025-04-04 08:00:30,37,0,normal
user_555,session_5558,Desktop,9,14,0,23,0.0,111,1920x1080,Safari,en-IN,-330,landscape,Delhi,13341.38,2025-03-22 12:21:28,323,0,normal
user_329,session_3295,Mobile,8,5,4,19,0.02,85,390x844,Safari,en-IN,-330,portrait,Ahmedabad,3337.44,2025-01-21 07:04:48,50,0,normal
user_298,session_2983,Mobile,3,11,5,17,1.16,64,390x844,Chrome,en-IN,-330,landscape,Pune,1829.1,2025-01-05 11:19:37,50,0,normal
user_530,session_5306,Desktop,4,8,0,21,0.0,74,1920x1080,Firefox,en-US,-330,landscape,Bengaluru,4448.6,2025-05-27 13:23:32,268,0,normal
user_516,session_5162,Desktop,11,7,0,19,0.0,85,1920x1080,Safari,en-IN,-330,landscape,Ahmedabad,2927.03,2025-02-07 14:42:09,572,0,normal
user_215,session_2157,Mobile,9,8,8,27,1.49,50,414x896,Firefox,en-IN,-330,landscape,Chennai,3658.27,2025-01-06 19:03:11,41,0,normal
user_106,session_1063,Desktop,0,4,0,18,0.0,325,1366x768,Safari,en-US,-330,landscape,Chennai,2335.11,2025-02-02 14:02:57,268,0,normal
user_261,session_2617,Mobile,10,16,9,10,0.32,343,414x896,Safari,en-US,-330,landscape,Ahmedabad,2407.79,2025-02-06 16:09:04,21,0,normal
user_116,session_1168,Mobile,3,9,3,16,0.48,102,414x896,Chrome,en-IN,-330,portrait,Delhi,1847.77,2025-01-14 19:08:35,9,0,normal
user_322,session_3223,Desktop,6,11,0,21,0.0,146,1920x1080,Edge,en-IN,-330,landscape,Hyderabad,2999.14,2025-03-11 09:04:25,491,0,normal
user_363,session_3637,Mobile,0,9,4,23,0.32,172,390x844,Edge,en-IN,-330,landscape,Mumbai,3271.37,2025-01-09 10:13:33,29,0,normal
user_293,session_2939,Desktop,8,9,0,16,0.0,146,1920x1080,Firefox,en-IN,-330,landscape,Chennai,184.9,2025-04-09 16:57:54,401,0,normal
user_449,session_4492,Mobile,7,4,6,18,0.98,89,390x844,Edge,en-IN,-330,portrait,Ahmedabad,422.95,2025-03-05 20:46:53,48,0,normal
user_314,session_3141,Mobile,1,4,6,10,0.31,95,414x896,Firefox,hi-IN,-330,portrait,Ahmedabad,851.09,2025-03-24 23:00:51,65,0,normal
user_498,session_4981,Desktop,10,5,0,9,0.0,130,1920x1080,Safari,en-IN,-330,landscape,Hyderabad,2728.39,2025-05-23 18:58:27,314,0,normal
user_14,session_144,Mobile,7,13,0,15,0.8,163,414x896,Safari,en-IN,-330,portrait,Delhi,1124.05,2025-05-07 13:24:50,18,0,normal
user_357,session_3578,Desktop,10,17,0,11,0.0,108,1366x768,Chrome,en-IN,-330,landscape,Chennai,839.16,2025-03-30 12:26:07,166,0,normal
user_494,session_4947,Mobile,7,12,7,24,0.62,98,390x844,Edge,en-IN,-330,landscape,Hyderabad,318.04,2025-03-17 04:51:46,63,0,normal
user_278,session_2783,Desktop,6,4,0,22,0.0,215,1920x1080,Safari,en-IN,-330,landscape,Ahmedabad,2432.59,2025-03-26 10:15:26,292,0,normal
user_71,session_718,Tablet,8,6,7,4,0.44,133,810x1080,Firefox,en-IN,-330,landscape,Bengaluru,10569.35,2025-04-22 15:11:18,46,0,normal
user_181,session_1820,Desktop,4,7,0,8,0.0,156,1366x768,Safari,en-IN,-330,landscape,Delhi,1099.26,2025-04-16 18:33:00,35,0,normal
user_250,session_2503,Mobile,5,10,2,11,0.79,115,360x640,Safari,en-IN,-330,portrait,Delhi,10021.12,2025-03-03 10:54:16,59,0,normal
user_436,session_4361,Mobile,2,11,2,0,1.42,127,414x896,Firefox,en-IN,-330,portrait,Chennai,3977.73,2025-02-23 09:27:21,32,0,normal
user_417,session_4172,Desktop,0,10,0,20,0.0,275,1440x900,Safari,en-IN,-330,landscape,Delhi,4117.13,2025-03-09 08:49:13,0,0,normal
user_39,session_396,Desktop,3,6,0,14,0.0,97,1440x900,Edge,en-US,-330,landscape,Hyderabad,3952.75,2025-03-23 17:12:54,0,0,normal
user_579,session_5798,Desktop,0,0,0,8,0.0,168,1920x1080,Safari,en-IN,-330,landscape,Pune,4649.13,2025-01-26 08:15:22,276,0,normal
user_449,session_4493,Mobile,6,10,8,13,0.76,73,390x844,Edge,en-IN,-330,landscape,Ahmedabad,153.98,2025-04-15 22:01:39,48,0,normal
user_136,session_1366,Desktop,6,3,0,3,0.0,123,1440x900,Safari,en-IN,-330,landscape,Pune,3501.46,2025-01-05 06:04:47,170,0,normal
user_590,session_5901,Desktop,7,4,0,10,0.0,111,1366x768,Firefox,en-IN,-330,landscape,Pune,1459.79,2025-01-29 17:23:47,325,0,normal
user_59,session_596,Desktop,0,0,0,7,0.0,285,1366x768,Firefox,en-US,-330,landscape,Ahmedabad,9783.59,2025-02-17 18:39:51,313,0,normal
user_395,session_3953,Mobile,9,9,4,7,0.51,141,360x640,Chrome,en-IN,-330,portrait,Ahmedabad,6232.62,2025-05-18 15:50:47,3,0,normal
user_539,session_5393,Mobile,10,10,7,13,0.35,215,360x640,Chrome,en-IN,-330,portrait,Kolkata,2520.55,2025-02-14 11:56:24,33,0,normal
user_496,session_4969,Desktop,3,11,0,26,0.0,90,1366x768,Edge,en-IN,-330,landscape,Chennai,292.9,2025-03-10 10:35:17,506,0,normal
user_291,session_2915,Mobile,6,8,3,19,0.57,88,360x640,Chrome,en-IN,-330,landscape,Mumbai,3197.14,2025-05-07 07:42:27,36,0,normal
user_232,session_2327,Desktop,12,12,0,21,0.0,83,1440x900,Firefox,en-IN,-330,landscape,Chennai,7845.85,2025-05-30 09:22:32,397,0,normal
user_376,session_3767,Desktop,8,5,0,15,0.0,223,1366x768,Firefox,en-IN,-330,landscape,Chennai,2254.4,2025-02-24 11:27:23,337,0,normal
user_344,session_3441,Desktop,3,2,0,0,0.0,170,1366x768,Safari,en-IN,-330,landscape,Pune,3989.35,2025-03-13 12:51:41,430,0,normal
user_385,session_3852,Mobile,11,8,7,20,0.73,228,390x844,Firefox,en-IN,-330,landscape,Bengaluru,3020.44,2025-02-16 17:19:05,38,0,normal
user_413,session_4133,Mobile,3,2,4,16,0.18,122,414x896,Safari,en-IN,-330,portrait,Delhi,6490.72,2025-05-10 10:26:24,23,0,normal
user_549,session_5500,Desktop,7,7,0,14,0.0,110,1440x900,Chrome,en-IN,-330,landscape,Pune,2765.9,2025-01-22 06:06:48,380,0,normal
user_214,session_2144,Mobile,8,8,3,9,0.54,286,390x844,Chrome,en-IN,-330,landscape,Mumbai,8751.75,2025-01-22 21:14:16,51,0,normal
user_582,session_5823,Desktop,0,0,0,13,0.0,225,1440x900,Firefox,hi-IN,-330,landscape,Delhi,5771.41,2025-01-03 17:56:27,415,0,normal
user_507,session_5074,Mobile,8,4,8,18,0.89,67,414x896,Edge,en-IN,-330,landscape,Chennai,1959.71,2025-01-07 06:22:43,63,0,normal
user_157,session_1572,Mobile,2,9,8,8,0.29,178,414x896,Safari,en-IN,-330,landscape,Ahmedabad,3130.96,2025-02-11 15:46:07,25,0,normal
user_407,session_4080,Mobile,9,11,8,12,0.79,156,360x640,Edge,en-IN,-330,portrait,Pune,2647.3,2025-01-23 11:47:34,24,0,normal
user_112,session_1123,Desktop,2,3,0,0,0.0,194,1920x1080,Firefox,en-IN,-330,landscape,Mumbai,1034.7,2025-02-24 05:08:45,264,0,normal
user_278,session_2787,Desktop,5,9,0,11,0.0,165,1920x1080,Safari,en-IN,-330,landscape,Ahmedabad,668.89,2025-02-18 13:47:52,75,0,normal
user_296,session_2968,Desktop,0,10,0,16,0.0,56,1366x768,Chrome,en-IN,-330,landscape,Chennai,2891.94,2025-01-14 19:02:51,178,0,normal
user_250,session_2505,Mobile,1,10,9,5,0.61,158,360x640,Safari,en-IN,-330,landscape,Delhi,1848.41,2025-05-03 08:17:29,63,0,normal
user_346,session_3466,Desktop,11,6,0,10,0.0,83,1366x768,Firefox,en-US,-330,landscape,Mumbai,4145.05,2025-01-03 13:23:02,306,0,normal
user_67,session_676,Desktop,7,9,0,17,0.0,246,1920x1080,Firefox,en-US,-330,landscape,Kolkata,112.08,2025-05-04 17:46:18,371,0,normal
user_280,session_2809,Tablet,9,9,6,24,0.8,70,810x1080,Safari,en-IN,-330,portrait,Hyderabad,2127.23,2025-02-16 16:16:23,45,0,normal
user_334,session_3349,Desktop,13,11,0,1,0.0,96,1440x900,Firefox,en-IN,-330,landscape,Pune,29613.76,2025-05-24 11:15:19,150,1,rat_fraud
user_72,session_729,Desktop,5,8,0,15,0.0,273,1440x900,Firefox,en-IN,-330,landscape,Ahmedabad,2975.89,2025-04-12 17:00:29,142,0,normal
user_41,session_413,Desktop,3,1,0,11,0.0,76,1920x1080,Safari,en-IN,-330,landscape,Mumbai,890.13,2025-03-23 18:41:55,131,0,normal
user_314,session_3147,Mobile,1,0,6,16,0.73,118,414x896,Firefox,hi-IN,-330,landscape,Ahmedabad,3035.81,2025-01-21 21:38:54,46,0,normal
user_151,session_1517,Mobile,2,10,6,17,1.22,284,390x844,Safari,en-IN,-330,landscape,Chennai,580.66,2025-04-21 17:30:54,55,0,normal
user_82,session_826,Mobile,7,3,5,22,1.45,256,414x896,Chrome,en-IN,-330,portrait,Pune,7630.77,2025-04-19 15:56:34,22,0,normal
user_326,session_3268,Desktop,7,6,0,17,0.0,141,1440x900,Safari,en-IN,-330,landscape,Bengaluru,3885.33,2025-01-17 04:50:09,318,0,normal
user_397,session_3975,Mobile,2,7,7,16,0.48,45,390x844,Safari,en-IN,-330,landscape,Mumbai,3701.29,2025-02-10 14:26:03,61,0,normal
user_61,session_617,Desktop,2,3,0,14,0.0,78,1440x900,Edge,en-IN,-330,landscape,Chennai,5800.52,2025-03-06 12:59:25,299,0,normal
user_11,session_115,Mobile,4,9,8,6,0.03,101,360x640,Chrome,en-IN,-330,landscape,Delhi,9174.02,2025-01-26 16:22:10,25,0,normal
user_41,session_418,Desktop,8,5,0,12,0.0,46,1920x1080,Safari,en-IN,-330,landscape,Mumbai,456.57,2025-03-30 15:05:30,310,0,normal
user_306,session_3070,Desktop,2,3,0,0,0.0,105,1440x900,Chrome,en-IN,-330,landscape,Pune,6589.76,2025-03-13 13:40:26,212,0,normal
user_162,session_1626,Desktop,0,9,0,14,0.0,166,1920x1080,Safari,en-IN,-330,landscape,Ahmedabad,4225.43,2025-03-22 20:12:08,313,0,normal
user_593,session_5940,Desktop,1,0,0,10,0.0,157,1440x900,Safari,en-IN,-330,landscape,Pune,4248.84,2025-01-01 16:46:05,137,0,normal
user_418,session_4186,Tablet,6,7,3,12,0.69,63,768x1024,Chrome,en-IN,-330,landscape,Kolkata,5263.32,2025-04-07 10:20:17,59,0,normal
user_289,session_2897,Mobile,8,6,6,8,0.47,173,360x640,Chrome,en-IN,-330,portrait,Kolkata,1782.51,2025-01-31 08:12:51,42,0,normal
user_560,session_5603,Desktop,6,6,0,9,0.0,147,1366x768,Chrome,en-US,-330,landscape,Hyderabad,1342.61,2025-03-21 07:48:36,159,0,normal
user_208,session_2083,Desktop,8,4,0,9,0.0,195,1366x768,Safari,en-US,-330,landscape,Mumbai,8360.29,2025-01-08 09:22:36,398,0,normal
user_75,session_754,Mobile,8,5,3,5,0.41,246,414x896,Safari,en-US,-330,landscape,Kolkata,1429.79,2025-01-18 15:19:40,33,0,normal
user_254,session_2547,Desktop,5,0,0,18,0.0,163,1920x1080,Safari,en-IN,-330,landscape,Mumbai,5666.91,2025-02-14 22:06:56,247,0,normal
user_396,session_3970,Desktop,8,7,0,10,0.0,57,1920x1080,Firefox,en-IN,-330,landscape,Pune,674.07,2025-04-19 19:24:51,384,0,normal
user_337,session_3374,Mobile,4,7,4,20,0.47,171,390x844,Safari,en-IN,-330,portrait,Hyderabad,632.76,2025-05-07 14:08:46,45,0,normal
user_410,session_4108,Mobile,8,4,4,14,0.93,95,414x896,Edge,en-IN,-330,landscape,Hyderabad,3952.59,2025-02-24 15:21:48,73,0,normal
user_244,session_2445,Desktop,1,6,0,18,0.0,248,1366x768,Firefox,en-IN,-330,landscape,Delhi,9031.68,2025-04-09 09:41:04,176,0,normal
user_438,session_4381,Desktop,6,8,0,3,0.0,99,1920x1080,Edge,en-IN,-330,landscape,Kolkata,2360.07,2025-04-16 11:39:47,307,0,normal
user_106,session_1067,Desktop,4,9,0,11,0.0,233,1366x768,Safari,en-US,-330,landscape,Chennai,5184.46,2025-02-09 13:45:09,21,0,normal
user_391,session_3914,Desktop,10,9,0,6,0.0,122,1440x900,Edge,en-IN,-330,landscape,Delhi,1764.16,2025-01-02 20:53:30,480,0,normal
user_528,session_5288,Tablet,2,9,4,14,0.46,178,768x1024,Chrome,en-IN,-330,landscape,Delhi,302.19,2025-03-13 14:16:45,35,0,normal
user_538,session_5388,Mobile,7,12,10,19,1.08,144,414x896,Safari,en-US,-330,landscape,Ahmedabad,5316.61,2025-03-08 15:19:44,38,0,normal
user_349,session_3499,Mobile,6,8,1,15,1.05,223,414x896,Firefox,en-IN,-330,portrait,Hyderabad,9990.22,2025-02-16 13:35:48,37,0,normal
user_273,session_2739,Desktop,3,11,0,24,0.0,122,1366x768,Edge,en-IN,-330,landscape,Hyderabad,1173.94,2025-01-06 19:23:21,0,0,normal
user_505,session_5053,Desktop,3,2,0,10,0.0,212,1920x1080,Chrome,en-IN,-330,landscape,Delhi,737.86,2025-03-01 06:49:00,448,0,normal
user_400,session_4001,Desktop,2,6,0,9,0.0,73,1366x768,Firefox,en-IN,-330,landscape,Hyderabad,4698.62,2025-03-06 16:30:27,96,0,normal
user_156,session_1569,Desktop,0,0,0,15,0.0,283,1440x900,Chrome,en-IN,-330,landscape,Ahmedabad,5632.47,2025-02-18 19:55:30,87,0,normal
user_242,session_2428,Mobile,2,4,4,16,0.0,146,390x844,Chrome,en-IN,-330,portrait,Delhi,7831.47,2025-01-30 21:23:42,81,0,normal
user_374,session_3747,Mobile,4,10,5,21,0.78,62,390x844,Firefox,en-IN,-330,landscape,Ahmedabad,3367.36,2025-04-29 15:31:48,16,0,normal
user_556,session_5562,Mobile,0,11,11,22,1.09,143,414x896,Firefox,en-IN,-330,portrait,Bengaluru,3548.42,2025-04-30 09:24:33,55,0,normal
user_168,session_1688,Desktop,3,8,0,6,0.0,152,1920x1080,Safari,en-IN,-330,landscape,Bengaluru,5574.84,2025-04-23 17:43:52,180,0,normal
user_85,session_852,Tablet,0,6,8,12,0.34,119,768x1024,Edge,en-IN,-330,landscape,Mumbai,20.0,2025-02-24 11:36:52,23,0,normal
user_354,session_3547,Mobile,5,6,3,2,0.24,317,360x640,Safari,en-IN,-330,portrait,Pune,1512.47,2025-03-10 11:07:50,18,0,normal
user_89,session_896,Desktop,8,4,0,28,0.0,80,1440x900,Firefox,en-IN,-330,landscape,Chennai,1710.32,2025-02-17 18:31:14,305,0,normal
user_459,session_4593,Desktop,9,5,0,17,0.0,183,1920x1080,Firefox,en-IN,-330,landscape,Delhi,5465.49,2025-03-15 16:59:32,196,0,normal
user_33,session_336,Mobile,4,7,2,13,1.04,134,390x844,Edge,en-IN,-330,portrait,Delhi,2403.3,2025-05-15 12:07:07,31,0,normal
user_283,session_2840,Desktop,2,12,0,0,0.0,180,1366x768,Chrome,en-IN,-330,landscape,Kolkata,5499.71,2025-05-29 04:07:55,39,0,normal
user_308,session_3088,Tablet,4,0,5,12,0.23,43,768x1024,Firefox,en-IN,-330,landscape,Bengaluru,1065.35,2025-01-13 18:13:54,37,0,normal
user_461,session_4612,Desktop,8,11,0,15,0.0,264,1440x900,Edge,en-IN,-330,landscape,Ahmedabad,1627.75,2025-02-23 17:20:14,432,0,normal
user_134,session_1349,Desktop,2,8,0,16,0.0,179,1920x1080,Edge,en-IN,-330,landscape,Pune,3160.62,2025-04-29 19:07:36,327,0,normal
user_101,session_1016,Desktop,14,16,0,27,0.0,109,1440x900,Firefox,en-IN,-330,landscape,Kolkata,2939.37,2025-03-09 12:19:39,273,0,normal
user_281,session_2817,Desktop,7,2,0,6,0.0,146,1920x1080,Firefox,en-IN,-330,landscape,Ahmedabad,3737.64,2025-03-22 15:32:44,375,0,normal
user_163,session_1632,Tablet,2,5,6,17,0.69,254,810x1080,Firefox,en-IN,-330,landscape,Kolkata,4930.44,2025-04-13 09:16:17,61,0,normal
user_248,session_2490,Mobile,11,5,4,19,1.13,147,414x896,Safari,en-US,-330,portrait,Pune,5449.64,2025-05-06 13:56:02,59,0,normal
user_373,session_3731,Mobile,3,2,4,20,0.86,197,360x640,Chrome,en-IN,-330,portrait,Mumbai,4266.08,2025-05-02 20:49:52,25,0,normal
user_325,session_3252,Mobile,2,5,1,11,0.69,75,414x896,Safari,hi-IN,-330,landscape,Mumbai,646.04,2025-05-28 14:32:05,0,0,normal
user_555,session_5556,Desktop,2,4,0,17,0.0,125,1920x1080,Safari,en-IN,-330,landscape,Delhi,8310.02,2025-04-13 15:02:30,523,0,normal
user_207,session_2071,Desktop,5,9,0,24,0.0,74,1366x768,Edge,en-IN,-330,landscape,Bengaluru,10292.32,2025-01-26 06:55:14,361,0,normal
user_445,session_4453,Mobile,6,4,1,18,0.45,100,390x844,Firefox,en-IN,-330,landscape,Ahmedabad,6177.05,2025-01-09 14:08:00,4,0,normal
user_585,session_5859,Desktop,10,8,0,20,0.0,164,1920x1080,Safari,en-IN,-330,landscape,Mumbai,6977.86,2025-05-15 16:05:25,252,0,normal
user_540,session_5409,Tablet,14,12,11,19,0.34,132,810x1080,Firefox,hi-IN,-330,landscape,Delhi,6644.34,2025-04-20 22:37:01,39,0,normal
user_163,session_1636,Tablet,9,14,7,13,0.7,159,810x1080,Firefox,en-IN,-330,landscape,Kolkata,6503.29,2025-05-23 10:40:04,76,0,normal
user_464,session_4647,Tablet,10,11,8,11,0.55,129,768x1024,Chrome,en-IN,-330,landscape,Chennai,2908.23,2025-02-21 09:05:32,48,0,normal
user_247,session_2480,Tablet,4,11,4,17,1.24,166,768x1024,Firefox,en-IN,-330,landscape,Bengaluru,7281.61,2025-01-14 18:58:32,33,0,normal
user_226,session_2266,Desktop,2,13,0,19,0.0,102,1366x768,Edge,en-IN,-330,landscape,Pune,20.0,2025-01-10 04:52:40,258,0,normal
user_295,session_2960,Mobile,3,3,1,19,0.27,82,414x896,Edge,en-IN,-330,portrait,Ahmedabad,3939.9,2025-04-08 13:23:46,53,0,normal
user_532,session_5324,Desktop,3,5,0,0,0.0,143,1920x1080,Edge,en-IN,-330,landscape,Chennai,5553.27,2025-01-08 18:04:14,217,0,normal
user_567,session_5673,Desktop,1,8,0,5,0.0,154,1920x1080,Safari,en-IN,-330,landscape,Ahmedabad,5435.4,2025-01-03 11:28:09,206,0,normal
user_305,session_3060,Desktop,10,9,0,16,0.0,103,1440x900,Firefox,hi-IN,-330,landscape,Kolkata,6504.33,2025-01-01 09:57:41,307,0,normal
user_505,session_5054,Desktop,4,2,0,10,0.0,100,1920x1080,Chrome,en-IN,-330,landscape,Delhi,1022.47,2025-03-27 06:47:42,317,0,normal
user_214,session_2142,Mobile,2,4,8,0,1.1,199,390x844,Chrome,en-IN,-330,portrait,Mumbai,8830.41,2025-03-12 18:56:29,54,0,normal
user_510,session_5105,Desktop,0,8,0,11,0.0,103,1920x1080,Firefox,en-IN,-330,landscape,Mumbai,6080.62,2025-04-24 07:50:55,245,0,normal
user_311,session_3119,Desktop,3,3,0,15,0.0,88,1440x900,Safari,en-IN,-330,landscape,Delhi,2363.88,2025-05-11 08:18:42,443,0,normal
user_518,session_5189,Mobile,0,3,3,17,1.42,202,414x896,Chrome,en-IN,-330,landscape,Mumbai,2467.64,2025-02-12 20:00:47,37,0,normal
user_566,session_5665,Desktop,7,4,0,15,0.0,56,1920x1080,Firefox,en-IN,-330,landscape,Ahmedabad,1015.6,2025-03-16 12:48:34,401,0,normal
user_404,session_4046,Mobile,9,0,1,13,0.88,146,414x896,Safari,en-IN,-330,portrait,Hyderabad,3646.88,2025-04-16 12:45:15,38,0,normal
user_335,session_3357,Desktop,5,7,0,20,0.0,245,1440x900,Firefox,en-US,-330,landscape,Ahmedabad,1479.77,2025-03-17 13:09:57,563,0,normal
user_274,session_2745,Mobile,4,6,4,14,0.39,146,390x844,Safari,en-IN,-330,portrait,Pune,8663.99,2025-03-29 11:43:32,50,0,normal
user_509,session_5093,Desktop,3,15,0,21,0.0,81,1920x1080,Chrome,hi-IN,-330,landscape,Ahmedabad,2877.15,2025-03-31 15:56:13,354,0,normal
user_350,session_3507,Desktop,9,7,0,27,0.0,107,1920x1080,Firefox,en-IN,-330,landscape,Delhi,2343.19,2025-02-03 17:42:10,369,0,normal
user_167,session_1680,Mobile,4,2,2,15,0.38,160,390x844,Chrome,en-IN,-330,landscape,Pune,3793.88,2025-01-17 15:11:10,42,0,normal
user_424,session_4250,Mobile,1,6,2,7,0.37,238,414x896,Firefox,en-IN,-330,landscape,Kolkata,1303.43,2025-03-23 15:11:41,86,0,normal
user_314,session_3148,Mobile,2,3,0,10,0.19,161,414x896,Firefox,hi-IN,-330,landscape,Ahmedabad,5893.11,2025-01-18 16:35:30,39,0,normal
user_229,session_2295,Desktop,5,15,0,17,0.0,153,1440x900,Firefox,en-US,-330,landscape,Mumbai,2167.63,2025-03-01 16:33:53,403,0,normal
user_58,session_581,Desktop,5,10,0,11,0.0,110,1366x768,Safari,en-US,-330,landscape,Delhi,5624.78,2025-04-08 14:03:21,224,0,normal
user_147,session_1471,Mobile,8,5,7,26,1.08,176,390x844,Safari,en-IN,-330,landscape,Kolkata,3984.25,2025-02-20 11:22:12,66,0,normal
user_479,session_4800,Desktop,3,6,0,12,0.0,233,1366x768,Safari,en-IN,-330,landscape,Hyderabad,2257.8,2025-04-15 17:49:28,449,0,normal
user_407,session_4071,Mobile,6,12,6,25,0.52,279,360x640,Edge,en-IN,-330,landscape,Pune,5424.39,2025-05-28 08:02:54,43,0,normal
user_530,session_5309,Desktop,10,8,0,11,0.0,62,1920x1080,Firefox,en-US,-330,landscape,Bengaluru,2129.24,2025-05-22 09:39:12,293,0,normal
user_334,session_3344,Desktop,2,4,0,6,0.0,113,1440x900,Firefox,en-IN,-330,landscape,Pune,4557.08,2025-02-16 06:22:35,297,0,normal
user_499,session_4993,Desktop,5,0,0,9,0.0,243,1366x768,Edge,en-IN,-330,landscape,Kolkata,3802.85,2025-02-03 15:40:57,183,0,normal
user_458,session_4584,Mobile,7,3,4,15,0.48,167,360x640,Firefox,en-US,-330,landscape,Delhi,5102.82,2025-02-10 18:24:00,24,0,normal
user_367,session_3673,Tablet,5,10,8,4,0.42,69,768x1024,Safari,en-US,-330,portrait,Mumbai,4968.99,2025-04-25 09:54:21,34,0,normal
user_55,session_560,Desktop,6,1,0,20,0.0,82,1366x768,Chrome,hi-IN,-330,landscape,Kolkata,1421.81,2025-04-29 18:07:21,134,0,normal
user_523,session_5238,Desktop,8,4,0,16,0.0,36,1366x768,Firefox,en-IN,-330,landscape,Pune,5207.42,2025-01-28 17:09:42,206,0,normal
user_521,session_5216,Tablet,2,9,7,12,0.0,102,810x1080,Firefox,en-IN,-330,landscape,Chennai,7714.44,2025-04-27 20:08:45,67,0,normal
user_284,session_2850,Desktop,5,4,0,10,0.0,46,1440x900,Firefox,en-IN,-330,landscape,Bengaluru,2733.75,2025-03-21 14:07:20,170,0,normal
user_51,session_513,Mobile,2,8,3,19,1.54,84,390x844,Firefox,en-IN,-330,landscape,Pune,2705.85,2025-04-11 20:47:04,11,0,normal
user_472,session_4730,Mobile,10,11,10,11,0.81,134,360x640,Safari,en-IN,-330,landscape,Kolkata,8604.93,2025-05-25 23:18:26,35,0,normal
user_108,session_1082,Desktop,8,6,0,9,0.0,91,1440x900,Edge,en-IN,-330,landscape,Mumbai,2731.73,2025-01-11 12:43:00,375,0,normal
user_166,session_1665,Desktop,5,15,0,2,0.0,132,1366x768,Chrome,hi-IN,-330,landscape,Ahmedabad,7756.2,2025-02-28 13:20:10,263,0,normal
user_101,session_1013,Desktop,7,8,0,7,0.0,127,1440x900,Firefox,en-IN,-330,landscape,Kolkata,1784.75,2025-03-26 05:41:32,451,0,normal
user_193,session_1932,Mobile,10,4,3,16,1.15,192,414x896,Edge,en-US,-330,portrait,Pune,556.97,2025-01-27 17:12:43,47,0,normal
user_115,session_1151,Mobile,5,0,3,19,0.89,106,360x640,Safari,en-IN,-330,landscape,Pune,3990.62,2025-02-03 06:58:30,31,0,normal
user_283,session_2839,Desktop,4,2,0,2,0.0,319,1366x768,Chrome,en-IN,-330,landscape,Kolkata,6740.33,2025-02-28 04:49:38,286,0,normal
user_11,session_117,Mobile,4,5,6,11,0.6,125,360x640,Chrome,en-IN,-330,portrait,Delhi,6855.86,2025-03-08 19:21:11,35,0,normal
user_74,session_741,Desktop,5,3,0,8,0.0,145,1366x768,Firefox,en-IN,-330,landscape,Ahmedabad,3376.08,2025-02-12 08:35:50,237,0,normal
user_576,session_5762,Desktop,9,4,0,7,0.0,113,1920x1080,Firefox,en-IN,-330,landscape,Pune,764.18,2025-05-18 20:37:31,152,0,normal
user_517,session_5178,Desktop,10,6,0,5,0.0,136,1366x768,Safari,en-IN,-330,landscape,Kolkata,8143.86,2025-03-30 09:36:54,368,0,normal
user_367,session_3676,Tablet,7,11,5,9,0.17,90,768x1024,Safari,en-US,-330,landscape,Mumbai,8648.33,2025-03-22 07:01:08,42,0,normal
user_83,session_831,Tablet,7,3,3,10,0.09,223,768x1024,Edge,en-US,-330,portrait,Kolkata,2945.43,2025-01-29 15:37:40,19,0,normal
user_11,session_120,Mobile,8,0,4,21,0.6,84,360x640,Chrome,en-IN,-330,landscape,Delhi,2915.27,2025-03-29 18:50:22,24,0,normal
user_475,session_4753,Desktop,8,4,0,20,0.0,99,1920x1080,Edge,en-US,-330,landscape,Ahmedabad,8921.79,2025-03-18 07:42:31,199,0,normal
user_572,session_5729,Tablet,9,15,10,11,0.74,90,810x1080,Safari,en-IN,-330,landscape,Kolkata,4548.36,2025-02-28 14:31:58,22,0,normal
user_568,session_5682,Desktop,2,7,0,14,0.0,180,1366x768,Firefox,en-US,-330,landscape,Ahmedabad,443.27,2025-05-15 10:56:52,321,0,normal
user_592,session_5929,Desktop,4,4,0,2,0.0,172,1920x1080,Safari,en-IN,-330,landscape,Kolkata,6059.27,2025-03-18 12:13:07,423,0,normal
user_63,session_636,Mobile,3,7,2,4,0.89,133,360x640,Chrome,en-IN,-330,portrait,Hyderabad,1321.04,2025-01-21 15:00:56,60,0,normal
user_446,session_4466,Desktop,7,9,0,20,0.0,128,1920x1080,Safari,hi-IN,-330,landscape,Bengaluru,5492.27,2025-04-27 11:00:50,372,0,normal
user_436,session_4365,Mobile,2,4,5,12,1.31,240,414x896,Firefox,en-IN,-330,portrait,Chennai,4576.18,2025-01-10 09:57:24,12,0,normal
user_414,session_4143,Desktop,5,7,0,11,0.0,225,1920x1080,Edge,hi-IN,-330,landscape,Chennai,310.22,2025-05-23 22:46:53,445,0,normal
user_99,session_992,Mobile,4,5,8,9,0.82,119,360x640,Chrome,en-IN,-330,landscape,Pune,348.72,2025-05-15 23:16:19,56,0,normal
user_87,session_877,Mobile,8,2,8,12,0.32,134,414x896,Firefox,en-IN,-330,landscape,Mumbai,3870.27,2025-01-04 18:07:23,39,0,normal
user_486,session_4870,Desktop,8,7,0,20,0.0,61,1366x768,Edge,hi-IN,-330,landscape,Ahmedabad,7241.81,2025-02-05 10:58:33,501,0,normal
user_531,session_5316,Desktop,6,6,0,13,0.0,157,1366x768,Chrome,hi-IN,-330,landscape,Mumbai,6063.12,2025-05-18 22:54:58,390,0,normal
user_522,session_5223,Desktop,1,5,0,16,0.0,59,1920x1080,Firefox,hi-IN,-330,landscape,Pune,11687.78,2025-03-10 07:59:03,220,0,normal
user_0,session_5,Mobile,9,0,0,13,0.73,94,414x896,Safari,en-US,-330,landscape,Mumbai,7345.86,2025-05-09 13:17:37,73,0,normal
user_305,session_3052,Desktop,4,6,0,21,0.0,89,1440x900,Firefox,hi-IN,-330,landscape,Kolkata,3248.47,2025-03-17 07:16:51,344,0,normal
user_312,session_3125,Desktop,0,8,0,16,0.0,160,1920x1080,Firefox,en-IN,-330,landscape,Hyderabad,898.08,2025-01-03 17:56:46,219,0,normal
user_266,session_2661,Desktop,3,2,0,0,0.0,41,1440x900,Edge,en-IN,-330,landscape,Bengaluru,7198.51,2025-05-14 20:38:21,465,0,normal
user_249,session_2492,Desktop,2,0,0,0,0.0,246,1440x900,Chrome,en-IN,-330,landscape,Delhi,2608.6,2025-03-25 17:27:33,223,0,normal
user_517,session_5174,Desktop,9,3,0,12,0.0,99,1366x768,Safari,en-IN,-330,landscape,Kolkata,8741.57,2025-05-19 11:11:52,278,0,normal
user_385,session_3855,Mobile,8,3,4,15,1.32,187,390x844,Firefox,en-IN,-330,portrait,Bengaluru,5400.72,2025-02-24 15:13:22,42,0,normal
user_493,session_4934,Desktop,6,6,0,9,0.0,108,1440x900,Chrome,en-IN,-330,landscape,Mumbai,2361.81,2025-03-17 12:01:34,221,0,normal
user_477,session_4778,Desktop,2,5,0,15,0.0,154,1920x1080,Chrome,en-US,-330,landscape,Ahmedabad,2789.35,2025-04-06 12:24:38,477,0,normal
user_171,session_1716,Mobile,2,10,2,11,0.51,57,360x640,Edge,hi-IN,-330,landscape,Ahmedabad,3917.09,2025-04-23 15:46:22,0,0,normal
user_114,session_1149,Desktop,6,6,0,3,0.0,54,1440x900,Edge,en-IN,-330,landscape,Mumbai,3354.7,2025-04-25 18:45:43,136,0,normal
user_326,session_3262,Desktop,1,8,0,13,0.0,238,1440x900,Safari,en-IN,-330,landscape,Bengaluru,3127.27,2025-05-10 12:44:21,161,0,normal
user_57,session_575,Desktop,10,14,0,5,0.0,116,1366x768,Edge,en-IN,-330,landscape,Bengaluru,9788.59,2025-01-21 12:17:02,304,0,normal
user_376,session_3770,Desktop,5,11,0,17,0.0,218,1366x768,Firefox,en-IN,-330,landscape,Chennai,4177.46,2025-05-17 12:33:38,373,0,normal
user_373,session_3737,Mobile,5,7,9,22,0.66,166,360x640,Chrome,en-IN,-330,portrait,Mumbai,12052.91,2025-01-24 18:05:47,47,0,normal
user_414,session_4147,Desktop,0,7,0,19,0.0,132,1920x1080,Edge,hi-IN,-330,landscape,Chennai,637.74,2025-04-13 14:20:20,213,0,normal
user_85,session_854,Tablet,1,8,4,13,0.34,127,768x1024,Edge,en-IN,-330,landscape,Mumbai,20.0,2025-05-26 11:59:38,35,0,normal
user_198,session_1983,Desktop,3,12,0,5,0.0,132,1920x1080,Safari,en-IN,-330,landscape,Chennai,2252.11,2025-04-26 15:12:37,486,0,normal
user_277,session_2775,Mobile,5,8,7,7,0.17,154,414x896,Edge,en-IN,-330,portrait,Delhi,737.32,2025-03-22 17:43:33,17,0,normal
user_492,session_4930,Desktop,7,5,0,14,0.0,85,1440x900,Edge,en-US,-330,landscape,Bengaluru,10051.36,2025-05-01 18:04:22,540,0,normal
user_521,session_5212,Tablet,4,6,7,13,0.26,79,810x1080,Firefox,en-IN,-330,portrait,Chennai,6542.46,2025-01-16 20:20:51,30,0,normal
user_116,session_1167,Mobile,6,6,3,3,0.89,111,414x896,Chrome,en-IN,-330,portrait,Delhi,6766.06,2025-05-26 18:22:31,32,0,normal
user_97,session_972,Mobile,3,4,3,13,0.77,78,390x844,Chrome,en-IN,-330,landscape,Mumbai,5956.92,2025-02-12 19:40:55,19,0,normal
user_270,session_2702,Mobile,11,12,7,7,0.48,230,360x640,Chrome,hi-IN,-330,landscape,Delhi,1561.37,2025-02-09 21:23:01,61,0,normal
user_449,session_4496,Mobile,10,5,8,16,0.3,123,390x844,Edge,en-IN,-330,portrait,Ahmedabad,730.88,2025-03-05 21:21:30,28,0,normal
user_384,session_3848,Mobile,1,8,0,9,0.99,211,414x896,Chrome,en-US,-330,landscape,Hyderabad,7638.56,2025-04-27 14:15:27,37,0,normal
user_236,session_2369,Desktop,6,7,0,16,0.0,146,1440x900,Safari,en-US,-330,landscape,Kolkata,7785.98,2025-05-03 14:48:03,420,0,normal
user_411,session_4116,Desktop,8,3,0,3,0.0,159,1440x900,Safari,en-IN,-330,landscape,Chennai,8330.82,2025-03-18 11:21:29,295,0,normal
user_478,session_4781,Mobile,6,8,2,8,1.04,166,414x896,Chrome,hi-IN,-330,landscape,Bengaluru,8532.14,2025-02-21 12:49:59,49,0,normal
user_413,session_4132,Mobile,2,7,3,5,0.0,70,414x896,Safari,en-IN,-330,landscape,Delhi,10003.84,2025-02-27 13:03:49,24,0,normal
user_295,session_2951,Mobile,12,10,5,15,1.05,50,414x896,Edge,en-IN,-330,portrait,Ahmedabad,3372.26,2025-04-29 15:01:53,81,0,normal
user_52,session_525,Desktop,2,13,0,11,0.0,223,1440x900,Edge,en-IN,-330,landscape,Ahmedabad,11972.22,2025-04-20 20:09:31,369,0,normal
user_245,session_2456,Desktop,2,7,0,7,0.0,83,1920x1080,Chrome,en-IN,-330,landscape,Pune,8061.09,2025-02-14 15:30:32,0,0,normal
user_501,session_5017,Desktop,7,8,0,18,0.0,56,1366x768,Safari,en-IN,-330,landscape,Kolkata,128.45,2025-03-25 09:25:34,218,0,normal
user_184,session_1842,Desktop,8,5,0,5,0.0,143,1440x900,Firefox,en-IN,-330,landscape,Bengaluru,5466.19,2025-01-23 18:38:17,326,0,normal
user_53,session_538,Mobile,1,0,3,20,0.86,85,414x896,Edge,en-IN,-330,landscape,Ahmedabad,9127.66,2025-05-24 14:48:01,37,0,normal
user_280,session_2807,Tablet,7,6,5,10,0.42,109,810x1080,Safari,en-IN,-330,portrait,Hyderabad,3658.26,2025-05-19 16:49:13,16,0,normal
user_559,session_5597,Mobile,10,11,4,26,0.35,51,414x896,Safari,en-US,-330,landscape,Mumbai,6590.22,2025-05-04 11:22:11,2,0,normal
user_434,session_4342,Mobile,8,7,6,15,0.31,35,414x896,Chrome,hi-IN,-330,portrait,Ahmedabad,298.43,2025-02-19 23:22:56,9,0,normal
user_317,session_3176,Desktop,6,11,0,17,0.0,132,1920x1080,Edge,en-IN,-330,landscape,Kolkata,4185.14,2025-05-01 16:24:20,611,0,normal
user_78,session_785,Mobile,5,5,4,16,0.29,169,414x896,Safari,en-IN,-330,portrait,Mumbai,2312.74,2025-03-13 05:36:25,44,0,normal
user_405,session_4058,Mobile,5,7,5,8,0.96,155,414x896,Firefox,en-IN,-330,portrait,Kolkata,10849.87,2025-01-27 12:18:55,33,0,normal
user_140,session_1410,Mobile,6,4,6,16,0.96,129,360x640,Edge,hi-IN,-330,landscape,Mumbai,963.77,2025-05-21 23:23:39,54,0,normal
user_253,session_2538,Desktop,4,15,0,18,0.0,350,1920x1080,Chrome,en-US,-330,landscape,Bengaluru,1331.88,2025-02-24 08:43:11,266,0,normal
user_15,session_155,Desktop,4,1,0,14,0.0,227,1440x900,Safari,hi-IN,-330,landscape,Ahmedabad,7141.24,2025-01-13 15:42:54,283,0,normal
user_300,session_3010,Tablet,7,13,8,23,0.88,83,810x1080,Chrome,en-US,-330,landscape,Hyderabad,5289.15,2025-05-24 17:20:58,32,0,normal
user_168,session_1687,Desktop,6,10,0,5,0.0,229,1920x1080,Safari,en-IN,-330,landscape,Bengaluru,7445.22,2025-04-22 15:38:14,458,0,normal
user_290,session_2902,Desktop,4,4,0,7,0.0,46,1440x900,Chrome,en-IN,-330,landscape,Kolkata,6858.37,2025-04-20 19:20:43,261,0,normal
user_593,session_5939,Desktop,5,1,0,28,0.0,117,1440x900,Safari,en-IN,-330,landscape,Pune,2873.99,2025-05-06 13:57:42,351,0,normal
user_472,session_4722,Mobile,3,5,7,19,1.13,156,360x640,Safari,en-IN,-330,portrait,Kolkata,10626.78,2025-02-20 22:08:41,34,0,normal
user_386,session_3864,Mobile,5,4,8,13,1.01,264,390x844,Safari,en-IN,-330,portrait,Pune,7484.31,2025-01-27 08:54:25,43,0,normal
user_273,session_2734,Desktop,5,11,0,19,0.0,141,1366x768,Edge,en-IN,-330,landscape,Hyderabad,1623.11,2025-04-21 10:04:26,460,0,normal
user_189,session_1896,Desktop,7,11,0,21,0.0,63,1440x900,Safari,en-IN,-330,landscape,Delhi,2606.35,2025-05-04 10:11:32,362,0,normal
user_544,session_5443,Desktop,1,5,0,20,0.0,197,1366x768,Firefox,en-IN,-330,landscape,Delhi,4660.45,2025-01-09 09:33:26,227,0,normal
user_56,session_570,Mobile,3,8,6,9,0.0,120,390x844,Safari,en-US,-330,portrait,Delhi,3904.68,2025-01-21 20:45:46,56,0,normal
user_181,session_1817,Desktop,2,8,0,6,0.0,207,1366x768,Safari,en-IN,-330,landscape,Delhi,1431.48,2025-04-20 16:00:35,11,0,normal
user_206,session_2066,Desktop,9,4,0,10,0.0,161,1920x1080,Chrome,en-US,-330,landscape,Kolkata,5201.24,2025-01-18 14:56:57,206,0,normal
user_12,session_128,Mobile,4,8,8,12,0.93,117,414x896,Edge,en-IN,-330,landscape,Chennai,516.41,2025-02-24 12:01:04,55,0,normal
user_339,session_3395,Desktop,7,1,0,3,0.0,170,1366x768,Chrome,en-US,-330,landscape,Kolkata,910.5,2025-01-15 12:14:38,358,0,normal
user_332,session_3328,Desktop,0,2,0,11,0.0,198,1366x768,Chrome,en-IN,-330,landscape,Chennai,6582.87,2025-01-28 11:11:32,376,0,normal
user_597,session_5978,Tablet,7,7,9,0,0.2,289,768x1024,Safari,en-IN,-330,portrait,Hyderabad,7851.07,2025-02-27 10:48:15,59,0,normal
user_297,session_2976,Mobile,3,4,4,2,0.13,265,414x896,Firefox,en-US,-330,portrait,Pune,4651.53,2025-04-17 09:55:05,12,0,normal
user_98,session_981,Mobile,5,9,8,13,1.06,107,414x896,Edge,en-US,-330,landscape,Hyderabad,2312.99,2025-05-05 18:40:58,18,0,normal
user_230,session_2301,Mobile,6,12,10,11,0.83,232,360x640,Edge,en-IN,-330,landscape,Bengaluru,8926.0,2025-03-12 12:40:36,52,0,normal
user_19,session_191,Desktop,4,8,0,12,0.0,85,1920x1080,Chrome,en-IN,-330,landscape,Chennai,5014.26,2025-03-23 21:15:01,235,0,normal
user_113,session_1140,Mobile,0,14,0,20,1.07,69,414x896,Safari,en-IN,-330,portrait,Delhi,48.79,2025-03-22 13:09:00,23,0,normal
user_508,session_5089,Desktop,11,9,0,0,0.0,77,1366x768,Edge,en-US,-330,landscape,Bengaluru,5875.54,2025-04-09 12:20:13,193,0,normal
user_69,session_700,Mobile,1,0,4,9,0.63,152,414x896,Chrome,en-US,-330,landscape,Mumbai,820.92,2025-05-29 13:46:31,12,0,normal
user_572,session_5730,Tablet,6,2,9,13,0.55,93,810x1080,Safari,en-IN,-330,portrait,Kolkata,7480.36,2025-02-28 16:15:25,39,0,normal
user_60,session_607,Mobile,4,0,5,5,1.34,63,360x640,Chrome,en-IN,-330,portrait,Mumbai,8984.63,2025-04-06 19:16:59,32,0,normal
user_427,session_4277,Mobile,3,16,7,2,0.18,27,390x844,Firefox,en-IN,-330,portrait,Kolkata,853.99,2025-02-09 16:26:27,41,0,normal
user_30,session_302,Desktop,0,15,0,9,0.0,321,1440x900,Firefox,en-US,-330,landscape,Mumbai,9336.35,2025-05-11 06:04:55,282,0,normal
user_342,session_3421,Desktop,27,1,0,0,0.0,4,1440x900,Edge,en-IN,-330,landscape,Chennai,4282.57,2025-02-06 15:59:44,4,1,bot_script
user_577,session_5776,Desktop,0,1,0,11,0.0,154,1920x1080,Edge,en-US,-330,landscape,Chennai,1621.74,2025-03-11 18:06:15,407,0,normal
user_106,session_1061,Desktop,3,12,0,22,0.0,70,1366x768,Safari,en-US,-330,landscape,Chennai,3972.35,2025-01-31 14:03:21,432,0,normal
user_256,session_2566,Tablet,5,11,4,12,1.31,163,810x1080,Edge,en-US,-330,landscape,Mumbai,2488.17,2025-05-23 09:26:06,58,0,normal
user_598,session_5989,Mobile,6,3,5,10,1.07,185,390x844,Edge,en-IN,-330,portrait,Kolkata,4165.34,2025-03-20 09:13:53,39,0,normal
user_106,session_1070,Desktop,9,5,0,5,0.0,245,1366x768,Safari,en-US,-330,landscape,Chennai,7185.25,2025-02-06 10:46:30,257,0,normal
user_252,session_2525,Desktop,7,4,0,19,0.0,39,1366x768,Firefox,en-US,-330,landscape,Ahmedabad,1575.86,2025-05-11 07:19:54,79,0,normal
user_220,session_2206,Tablet,2,9,3,7,1.32,128,810x1080,Firefox,en-IN,-330,landscape,Bengaluru,1686.63,2025-01-05 08:39:06,73,0,normal
user_124,session_1244,Mobile,1,15,5,19,0.0,39,360x640,Chrome,en-IN,-330,landscape,Mumbai,4862.61,2025-04-02 21:37:47,33,0,normal
user_1,session_17,Mobile,6,8,7,12,0.74,167,390x844,Firefox,en-IN,-330,landscape,Delhi,5690.89,2025-01-23 15:13:08,63,0,normal
user_312,session_3121,Desktop,2,7,0,14,0.0,178,1920x1080,Firefox,en-IN,-330,landscape,Hyderabad,1415.91,2025-03-21 12:21:14,305,0,normal
user_597,session_5980,Tablet,1,11,4,3,1.03,173,768x1024,Safari,en-IN,-330,portrait,Hyderabad,4601.53,2025-04-20 07:49:55,29,0,normal
user_464,session_4643,Tablet,6,6,8,12,1.21,116,768x1024,Chrome,en-IN,-330,portrait,Chennai,2331.81,2025-03-22 09:22:49,8,0,normal
user_475,session_4755,Desktop,3,11,0,20,0.0,143,1920x1080,Edge,en-US,-330,landscape,Ahmedabad,12298.89,2025-03-15 06:02:59,246,0,normal
user_81,session_816,Tablet,5,9,10,18,0.02,100,768x1024,Safari,en-IN,-330,landscape,Pune,2992.01,2025-03-13 16:33:10,22,0,normal
user_306,session_3068,Desktop,0,13,0,19,0.0,171,1440x900,Chrome,en-IN,-330,landscape,Pune,8264.49,2025-01-13 10:17:09,155,0,normal
user_599,session_5994,Tablet,4,12,4,9,0.85,101,810x1080,Edge,en-IN,-330,portrait,Kolkata,1176.82,2025-02-14 04:55:42,30,0,normal
user_560,session_5601,Desktop,6,11,0,11,0.0,180,1366x768,Chrome,en-US,-330,landscape,Hyderabad,3738.11,2025-04-05 12:29:20,212,0,normal
user_95,session_960,Desktop,5,11,0,12,0.0,156,1366x768,Safari,en-US,-330,landscape,Mumbai,5734.58,2025-04-10 17:42:00,178,0,normal
user_489,session_4894,Desktop,5,9,0,16,0.0,172,1440x900,Firefox,en-IN,-330,landscape,Ahmedabad,681.12,2025-01-04 21:14:01,292,0,normal
user_22,session_226,Mobile,4,8,7,7,0.15,273,414x896,Safari,en-IN,-330,landscape,Ahmedabad,241.69,2025-02-01 11:31:26,40,0,normal
user_335,session_3355,Desktop,6,6,0,22,0.0,123,1440x900,Firefox,en-US,-330,landscape,Ahmedabad,1086.52,2025-04-19 12:56:11,422,0,normal
user_248,session_2486,Mobile,5,5,3,14,0.84,195,414x896,Safari,en-US,-330,landscape,Pune,10210.33,2025-02-13 11:30:44,86,0,normal
user_56,session_563,Mobile,6,7,7,16,0.89,197,390x844,Safari,en-US,-330,landscape,Delhi,2221.7,2025-01-07 15:54:06,48,0,normal
user_343,session_3437,Desktop,9,8,0,11,0.0,142,1920x1080,Firefox,en-IN,-330,landscape,Hyderabad,6059.99,2025-03-18 20:03:48,445,0,normal
user_169,session_1694,Desktop,11,14,0,20,0.0,222,1366x768,Safari,en-IN,-330,landscape,Mumbai,1245.29,2025-04-19 10:46:18,370,0,normal
user_104,session_1046,Tablet,1,4,4,0,0.0,92,768x1024,Safari,en-IN,-330,portrait,Mumbai,264.86,2025-05-25 14:11:23,24,0,normal
user_344,session_3447,Desktop,0,10,0,5,0.0,237,1366x768,Safari,en-IN,-330,landscape,Pune,5513.87,2025-02-10 16:06:51,26,0,normal
user_456,session_4566,Desktop,8,9,0,2,0.0,218,1366x768,Firefox,en-IN,-330,landscape,Pune,2159.1,2025-02-09 11:12:49,592,0,normal
user_95,session_955,Desktop,8,10,0,14,0.0,56,1366x768,Safari,en-US,-330,landscape,Mumbai,3843.89,2025-04-07 20:40:44,262,0,normal
user_597,session_5977,Tablet,5,6,1,8,0.88,324,768x1024,Safari,en-IN,-330,portrait,Hyderabad,9138.22,2025-01-02 11:28:35,37,0,normal
user_273,session_2736,Desktop,1,13,0,14,0.0,99,1366x768,Edge,en-IN,-330,landscape,Hyderabad,1996.75,2025-03-17 15:52:32,397,0,normal
user_588,session_5885,Desktop,5,6,0,22,0.0,85,1440x900,Chrome,en-US,-330,landscape,Bengaluru,5514.39,2025-02-12 13:10:42,349,0,normal
user_473,session_4736,Tablet,5,11,0,10,0.2,197,810x1080,Firefox,en-IN,-330,landscape,Bengaluru,832.38,2025-01-19 08:01:39,0,0,normal
user_577,session_5779,Desktop,9,4,0,25,0.0,124,1920x1080,Edge,en-US,-330,landscape,Chennai,2128.74,2025-04-27 15:19:28,369,0,normal
user_121,session_1219,Desktop,6,7,0,4,0.0,92,1440x900,Firefox,en-IN,-330,landscape,Pune,2927.13,2025-04-03 09:09:30,321,0,normal
user_525,session_5255,Desktop,6,4,0,32,0.0,216,1920x1080,Safari,en-IN,-330,landscape,Bengaluru,698.07,2025-03-24 16:09:59,413,0,normal
user_551,session_5512,Desktop,3,11,0,2,0.0,193,1366x768,Firefox,hi-IN,-330,landscape,Hyderabad,4970.39,2025-01-22 23:11:39,180,0,normal
user_152,session_1528,Desktop,5,21,0,19,0.0,389,1920x1080,Edge,en-IN,-330,landscape,Mumbai,5343.74,2025-05-12 15:35:06,262,0,normal
user_398,session_3988,Desktop,9,10,0,20,0.0,236,1920x1080,Safari,en-IN,-330,landscape,Pune,1357.03,2025-05-16 15:18:01,364,0,normal
user_591,session_5920,Mobile,4,6,7,13,1.52,136,390x844,Chrome,hi-IN,-330,landscape,Kolkata,2566.64,2025-01-18 17:37:06,42,0,normal
user_130,session_1301,Mobile,11,16,2,21,1.16,139,414x896,Safari,en-IN,-330,landscape,Chennai,1282.63,2025-04-28 13:35:26,64,0,normal
user_586,session_5870,Mobile,8,5,4,13,0.0,214,390x844,Firefox,en-IN,-330,portrait,Ahmedabad,4079.55,2025-04-15 11:52:17,8,0,normal
user_16,session_161,Mobile,5,8,8,4,0.66,172,360x640,Firefox,en-IN,-330,portrait,Hyderabad,3013.4,2025-03-22 09:57:41,28,0,normal
user_406,session_4068,Desktop,5,12,0,13,0.0,81,1366x768,Firefox,en-US,-330,landscape,Ahmedabad,8122.26,2025-03-26 17:54:12,279,0,normal
user_95,session_957,Desktop,30,0,0,0,0.0,11,1366x768,Safari,en-US,-330,landscape,Mumbai,4294.85,2025-05-20 21:59:05,3,1,bot_script
user_379,session_3792,Desktop,7,5,0,15,0.0,174,1920x1080,Chrome,en-US,-330,landscape,Hyderabad,755.75,2025-03-27 12:41:37,470,0,normal
user_323,session_3235,Mobile,6,0,1,20,0.56,282,360x640,Safari,en-US,-330,portrait,Delhi,9608.45,2025-04-23 18:44:15,26,0,normal
user_286,session_2870,Desktop,10,4,0,1,0.0,137,1440x900,Firefox,hi-IN,-330,landscape,Mumbai,6882.81,2025-01-17 23:01:18,486,0,normal
user_377,session_3778,Mobile,7,7,10,21,0.68,163,414x896,Chrome,en-US,-330,portrait,Hyderabad,7020.38,2025-01-23 17:41:38,29,0,normal
user_443,session_4434,Desktop,6,12,0,19,0.0,108,1440x900,Chrome,en-IN,-330,landscape,Mumbai,2787.03,2025-02-27 06:53:14,117,0,normal
user_497,session_4974,Desktop,3,0,0,17,0.0,44,1440x900,Chrome,en-IN,-330,landscape,Kolkata,7410.88,2025-03-27 15:14:47,202,0,normal
user_296,session_2962,Desktop,3,5,0,6,0.0,143,1366x768,Chrome,en-IN,-330,landscape,Chennai,7966.75,2025-05-17 15:27:00,400,0,normal
user_220,session_2201,Tablet,8,7,0,12,0.7,125,810x1080,Firefox,en-IN,-330,landscape,Bengaluru,2341.75,2025-04-11 07:57:01,9,0,normal
user_9,session_99,Desktop,8,14,0,18,0.0,150,1440x900,Safari,en-IN,-330,landscape,Hyderabad,1396.98,2025-04-27 16:03:17,294,0,normal
user_583,session_5835,Desktop,2,5,0,9,0.0,71,1440x900,Firefox,en-IN,-330,landscape,Bengaluru,4762.96,2025-02-19 21:35:11,166,0,normal
user_255,session_2558,Desktop,3,14,0,16,0.0,133,1920x1080,Safari,en-IN,-330,landscape,Mumbai,2084.95,2025-01-28 17:39:10,621,0,normal
user_318,session_3184,Tablet,4,8,1,23,0.81,56,810x1080,Safari,en-IN,-330,landscape,Hyderabad,6531.66,2025-04-02 19:29:46,56,0,normal
user_25,session_254,Desktop,7,2,0,19,0.0,195,1366x768,Chrome,en-IN,-330,landscape,Kolkata,3854.21,2025-01-11 11:07:19,301,0,normal
user_392,session_3924,Desktop,8,8,0,6,0.0,236,1366x768,Safari,en-IN,-330,landscape,Delhi,633.38,2025-05-12 16:22:05,333,0,normal
user_419,session_4200,Desktop,3,3,0,7,0.0,55,1440x900,Safari,en-US,-330,landscape,Hyderabad,7753.6,2025-05-26 09:27:14,168,0,normal
user_144,session_1446,Tablet,7,1,2,0,0.0,87,768x1024,Chrome,en-US,-330,portrait,Hyderabad,2346.35,2025-01-29 09:32:03,37,0,normal
user_553,session_5540,Tablet,3,2,5,12,0.68,321,768x1024,Firefox,en-US,-330,portrait,Pune,2584.87,2025-05-15 11:04:53,66,0,normal
user_164,session_1649,Desktop,9,8,0,20,0.0,273,1440x900,Firefox,en-IN,-330,landscape,Kolkata,5030.89,2025-02-19 11:29:46,325,0,normal
user_468,session_4683,Mobile,6,10,1,12,0.68,97,414x896,Safari,en-US,-330,portrait,Delhi,10731.98,2025-02-13 21:42:23,39,0,normal
user_472,session_4724,Mobile,6,14,6,12,1.28,210,360x640,Safari,en-IN,-330,landscape,Kolkata,8741.74,2025-05-15 20:58:27,36,0,normal
user_399,session_3992,Desktop,9,11,0,6,0.0,101,1440x900,Firefox,en-IN,-330,landscape,Ahmedabad,7763.08,2025-02-12 14:27:30,353,0,normal
user_169,session_1697,Desktop,6,9,0,12,0.0,245,1366x768,Safari,en-IN,-330,landscape,Mumbai,1412.91,2025-02-22 10:15:31,470,0,normal
user_319,session_3192,Desktop,6,12,0,15,0.0,39,1920x1080,Safari,hi-IN,-330,landscape,Kolkata,176.6,2025-01-21 09:43:25,206,0,normal
user_449,session_4500,Mobile,9,2,10,10,0.36,90,390x844,Edge,en-IN,-330,portrait,Ahmedabad,535.33,2025-02-22 23:07:34,33,0,normal
user_115,session_1155,Mobile,4,4,9,0,0.75,126,360x640,Safari,en-IN,-330,portrait,Pune,3577.25,2025-05-19 12:48:02,2,0,normal
user_225,session_2256,Desktop,3,8,0,21,0.0,105,1440x900,Chrome,en-IN,-330,landscape,Hyderabad,7423.69,2025-04-16 11:30:09,298,0,normal
user_168,session_1683,Desktop,0,10,0,19,0.0,83,1920x1080,Safari,en-IN,-330,landscape,Bengaluru,7459.96,2025-04-12 13:13:20,441,0,normal
user_317,session_3171,Desktop,9,14,0,16,0.0,150,1920x1080,Edge,en-IN,-330,landscape,Kolkata,2521.16,2025-04-15 17:22:40,335,0,normal
user_205,session_2057,Tablet,13,16,1,14,0.77,77,768x1024,Chrome,en-US,-330,portrait,Ahmedabad,10193.05,2025-05-21 22:50:43,42,0,normal
user_409,session_4091,Desktop,4,7,0,13,0.0,41,1440x900,Safari,en-IN,-330,landscape,Pune,2332.99,2025-03-26 22:58:07,167,0,normal
user_585,session_5854,Desktop,3,1,0,2,0.0,192,1920x1080,Safari,en-IN,-330,landscape,Mumbai,4805.74,2025-03-03 14:19:03,177,0,normal
user_310,session_3109,Desktop,1,14,0,13,0.0,92,1920x1080,Safari,en-IN,-330,landscape,Hyderabad,1114.32,2025-05-10 14:49:21,104,0,normal
user_454,session_4549,Mobile,0,1,10,10,0.59,203,360x640,Chrome,hi-IN,-330,landscape,Pune,370.54,2025-05-26 14:32:38,19,0,normal
user_372,session_3724,Desktop,0,9,0,19,0.0,211,1366x768,Edge,en-IN,-330,landscape,Mumbai,9979.28,2025-03-06 09:06:26,560,0,normal
user_542,session_5424,Desktop,5,3,0,13,0.0,55,1366x768,Firefox,en-IN,-330,landscape,Hyderabad,1358.32,2025-04-16 12:45:30,273,0,normal
user_204,session_2050,Desktop,5,12,0,14,0.0,108,1366x768,Firefox,en-IN,-330,landscape,Hyderabad,5298.53,2025-03-19 15:22:21,363,0,normal
user_497,session_4977,Desktop,6,8,0,2,0.0,124,1440x900,Chrome,en-IN,-330,landscape,Kolkata,4331.18,2025-05-14 15:52:10,264,0,normal
user_364,session_3644,Desktop,1,9,0,0,0.0,183,1366x768,Safari,en-IN,-330,landscape,Bengaluru,3016.32,2025-05-06 15:04:13,262,0,normal
user_591,session_5915,Mobile,5,7,11,14,0.42,134,390x844,Chrome,hi-IN,-330,landscape,Kolkata,2938.99,2025-01-29 20:47:43,71,0,normal
user_62,session_624,Desktop,0,16,0,20,0.0,47,1440x900,Edge,en-US,-330,landscape,Hyderabad,4888.72,2025-01-25 06:28:33,284,0,normal
user_26,session_263,Tablet,11,8,5,24,1.39,90,810x1080,Safari,en-IN,-330,landscape,Ahmedabad,1021.05,2025-05-26 08:19:29,3,0,normal
user_573,session_5731,Mobile,6,4,7,19,0.21,176,414x896,Edge,en-IN,-330,portrait,Ahmedabad,7717.87,2025-02-16 15:40:35,37,0,normal
user_336,session_3370,Desktop,3,12,0,5,0.0,122,1440x900,Chrome,en-US,-330,landscape,Bengaluru,1515.94,2025-01-04 13:25:14,274,0,normal
user_406,session_4062,Desktop,5,11,0,18,0.0,127,1366x768,Firefox,en-US,-330,landscape,Ahmedabad,6736.84,2025-01-19 15:02:23,465,0,normal
user_553,session_5535,Tablet,7,11,0,8,0.26,175,768x1024,Firefox,en-US,-330,portrait,Pune,2208.98,2025-05-15 10:43:44,32,0,normal
user_180,session_1803,Desktop,11,10,0,21,0.0,248,1440x900,Firefox,en-IN,-330,landscape,Bengaluru,4794.24,2025-04-09 18:00:13,268,0,normal
user_473,session_4737,Tablet,2,7,2,6,0.25,136,810x1080,Firefox,en-IN,-330,landscape,Bengaluru,1071.56,2025-01-13 09:55:10,58,0,normal
user_598,session_5987,Mobile,10,11,5,9,1.11,89,390x844,Edge,en-IN,-330,landscape,Kolkata,5202.78,2025-02-21 16:56:32,36,0,normal
user_238,session_2386,Mobile,8,8,5,9,0.69,230,360x640,Safari,en-IN,-330,portrait,Bengaluru,3031.67,2025-05-02 12:29:43,29,0,normal
user_195,session_1960,Desktop,1,13,0,18,0.0,113,1920x1080,Firefox,hi-IN,-330,landscape,Chennai,3609.66,2025-02-11 22:34:49,349,0,normal
user_297,session_2977,Mobile,1,2,6,7,0.5,208,414x896,Firefox,en-US,-330,portrait,Pune,3646.27,2025-05-26 06:08:09,31,0,normal
user_48,session_489,Desktop,10,7,0,14,0.0,53,1440x900,Safari,en-IN,-330,landscape,Hyderabad,1989.99,2025-03-15 11:07:59,36,0,normal
user_184,session_1844,Desktop,11,13,0,8,0.0,206,1440x900,Firefox,en-IN,-330,landscape,Bengaluru,7809.22,2025-02-26 18:40:26,313,0,normal
user_173,session_1735,Mobile,10,17,9,20,0.49,109,360x640,Chrome,en-IN,-330,portrait,Kolkata,10953.48,2025-04-07 18:39:11,27,0,normal
user_291,session_2912,Mobile,5,10,0,23,1.12,62,360x640,Chrome,en-IN,-330,portrait,Mumbai,2918.76,2025-01-19 08:42:02,36,0,normal
user_321,session_3220,Desktop,7,6,0,8,0.0,52,1920x1080,Safari,en-IN,-330,landscape,Hyderabad,3650.13,2025-01-29 17:35:14,262,0,normal
user_14,session_147,Mobile,6,3,7,14,0.32,186,414x896,Safari,en-IN,-330,landscape,Delhi,388.11,2025-01-24 11:03:08,63,0,normal
user_563,session_5631,Desktop,3,0,0,12,0.0,193,1366x768,Edge,en-US,-330,landscape,Ahmedabad,4203.51,2025-01-26 14:58:00,78,0,normal
user_198,session_1987,Desktop,0,2,0,18,0.0,36,1920x1080,Safari,en-IN,-330,landscape,Chennai,772.69,2025-01-27 18:30:10,594,0,normal
user_136,session_1370,Desktop,11,6,0,3,0.0,85,1440x900,Safari,en-IN,-330,landscape,Pune,2077.74,2025-02-10 10:04:13,335,0,normal
user_281,session_2812,Desktop,3,18,0,19,0.0,106,1920x1080,Firefox,en-IN,-330,landscape,Ahmedabad,6480.57,2025-02-11 14:43:55,360,0,normal
user_65,session_660,Desktop,6,4,0,19,0.0,104,1920x1080,Edge,en-US,-330,landscape,Kolkata,277.69,2025-03-06 19:15:07,534,0,normal
user_179,session_1795,Desktop,2,7,0,17,0.0,136,1366x768,Chrome,en-US,-330,landscape,Pune,1052.73,2025-02-10 12:21:57,303,0,normal
user_251,session_2512,Mobile,3,10,7,21,0.74,117,414x896,Firefox,hi-IN,-330,landscape,Hyderabad,6655.32,2025-01-24 08:45:21,78,0,normal
user_339,session_3398,Desktop,2,8,0,8,0.0,163,1366x768,Chrome,en-US,-330,landscape,Kolkata,1064.78,2025-03-06 15:34:38,271,0,normal
user_428,session_4283,Mobile,9,15,5,16,0.0,271,360x640,Safari,en-IN,-330,portrait,Pune,7108.35,2025-02-13 12:33:33,8,0,normal
user_114,session_1148,Desktop,6,10,0,12,0.0,39,1440x900,Edge,en-IN,-330,landscape,Mumbai,2571.25,2025-02-12 15:12:53,351,0,normal
user_327,session_3273,Desktop,5,5,0,5,0.0,69,1440x900,Safari,en-IN,-330,landscape,Bengaluru,5502.57,2025-03-03 18:22:48,321,0,normal
user_60,session_609,Mobile,2,3,6,8,1.31,53,360x640,Chrome,en-IN,-330,landscape,Mumbai,4921.82,2025-04-28 15:13:09,67,0,normal
user_358,session_3583,Desktop,8,13,0,7,0.0,76,1920x1080,Firefox,en-IN,-330,landscape,Pune,1272.95,2025-03-26 15:01:27,0,0,normal
user_193,session_1931,Mobile,11,12,4,12,0.53,122,414x896,Edge,en-US,-330,landscape,Pune,718.61,2025-03-28 16:15:58,24,0,normal
user_19,session_198,Desktop,2,12,0,9,0.0,42,1920x1080,Chrome,en-IN,-330,landscape,Chennai,633.52,2025-03-11 15:00:07,313,0,normal
user_293,session_2932,Desktop,2,11,0,28,0.0,184,1920x1080,Firefox,en-IN,-330,landscape,Chennai,332.88,2025-05-06 15:29:07,95,0,normal
user_232,session_2328,Desktop,5,10,0,10,0.0,79,1440x900,Firefox,en-IN,-330,landscape,Chennai,9126.02,2025-02-25 07:16:39,247,0,normal
user_438,session_4390,Desktop,5,1,0,32,0.0,92,1920x1080,Edge,en-IN,-330,landscape,Kolkata,3276.69,2025-01-10 13:26:27,214,0,normal
user_76,session_767,Mobile,3,9,2,16,0.52,232,414x896,Firefox,en-IN,-330,landscape,Kolkata,7123.88,2025-03-13 15:00:38,48,0,normal
user_449,session_4497,Mobile,7,2,7,18,0.58,71,390x844,Edge,en-IN,-330,landscape,Ahmedabad,946.42,2025-05-21 21:34:17,78,0,normal
user_421,session_4219,Desktop,5,18,0,19,0.0,22,1440x900,Safari,en-IN,-330,landscape,Hyderabad,1808.57,2025-02-27 22:06:14,260,0,normal
user_325,session_3256,Mobile,1,1,5,13,1.37,62,414x896,Safari,hi-IN,-330,landscape,Mumbai,1149.02,2025-05-29 17:04:56,21,0,normal
user_20,session_203,Desktop,4,11,0,1,0.0,104,1920x1080,Edge,en-IN,-330,landscape,Chennai,12027.97,2025-03-26 08:23:25,357,0,normal
user_351,session_3511,Desktop,9,10,0,24,0.0,86,1440x900,Firefox,en-IN,-330,landscape,Hyderabad,6392.39,2025-02-05 22:23:48,489,0,normal
user_493,session_4932,Desktop,1,3,0,9,0.0,79,1440x900,Chrome,en-IN,-330,landscape,Mumbai,3260.85,2025-04-27 08:37:21,265,0,normal
user_553,session_5536,Tablet,5,1,2,11,1.03,253,768x1024,Firefox,en-US,-330,portrait,Pune,1500.53,2025-02-04 10:16:05,54,0,normal
user_173,session_1734,Mobile,4,9,5,14,0.39,86,360x640,Chrome,en-IN,-330,portrait,Kolkata,6990.93,2025-04-29 17:41:22,42,0,normal
user_277,session_2778,Mobile,11,5,1,24,0.45,227,414x896,Edge,en-IN,-330,portrait,Delhi,1174.94,2025-02-02 10:17:21,28,0,normal
user_170,session_1708,Mobile,5,8,7,9,0.79,93,414x896,Chrome,en-IN,-330,landscape,Chennai,5116.79,2025-02-12 22:23:11,55,0,normal
user_517,session_5173,Desktop,5,8,0,15,0.0,149,1366x768,Safari,en-IN,-330,landscape,Kolkata,6062.41,2025-03-30 11:46:55,324,0,normal
user_524,session_5250,Desktop,6,9,0,7,0.0,392,1440x900,Safari,en-IN,-330,landscape,Hyderabad,3325.33,2025-02-24 07:59:45,391,0,normal
user_575,session_5758,Mobile,7,8,10,28,0.77,85,360x640,Edge,en-IN,-330,landscape,Chennai,6204.86,2025-04-18 12:36:20,59,0,normal
user_347,session_3475,Tablet,3,4,7,11,0.52,140,810x1080,Edge,en-IN,-330,portrait,Pune,9164.96,2025-04-15 16:03:14,55,0,normal
user_85,session_855,Tablet,4,4,6,9,1.05,87,768x1024,Edge,en-IN,-330,landscape,Mumbai,4475.36,2025-05-21 06:42:27,18,0,normal
user_568,session_5686,Desktop,2,7,0,4,0.0,125,1366x768,Firefox,en-US,-330,landscape,Ahmedabad,429.16,2025-03-10 11:00:41,195,0,normal
user_473,session_4738,Tablet,2,6,2,6,0.38,166,810x1080,Firefox,en-IN,-330,landscape,Bengaluru,2252.33,2025-03-31 12:48:20,7,0,normal
user_409,session_4098,Desktop,2,5,0,8,0.0,140,1440x900,Safari,en-IN,-330,landscape,Pune,4552.28,2025-01-04 20:50:39,294,0,normal
user_216,session_2161,Desktop,4,13,0,24,0.0,53,1440x900,Safari,hi-IN,-330,landscape,Delhi,5420.54,2025-01-04 09:42:48,369,0,normal
user_69,session_699,Mobile,5,8,3,14,0.26,301,414x896,Chrome,en-US,-330,portrait,Mumbai,949.12,2025-03-19 10:28:13,9,0,normal
user_593,session_5937,Desktop,0,2,0,8,0.0,232,1440x900,Safari,en-IN,-330,landscape,Pune,4605.98,2025-04-28 20:47:31,92,0,normal
user_299,session_3000,Mobile,5,0,4,7,0.69,245,414x896,Firefox,en-IN,-330,landscape,Ahmedabad,5557.62,2025-03-05 17:55:01,39,0,normal
user_369,session_3697,Mobile,3,15,9,14,0.24,137,360x640,Firefox,en-US,-330,landscape,Kolkata,5492.01,2025-05-07 12:47:19,14,0,normal
user_163,session_1637,Tablet,4,7,6,12,0.1,95,810x1080,Firefox,en-IN,-330,landscape,Kolkata,5320.22,2025-01-17 11:25:32,44,0,normal
user_345,session_3458,Desktop,2,12,0,11,0.0,103,1920x1080,Firefox,en-IN,-330,landscape,Chennai,2104.67,2025-02-17 17:59:08,346,0,normal
user_358,session_3582,Desktop,10,6,0,4,0.0,107,1920x1080,Firefox,en-IN,-330,landscape,Pune,1844.53,2025-05-14 15:19:06,454,0,normal
user_129,session_1292,Desktop,11,8,0,20,0.0,128,1366x768,Edge,en-US,-330,landscape,Mumbai,1363.54,2025-05-08 09:32:25,359,0,normal
user_465,session_4660,Mobile,7,13,6,15,1.1,104,390x844,Chrome,en-IN,-330,portrait,Bengaluru,5245.87,2025-03-23 17:30:35,35,0,normal
user_561,session_5617,Desktop,1,8,0,15,0.0,117,1366x768,Safari,en-US,-330,landscape,Delhi,2192.48,2025-02-25 19:38:05,174,0,normal
user_185,session_1854,Mobile,5,2,12,16,1.27,256,414x896,Safari,en-IN,-330,landscape,Mumbai,2708.91,2025-05-26 20:13:46,55,0,normal
user_523,session_5233,Desktop,9,10,0,4,0.0,194,1366x768,Firefox,en-IN,-330,landscape,Pune,5678.96,2025-05-12 16:06:04,319,0,normal
user_376,session_3764,Desktop,10,10,0,15,0.0,127,1366x768,Firefox,en-IN,-330,landscape,Chennai,1693.9,2025-02-10 12:33:23,374,0,normal
user_330,session_3305,Tablet,1,7,2,14,1.3,99,768x1024,Chrome,hi-IN,-330,portrait,Chennai,486.38,2025-05-16 15:33:32,41,0,normal
user_589,session_5897,Mobile,7,7,14,6,0.0,123,360x640,Firefox,en-IN,-330,landscape,Chennai,20.0,2025-03-14 23:16:18,72,0,normal
user_572,session_5728,Tablet,10,12,4,15,0.12,68,810x1080,Safari,en-IN,-330,portrait,Kolkata,4177.09,2025-05-05 12:56:21,29,0,normal
user_374,session_3744,Mobile,0,8,2,25,1.19,62,390x844,Firefox,en-IN,-330,landscape,Ahmedabad,7176.74,2025-03-17 19:17:46,17,0,normal
user_344,session_3446,Desktop,7,4,0,2,0.0,286,1366x768,Safari,en-IN,-330,landscape,Pune,4564.89,2025-05-05 16:15:17,164,0,normal
user_199,session_1999,Desktop,1,12,0,13,0.0,92,1440x900,Chrome,en-IN,-330,landscape,Chennai,2639.84,2025-05-27 10:02:09,340,0,normal
user_66,session_664,Mobile,8,7,9,11,0.37,159,390x844,Edge,en-US,-330,landscape,Pune,1477.15,2025-01-13 21:40:45,66,0,normal
user_477,session_4780,Desktop,6,9,0,11,0.0,112,1920x1080,Chrome,en-US,-330,landscape,Ahmedabad,3528.42,2025-05-10 14:49:16,488,0,normal
user_535,session_5354,Tablet,9,16,3,17,0.1,19,810x1080,Safari,en-IN,-330,landscape,Kolkata,12087.95,2025-01-17 04:43:56,50,1,odd_hour_drain
user_374,session_3749,Mobile,9,8,8,24,0.51,49,390x844,Firefox,en-IN,-330,portrait,Ahmedabad,2747.65,2025-05-12 16:27:01,52,0,normal
user_441,session_4414,Mobile,5,3,7,9,0.95,294,360x640,Safari,en-IN,-330,landscape,Ahmedabad,241.29,2025-04-06 17:24:16,42,0,normal
user_474,session_4745,Desktop,9,0,0,10,0.0,172,1920x1080,Firefox,en-US,-330,landscape,Pune,4037.43,2025-04-25 16:18:19,226,0,normal
user_553,session_5531,Tablet,2,13,0,11,0.84,105,768x1024,Firefox,en-US,-330,landscape,Pune,617.44,2025-04-05 09:37:50,29,0,normal
user_557,session_5576,Desktop,5,2,0,12,0.0,245,1366x768,Firefox,en-US,-330,landscape,Chennai,5072.65,2025-01-25 13:24:36,380,0,normal
user_70,session_710,Desktop,5,2,0,9,0.0,217,1440x900,Edge,en-IN,-330,landscape,Kolkata,1234.77,2025-02-21 13:28:09,468,0,normal
user_128,session_1283,Desktop,5,10,0,15,0.0,123,1366x768,Firefox,en-US,-330,landscape,Pune,3410.51,2025-03-04 18:47:29,406,0,normal
user_506,session_5069,Desktop,10,4,0,2,0.0,57,1440x900,Safari,en-US,-330,landscape,Hyderabad,8916.85,2025-05-17 14:19:16,50,0,normal
user_267,session_2676,Mobile,0,6,9,26,0.32,240,390x844,Safari,en-IN,-330,portrait,Delhi,1633.99,2025-03-17 15:50:14,7,0,normal
user_402,session_4030,Mobile,5,9,5,21,0.31,186,360x640,Safari,en-IN,-330,landscape,Bengaluru,7436.45,2025-02-01 09:57:21,93,0,normal
user_130,session_1307,Mobile,8,9,7,18,1.21,83,414x896,Safari,en-IN,-330,portrait,Chennai,2191.71,2025-01-06 12:02:50,34,0,normal
user_549,session_5497,Desktop,9,3,0,11,0.0,127,1440x900,Chrome,en-IN,-330,landscape,Pune,4036.29,2025-02-25 12:24:45,433,0,normal
user_550,session_5505,Desktop,0,6,0,20,0.0,67,1920x1080,Edge,en-IN,-330,landscape,Hyderabad,5354.12,2025-03-31 22:05:28,336,0,normal
user_223,session_2238,Mobile,7,7,8,10,0.9,229,414x896,Edge,en-US,-330,landscape,Kolkata,806.26,2025-02-12 15:17:03,34,0,normal
user_330,session_3303,Tablet,3,0,1,5,0.29,53,768x1024,Chrome,hi-IN,-330,portrait,Chennai,472.15,2025-05-03 15:52:24,29,0,normal
user_559,session_5593,Mobile,7,16,4,16,0.89,104,414x896,Safari,en-US,-330,landscape,Mumbai,2882.72,2025-02-18 08:06:28,37,0,normal
user_203,session_2039,Desktop,5,5,0,17,0.0,214,1366x768,Chrome,en-IN,-330,landscape,Chennai,9040.32,2025-01-12 15:57:25,226,0,normal
user_152,session_1530,Desktop,0,10,0,15,0.0,115,1920x1080,Edge,en-IN,-330,landscape,Mumbai,2971.88,2025-05-13 16:27:50,190,0,normal
user_166,session_1664,Desktop,4,7,0,16,0.0,208,1366x768,Chrome,hi-IN,-330,landscape,Ahmedabad,7224.45,2025-04-27 21:39:55,162,0,normal
user_545,session_5451,Desktop,7,13,0,33,0.0,67,1440x900,Chrome,en-IN,-330,landscape,Bengaluru,1304.8,2025-03-30 11:26:01,376,0,normal
user_592,session_5922,Desktop,6,7,0,14,0.0,211,1920x1080,Safari,en-IN,-330,landscape,Kolkata,3299.87,2025-03-28 10:55:37,266,0,normal
user_594,session_5944,Desktop,3,6,0,16,0.0,75,1366x768,Firefox,en-IN,-330,landscape,Delhi,1954.8,2025-05-29 20:54:56,274,0,normal
user_362,session_3628,Desktop,8,4,0,9,0.0,27,1366x768,Safari,en-US,-330,landscape,Ahmedabad,1668.09,2025-01-21 11:06:41,285,0,normal
user_573,session_5740,Mobile,1,4,8,4,0.97,97,414x896,Edge,en-IN,-330,portrait,Ahmedabad,10962.54,2025-03-21 11:02:24,67,0,normal
user_514,session_5148,Mobile,7,16,0,21,0.35,186,414x896,Chrome,en-IN,-330,portrait,Hyderabad,4070.69,2025-04-24 11:46:00,49,0,normal
user_489,session_4892,Desktop,3,3,0,5,0.0,140,1440x900,Firefox,en-IN,-330,landscape,Ahmedabad,325.36,2025-01-21 16:51:53,484,0,normal
user_269,session_2694,Desktop,4,5,0,24,0.0,322,1440x900,Chrome,en-IN,-330,landscape,Hyderabad,3941.81,2025-03-11 08:25:15,235,0,normal
user_306,session_3061,Desktop,4,6,0,4,0.0,179,1440x900,Chrome,en-IN,-330,landscape,Pune,4035.72,2025-04-13 14:30:34,290,0,normal
user_159,session_1598,Desktop,6,7,0,15,0.0,129,1440x900,Chrome,en-IN,-330,landscape,Hyderabad,1441.84,2025-03-15 18:50:36,375,0,normal
user_272,session_2730,Desktop,9,4,0,20,0.0,112,1440x900,Edge,en-IN,-330,landscape,Mumbai,4370.08,2025-04-16 17:15:09,255,0,normal
user_262,session_2626,Mobile,9,14,7,18,0.18,118,414x896,Safari,hi-IN,-330,portrait,Delhi,1519.83,2025-05-09 08:12:52,75,0,normal
user_315,session_3158,Desktop,10,0,0,13,0.0,56,1440x900,Edge,hi-IN,-330,landscape,Bengaluru,2056.53,2025-02-03 10:32:14,271,0,normal
user_331,session_3315,Mobile,2,6,3,12,1.35,259,414x896,Firefox,en-IN,-330,landscape,Pune,3684.7,2025-03-26 17:00:45,3,0,normal
user_172,session_1723,Desktop,10,12,0,12,0.0,200,1440x900,Edge,en-IN,-330,landscape,Chennai,220.79,2025-03-25 12:52:15,318,0,normal
user_527,session_5280,Desktop,6,9,0,3,0.0,120,1920x1080,Edge,hi-IN,-330,landscape,Ahmedabad,6262.81,2025-02-22 13:15:34,421,0,normal
user_105,session_1060,Desktop,7,7,0,16,0.0,157,1920x1080,Edge,en-IN,-330,landscape,Hyderabad,3637.86,2025-02-04 15:40:22,96,0,normal
user_463,session_4637,Desktop,7,4,0,3,0.0,299,1920x1080,Safari,en-US,-330,landscape,Ahmedabad,8505.41,2025-05-17 15:44:36,343,0,normal
user_324,session_3243,Mobile,0,7,7,12,1.1,158,390x844,Edge,en-IN,-330,portrait,Kolkata,2157.3,2025-01-01 09:16:55,32,0,normal
user_167,session_1679,Mobile,6,9,2,8,0.27,101,390x844,Chrome,en-IN,-330,landscape,Pune,2451.21,2025-04-04 14:48:24,47,0,normal
user_175,session_1758,Desktop,5,9,0,24,0.0,155,1440x900,Safari,en-IN,-330,landscape,Hyderabad,9988.52,2025-05-16 12:16:35,371,0,normal
user_419,session_4192,Desktop,4,6,0,8,0.0,46,1440x900,Safari,en-US,-330,landscape,Hyderabad,10061.4,2025-01-25 09:39:51,469,0,normal
user_511,session_5117,Mobile,9,4,2,3,1.13,249,360x640,Chrome,en-IN,-330,landscape,Pune,7560.52,2025-02-01 03:59:41,17,0,normal
user_56,session_564,Mobile,7,2,4,4,0.0,189,390x844,Safari,en-US,-330,landscape,Delhi,6897.21,2025-02-02 16:10:09,47,0,normal
user_279,session_2791,Mobile,1,0,2,17,0.3,171,390x844,Safari,en-US,-330,landscape,Kolkata,6336.56,2025-01-02 18:57:32,42,0,normal
user_86,session_864,Desktop,1,8,0,8,0.0,188,1920x1080,Chrome,en-IN,-330,landscape,Pune,4313.59,2025-04-20 18:51:01,289,0,normal
user_148,session_1485,Desktop,7,16,0,25,0.0,96,1440x900,Chrome,hi-IN,-330,landscape,Mumbai,5033.67,2025-02-22 16:28:57,279,0,normal
user_513,session_5135,Desktop,2,15,0,11,0.0,200,1920x1080,Safari,en-US,-330,landscape,Kolkata,2402.6,2025-05-13 20:39:00,156,0,normal
user_20,session_207,Desktop,7,15,0,16,0.0,104,1920x1080,Edge,en-IN,-330,landscape,Chennai,9609.36,2025-03-17 12:29:44,393,0,normal
user_448,session_4489,Desktop,5,11,0,17,0.0,94,1920x1080,Firefox,en-IN,-330,landscape,Bengaluru,514.05,2025-04-24 06:24:32,164,0,normal
user_87,session_871,Mobile,0,3,0,15,0.0,195,414x896,Firefox,en-IN,-330,portrait,Mumbai,6072.33,2025-02-28 19:58:54,48,0,normal
user_449,session_4494,Mobile,9,12,6,3,0.64,48,390x844,Edge,en-IN,-330,portrait,Ahmedabad,612.77,2025-02-07 23:33:43,29,0,normal
user_50,session_503,Mobile,8,0,5,18,0.43,91,360x640,Edge,en-IN,-330,portrait,Pune,1191.37,2025-04-27 13:40:43,51,0,normal
user_102,session_1029,Desktop,8,9,0,24,0.0,168,1366x768,Safari,en-US,-330,landscape,Chennai,3194.84,2025-04-12 19:40:40,428,0,normal
user_384,session_3841,Mobile,2,11,6,2,0.12,223,414x896,Chrome,en-US,-330,landscape,Hyderabad,5781.93,2025-01-30 12:43:17,71,0,normal
user_269,session_2691,Desktop,7,13,0,11,0.0,244,1440x900,Chrome,en-IN,-330,landscape,Hyderabad,2493.66,2025-03-04 07:47:45,539,0,normal
user_558,session_5582,Mobile,7,10,0,11,0.0,160,390x844,Firefox,en-IN,-330,landscape,Delhi,20.0,2025-03-15 13:48:34,36,0,normal
user_505,session_5057,Desktop,4,7,0,14,0.0,127,1920x1080,Chrome,en-IN,-330,landscape,Delhi,929.94,2025-04-21 08:04:01,560,0,normal
user_157,session_1571,Mobile,5,9,1,11,0.6,96,414x896,Safari,en-IN,-330,portrait,Ahmedabad,9381.97,2025-02-20 18:04:43,49,0,normal
user_277,session_2774,Mobile,10,12,8,14,1.01,76,414x896,Edge,en-IN,-330,landscape,Delhi,758.75,2025-03-17 14:18:04,56,0,normal
user_273,session_2732,Desktop,2,0,0,24,0.0,185,1366x768,Edge,en-IN,-330,landscape,Hyderabad,523.36,2025-03-14 19:44:56,366,0,normal
user_80,session_805,Mobile,7,5,3,6,0.39,175,414x896,Safari,en-IN,-330,portrait,Delhi,6512.31,2025-01-18 18:42:13,43,0,normal
user_584,session_5848,Mobile,8,5,3,8,0.0,59,414x896,Edge,en-IN,-330,portrait,Mumbai,3011.81,2025-02-12 13:52:35,39,0,normal
user_364,session_3646,Desktop,6,5,0,1,0.0,116,1366x768,Safari,en-IN,-330,landscape,Bengaluru,2473.62,2025-02-28 17:57:58,203,0,normal
user_245,session_2455,Desktop,0,5,0,7,0.0,76,1920x1080,Chrome,en-IN,-330,landscape,Pune,6330.92,2025-04-22 18:36:10,425,0,normal
user_459,session_4599,Desktop,4,6,0,7,0.0,108,1920x1080,Firefox,en-IN,-330,landscape,Delhi,3835.93,2025-01-04 21:45:33,188,0,normal
user_310,session_3105,Desktop,13,3,0,24,0.0,82,1920x1080,Safari,en-IN,-330,landscape,Hyderabad,1143.95,2025-01-05 12:20:10,140,0,normal
user_487,session_4876,Desktop,10,6,0,14,0.0,252,1440x900,Chrome,en-IN,-330,landscape,Delhi,7118.47,2025-05-03 22:56:46,405,0,normal
user_20,session_201,Desktop,5,10,0,4,0.0,58,1920x1080,Edge,en-IN,-330,landscape,Chennai,9727.75,2025-01-15 13:17:43,400,0,normal
user_309,session_3100,Mobile,6,0,8,14,1.08,85,360x640,Chrome,en-IN,-330,landscape,Mumbai,999.99,2025-04-14 15:30:04,33,0,normal
user_227,session_2279,Desktop,6,6,0,12,0.0,144,1440x900,Safari,en-IN,-330,landscape,Ahmedabad,658.47,2025-02-06 13:55:59,243,0,normal
user_356,session_3562,Desktop,6,3,0,10,0.0,138,1920x1080,Safari,en-IN,-330,landscape,Mumbai,545.13,2025-05-11 18:54:47,186,0,normal
user_447,session_4475,Tablet,3,7,2,23,0.42,196,768x1024,Firefox,hi-IN,-330,landscape,Mumbai,1031.19,2025-05-01 12:16:20,0,0,normal
user_451,session_4515,Mobile,4,7,4,3,0.72,242,414x896,Firefox,en-IN,-330,portrait,Ahmedabad,841.33,2025-02-17 16:56:43,23,0,normal
user_579,session_5795,Desktop,7,11,0,16,0.0,140,1920x1080,Safari,en-IN,-330,landscape,Pune,4447.74,2025-04-06 11:19:15,191,0,normal
user_39,session_392,Desktop,8,4,0,11,0.0,89,1440x900,Edge,en-US,-330,landscape,Hyderabad,5004.33,2025-01-07 21:06:08,0,0,normal
user_561,session_5619,Desktop,3,13,0,8,0.0,122,1366x768,Safari,en-US,-330,landscape,Delhi,2449.95,2025-01-13 16:50:20,47,0,normal
user_525,session_5259,Desktop,9,12,0,15,0.0,171,1920x1080,Safari,en-IN,-330,landscape,Bengaluru,567.81,2025-04-11 10:56:00,475,0,normal
user_149,session_1496,Desktop,9,8,0,23,0.0,101,1920x1080,Chrome,en-IN,-330,landscape,Bengaluru,4011.8,2025-03-02 11:46:12,184,0,normal
user_269,session_2696,Desktop,4,10,0,11,0.0,206,1440x900,Chrome,en-IN,-330,landscape,Hyderabad,3486.79,2025-02-25 06:42:17,254,0,normal
user_202,session_2028,Desktop,5,6,0,7,0.0,104,1440x900,Chrome,en-IN,-330,landscape,Ahmedabad,8180.47,2025-04-27 15:05:52,218,0,normal
user_524,session_5249,Desktop,5,9,0,7,0.0,183,1440x900,Safari,en-IN,-330,landscape,Hyderabad,4434.24,2025-02-20 04:01:20,288,0,normal
user_546,session_5464,Mobile,4,16,2,20,0.35,87,414x896,Edge,en-IN,-330,portrait,Bengaluru,6248.54,2025-01-30 15:23:34,23,0,normal
user_256,session_2569,Tablet,6,8,2,8,0.7,170,810x1080,Edge,en-US,-330,landscape,Mumbai,3832.03,2025-03-30 10:03:24,18,0,normal
user_6,session_65,Mobile,7,11,5,1,0.83,129,390x844,Safari,en-US,-330,landscape,Hyderabad,6525.22,2025-01-01 14:20:16,20,0,normal
user_388,session_3885,Desktop,5,6,0,17,0.0,47,1366x768,Firefox,hi-IN,-330,landscape,Chennai,6945.38,2025-02-08 07:22:50,492,0,normal
user_206,session_2063,Desktop,0,10,0,20,0.0,274,1920x1080,Chrome,en-US,-330,landscape,Kolkata,6539.7,2025-05-19 13:55:07,285,0,normal
user_527,session_5277,Desktop,7,9,0,23,0.0,309,1920x1080,Edge,hi-IN,-330,landscape,Ahmedabad,4151.57,2025-04-04 13:34:23,250,0,normal
user_49,session_493,Tablet,12,9,8,7,0.31,115,810x1080,Firefox,en-IN,-330,landscape,Ahmedabad,7762.55,2025-05-30 16:47:35,50,0,normal
user_37,session_380,Mobile,2,7,1,8,0.6,106,360x640,Safari,en-IN,-330,landscape,Delhi,4080.87,2025-05-28 18:48:14,52,0,normal
user_485,session_4860,Desktop,9,8,0,5,0.0,64,1440x900,Safari,en-IN,-330,landscape,Delhi,4580.66,2025-04-22 08:28:06,0,0,normal
user_399,session_3994,Desktop,9,3,0,14,0.0,70,1440x900,Firefox,en-IN,-330,landscape,Ahmedabad,8809.3,2025-01-31 12:05:29,369,0,normal
user_488,session_4888,Mobile,5,4,11,20,0.84,229,414x896,Edge,en-IN,-330,landscape,Bengaluru,311.12,2025-01-20 06:09:17,57,0,normal
user_107,session_1077,Mobile,6,6,3,8,0.28,183,390x844,Chrome,en-IN,-330,landscape,Kolkata,4310.53,2025-02-11 08:14:09,24,0,normal
user_87,session_879,Mobile,6,13,7,19,0.56,188,414x896,Firefox,en-IN,-330,portrait,Mumbai,6061.83,2025-01-19 19:36:27,31,0,normal
user_33,session_338,Mobile,2,18,3,1,0.0,125,390x844,Edge,en-IN,-330,landscape,Delhi,2762.2,2025-03-25 15:36:59,28,0,normal
user_101,session_1017,Desktop,4,11,0,10,0.0,107,1440x900,Firefox,en-IN,-330,landscape,Kolkata,1984.32,2025-04-30 08:29:44,585,0,normal
user_127,session_1276,Mobile,1,9,9,16,0.0,54,390x844,Chrome,en-US,-330,portrait,Delhi,4672.17,2025-05-28 18:31:39,1,0,normal
user_379,session_3799,Desktop,9,11,0,13,0.0,190,1920x1080,Chrome,en-US,-330,landscape,Hyderabad,1953.28,2025-02-09 13:30:48,206,0,normal
user_455,session_4552,Desktop,8,11,0,15,0.0,230,1920x1080,Firefox,en-US,-330,landscape,Ahmedabad,2665.08,2025-01-10 19:24:49,3,0,normal
user_334,session_3343,Desktop,6,3,0,22,0.0,177,1440x900,Firefox,en-IN,-330,landscape,Pune,2983.71,2025-05-25 15:20:18,441,0,normal
user_491,session_4912,Mobile,3,7,4,13,0.62,167,360x640,Safari,en-IN,-330,landscape,Hyderabad,1447.2,2025-04-29 13:24:31,19,0,normal
user_99,session_996,Mobile,9,15,9,29,0.33,170,360x640,Chrome,en-IN,-330,landscape,Pune,558.74,2025-01-13 22:24:41,64,0,normal
user_198,session_1982,Desktop,5,16,0,12,0.0,133,1920x1080,Safari,en-IN,-330,landscape,Chennai,3129.67,2025-04-05 13:06:05,88,0,normal
user_429,session_4298,Desktop,11,15,0,19,0.0,165,1440x900,Firefox,en-IN,-330,landscape,Pune,6411.85,2025-04-13 13:56:02,212,0,normal
user_16,session_162,Mobile,7,7,5,12,0.31,138,360x640,Firefox,en-IN,-330,landscape,Hyderabad,4134.67,2025-01-11 08:46:52,36,0,normal
user_567,session_5676,Desktop,4,3,0,5,0.0,107,1920x1080,Safari,en-IN,-330,landscape,Ahmedabad,5620.45,2025-05-05 08:45:10,25,0,normal
user_479,session_4799,Desktop,11,10,0,7,0.0,133,1366x768,Safari,en-IN,-330,landscape,Hyderabad,2814.43,2025-02-15 16:50:31,221,0,normal
user_150,session_1501,Mobile,2,3,1,8,0.83,177,360x640,Safari,en-IN,-330,landscape,Kolkata,7045.44,2025-04-27 15:12:19,22,0,normal
user_384,session_3844,Mobile,3,11,0,10,0.38,127,414x896,Chrome,en-US,-330,landscape,Hyderabad,10091.79,2025-03-23 13:06:40,14,0,normal
user_522,session_5226,Desktop,0,7,0,6,0.0,49,1920x1080,Firefox,hi-IN,-330,landscape,Pune,6828.47,2025-04-13 06:02:56,248,0,normal
user_261,session_2614,Mobile,8,1,2,17,0.43,218,414x896,Safari,en-US,-330,portrait,Ahmedabad,2258.37,2025-01-23 15:43:55,60,0,normal
user_346,session_3462,Desktop,6,14,0,9,0.0,92,1366x768,Firefox,en-US,-330,landscape,Mumbai,3394.64,2025-04-03 12:47:09,163,0,normal
user_102,session_1022,Desktop,12,9,0,21,0.0,249,1366x768,Safari,en-US,-330,landscape,Chennai,3312.2,2025-03-15 23:56:09,538,0,normal
user_307,session_3074,Desktop,8,4,0,20,0.0,134,1440x900,Firefox,en-US,-330,landscape,Bengaluru,5588.94,2025-04-17 17:56:13,503,0,normal
user_394,session_3944,Mobile,9,7,6,21,0.5,128,360x640,Firefox,en-IN,-330,portrait,Hyderabad,1177.02,2025-02-03 19:20:16,54,0,normal
user_158,session_1586,Desktop,7,8,0,3,0.0,156,1366x768,Firefox,en-IN,-330,landscape,Ahmedabad,6463.81,2025-04-29 13:13:12,99,0,normal
user_195,session_1956,Desktop,0,7,0,14,0.0,179,1920x1080,Firefox,hi-IN,-330,landscape,Chennai,4098.05,2025-01-18 21:12:09,287,0,normal
user_315,session_3153,Desktop,4,17,0,18,0.0,36,1440x900,Edge,hi-IN,-330,landscape,Bengaluru,8721.67,2025-02-05 13:58:58,189,0,normal
user_3,session_35,Mobile,12,6,8,23,0.22,245,390x844,Firefox,hi-IN,-330,landscape,Bengaluru,2564.76,2025-01-07 12:37:53,54,0,normal
user_401,session_4015,Desktop,8,11,0,14,0.0,275,1920x1080,Edge,en-IN,-330,landscape,Hyderabad,3751.53,2025-04-20 10:57:18,460,0,normal
user_77,session_776,Mobile,7,13,5,13,0.82,15,414x896,Chrome,en-IN,-330,landscape,Ahmedabad,1586.42,2025-01-22 23:05:06,34,0,normal
user_255,session_2557,Desktop,9,0,0,22,0.0,205,1920x1080,Safari,en-IN,-330,landscape,Mumbai,1502.11,2025-04-19 19:32:38,381,0,normal
user_147,session_1479,Mobile,8,11,5,11,0.86,252,390x844,Safari,en-IN,-330,landscape,Kolkata,2547.39,2025-01-06 14:06:40,67,0,normal
user_548,session_5487,Tablet,5,7,9,26,0.79,63,810x1080,Chrome,hi-IN,-330,landscape,Bengaluru,10662.96,2025-03-09 18:42:53,38,0,normal
user_136,session_1364,Desktop,10,8,0,22,0.0,107,1440x900,Safari,en-IN,-330,landscape,Pune,3930.13,2025-01-25 07:05:06,325,0,normal
user_261,session_2613,Mobile,9,3,4,22,0.74,254,414x896,Safari,en-US,-330,landscape,Ahmedabad,3230.44,2025-04-09 18:20:14,59,0,normal
user_282,session_2825,Desktop,9,12,0,19,0.0,118,1440x900,Chrome,en-IN,-330,landscape,Kolkata,8224.48,2025-03-11 07:28:49,278,0,normal
user_204,session_2042,Desktop,13,11,0,17,0.0,93,1366x768,Firefox,en-IN,-330,landscape,Hyderabad,3719.22,2025-03-07 10:41:37,450,0,normal
user_24,session_242,Desktop,5,11,0,10,0.0,193,1920x1080,Firefox,en-US,-330,landscape,Ahmedabad,3198.16,2025-05-04 19:43:06,233,0,normal
user_206,session_2062,Desktop,6,2,0,17,0.0,187,1920x1080,Chrome,en-US,-330,landscape,Kolkata,3702.84,2025-04-17 15:11:02,323,0,normal
user_236,session_2364,Desktop,2,2,0,15,0.0,103,1440x900,Safari,en-US,-330,landscape,Kolkata,7839.23,2025-02-04 20:05:47,528,0,normal
user_60,session_601,Mobile,0,4,2,12,0.4,83,360x640,Chrome,en-IN,-330,landscape,Mumbai,6400.3,2025-02-01 15:36:57,10,0,normal
user_243,session_2436,Mobile,3,1,2,20,0.91,103,390x844,Chrome,en-IN,-330,portrait,Bengaluru,8715.65,2025-03-20 12:01:13,47,0,normal
user_539,session_5394,Mobile,7,11,6,14,0.61,302,360x640,Chrome,en-IN,-330,landscape,Kolkata,1332.31,2025-05-21 13:37:24,50,0,normal
user_288,session_2889,Tablet,5,6,2,6,0.28,51,768x1024,Edge,hi-IN,-330,portrait,Kolkata,5734.62,2025-01-04 17:04:13,38,0,normal
user_64,session_647,Desktop,12,10,0,17,0.0,257,1366x768,Edge,en-IN,-330,landscape,Mumbai,133.31,2025-01-25 22:56:55,356,0,normal
user_389,session_3891,Mobile,5,9,3,11,0.38,176,390x844,Firefox,en-IN,-330,landscape,Kolkata,9073.89,2025-04-13 17:08:06,35,0,normal
user_355,session_3557,Mobile,1,10,10,14,0.0,66,414x896,Firefox,hi-IN,-330,landscape,Ahmedabad,2765.02,2025-04-02 17:25:28,34,0,normal
user_320,session_3203,Desktop,4,13,0,13,0.0,142,1440x900,Chrome,en-IN,-330,landscape,Chennai,3108.83,2025-02-07 11:44:22,367,0,normal
user_152,session_1529,Desktop,8,9,0,18,0.0,193,1920x1080,Edge,en-IN,-330,landscape,Mumbai,4481.89,2025-03-06 19:44:32,565,0,normal
user_126,session_1268,Desktop,6,11,0,18,0.0,239,1366x768,Chrome,en-IN,-330,landscape,Delhi,198.99,2025-03-11 07:02:01,312,0,normal
user_189,session_1900,Desktop,6,7,0,13,0.0,83,1440x900,Safari,en-IN,-330,landscape,Delhi,1230.08,2025-04-13 10:03:58,242,0,normal
user_465,session_4659,Mobile,11,11,5,16,0.6,77,390x844,Chrome,en-IN,-330,landscape,Bengaluru,5258.51,2025-01-26 13:45:11,35,0,normal
user_300,session_3006,Tablet,5,7,4,21,0.14,132,810x1080,Chrome,en-US,-330,portrait,Hyderabad,3369.31,2025-04-11 23:53:47,16,0,normal
user_273,session_2735,Desktop,9,6,0,11,0.0,59,1366x768,Edge,en-IN,-330,landscape,Hyderabad,808.92,2025-02-27 16:09:40,229,0,normal
user_18,session_190,Mobile,5,8,5,25,0.62,169,414x896,Safari,en-IN,-330,portrait,Delhi,2400.38,2025-02-12 17:24:27,35,0,normal
user_180,session_1807,Desktop,8,8,0,16,0.0,100,1440x900,Firefox,en-IN,-330,landscape,Bengaluru,2482.25,2025-01-03 19:37:37,303,0,normal
user_97,session_976,Mobile,5,1,5,17,0.28,53,390x844,Chrome,en-IN,-330,portrait,Mumbai,4455.35,2025-04-07 20:08:19,42,0,normal
user_274,session_2748,Mobile,6,5,7,23,1.22,193,390x844,Safari,en-IN,-330,landscape,Pune,6719.15,2025-04-04 12:09:15,16,0,normal
user_204,session_2048,Desktop,5,1,0,10,0.0,84,1366x768,Firefox,en-IN,-330,landscape,Hyderabad,4540.34,2025-02-20 12:40:28,345,0,normal
user_255,session_2559,Desktop,7,6,0,13,0.0,274,1920x1080,Safari,en-IN,-330,landscape,Mumbai,2129.31,2025-02-01 16:01:43,401,0,normal
user_108,session_1083,Desktop,7,11,0,25,0.0,111,1440x900,Edge,en-IN,-330,landscape,Mumbai,3216.61,2025-01-20 16:11:29,223,0,normal
user_47,session_475,Desktop,4,11,0,21,0.0,49,1366x768,Firefox,en-IN,-330,landscape,Hyderabad,3266.57,2025-01-21 09:28:05,428,0,normal
user_290,session_2905,Desktop,4,11,0,15,0.0,45,1440x900,Chrome,en-IN,-330,landscape,Kolkata,4248.33,2025-04-30 22:24:56,288,0,normal
user_484,session_4844,Mobile,6,7,0,10,0.07,81,360x640,Firefox,en-US,-330,landscape,Bengaluru,3191.01,2025-01-08 12:38:41,25,0,normal
user_411,session_4118,Desktop,7,6,0,0,0.0,129,1440x900,Safari,en-IN,-330,landscape,Chennai,8848.82,2025-04-08 14:41:53,357,0,normal
user_338,session_3386,Desktop,10,13,0,21,0.0,71,1920x1080,Safari,en-IN,-330,landscape,Chennai,1018.24,2025-03-06 10:40:42,357,0,normal
user_455,session_4556,Desktop,1,3,0,11,0.0,230,1920x1080,Firefox,en-US,-330,landscape,Ahmedabad,5528.27,2025-02-11 12:53:57,0,0,normal
user_118,session_1185,Desktop,3,10,0,22,0.0,83,1920x1080,Chrome,en-IN,-330,landscape,Chennai,9273.35,2025-05-26 08:28:25,413,0,normal
user_505,session_5052,Desktop,4,7,0,13,0.0,211,1920x1080,Chrome,en-IN,-330,landscape,Delhi,478.57,2025-01-08 07:53:27,233,0,normal
user_531,session_5312,Desktop,4,12,0,10,0.0,165,1366x768,Chrome,hi-IN,-330,landscape,Mumbai,11050.52,2025-05-28 17:14:09,281,0,normal
user_243,session_2434,Mobile,6,8,9,16,0.66,110,390x844,Chrome,en-IN,-330,landscape,Bengaluru,12913.64,2025-05-11 12:58:57,28,0,normal
user_561,session_5612,Desktop,8,9,0,14,0.0,122,1366x768,Safari,en-US,-330,landscape,Delhi,2429.32,2025-05-10 17:49:21,296,0,normal
user_239,session_2392,Desktop,9,8,0,19,0.0,94,1920x1080,Firefox,hi-IN,-330,landscape,Pune,7389.08,2025-05-04 11:43:52,179,0,normal
user_76,session_770,Mobile,4,6,5,5,0.48,238,414x896,Firefox,en-IN,-330,portrait,Kolkata,5643.75,2025-04-05 19:27:52,17,0,normal
user_168,session_1686,Desktop,3,11,0,10,0.0,101,1920x1080,Safari,en-IN,-330,landscape,Bengaluru,6270.51,2025-05-16 12:57:20,215,0,normal
user_13,session_131,Desktop,7,5,0,2,0.0,61,1920x1080,Edge,en-IN,-330,landscape,Hyderabad,1159.28,2025-03-07 20:17:19,314,0,normal
user_291,session_2920,Mobile,5,8,3,13,0.55,54,360x640,Chrome,en-IN,-330,landscape,Mumbai,2345.5,2025-02-13 11:21:35,46,0,normal
user_317,session_3172,Desktop,6,4,0,15,0.0,182,1920x1080,Edge,en-IN,-330,landscape,Kolkata,6042.22,2025-05-19 12:43:37,206,0,normal
user_344,session_3445,Desktop,7,7,0,7,0.0,246,1366x768,Safari,en-IN,-330,landscape,Pune,2231.4,2025-04-01 17:48:07,124,0,normal
user_557,session_5579,Desktop,3,12,0,0,0.0,174,1366x768,Firefox,en-US,-330,landscape,Chennai,6640.41,2025-05-11 12:49:06,500,0,normal
user_442,session_4427,Desktop,5,13,0,11,0.0,103,1366x768,Chrome,en-IN,-330,landscape,Mumbai,160.83,2025-02-19 10:36:06,313,0,normal
user_533,session_5335,Mobile,5,9,4,19,0.6,90,360x640,Chrome,en-IN,-330,landscape,Kolkata,2454.8,2025-02-22 12:38:58,76,0,normal
user_46,session_467,Mobile,6,12,4,9,0.62,199,414x896,Edge,en-IN,-330,landscape,Pune,5264.89,2025-02-26 13:38:22,68,0,normal
user_573,session_5735,Mobile,4,12,1,19,0.18,226,414x896,Edge,en-IN,-330,landscape,Ahmedabad,10435.6,2025-05-17 16:58:09,53,0,normal
user_309,session_3093,Mobile,5,10,3,13,0.26,98,360x640,Chrome,en-IN,-330,portrait,Mumbai,4065.87,2025-04-04 13:14:56,59,0,normal
user_377,session_3773,Mobile,2,3,10,9,1.15,222,414x896,Chrome,en-US,-330,portrait,Hyderabad,5290.85,2025-03-10 19:58:31,59,0,normal
user_519,session_5192,Desktop,5,8,0,16,0.0,111,1366x768,Firefox,en-IN,-330,landscape,Chennai,4336.13,2025-05-11 16:51:25,619,0,normal
user_522,session_5227,Desktop,3,0,0,0,0.0,80,1920x1080,Firefox,hi-IN,-330,landscape,Pune,3808.33,2025-02-21 11:31:04,192,0,normal
user_539,session_5391,Mobile,4,17,2,20,0.2,125,360x640,Chrome,en-IN,-330,portrait,Kolkata,1919.69,2025-03-26 16:46:13,26,0,normal
user_86,session_861,Desktop,4,17,0,14,0.0,179,1920x1080,Chrome,en-IN,-330,landscape,Pune,3557.68,2025-05-28 19:03:52,184,0,normal
